"id","ticket_no","source_system","inspection_log_id","asset_id","asset_name","usage_mileage","reporter_id","issue_summary","driver_note","images_json","status","billing_status","billed_by","billed_at","is_stock_deducted","repair_type","vendor_name","vendor_id","po_number","repair_cost","mechanic_id","repair_note","started_at","completed_at","created_at","updated_at"
1,REP-2603-3472,TRUCK,7,57,[220] 3ฒน-313,234515,36,กรวยจราจร (ถ้ามี),ไม่มีกรวยจราจรคับ,[],CANCELLED,UNBILLED,,,0,EXTERNAL,"",,"",0.00,64,ทางเซพตี้แจ้ง 4W ไม่ต้องมีกรวยจราจร,,,"2026-03-05 07:13:57","2026-03-10 02:26:15"
2,REP-2603-1243,TRUCK,19,3,[107] 70-2582,57030,46,ที่ครอบไฟและหลอดไฟภายในตู้ (สมบูรณ์ ไม่แตกร้าว),"",[],COMPLETED,UNBILLED,,,0,EXTERNAL,"",,"",0.00,67,"ติดต่อเสนอราคา

ดำเนินการซ่อมเสร็จแล้ว",,"2026-03-23 09:24:02","2026-03-05 08:18:25","2026-03-23 09:24:02"
3,REP-2603-9370,TRUCK,23,18,[N19] 70-7296,603276,28,รอยรั่วซึมตามจุดต่างๆ (ไม่มีจุดรั่ว),"",[],CANCELLED,UNBILLED,,,0,EXTERNAL,"",,"",0.00,67,"ติดต่อ อู่ภายนอก

ตรวจเช็คแล้ว ปกติ",,,"2026-03-05 08:31:53","2026-03-23 09:26:18"
4,REP-2603-7973,TRUCK,24,51,[214] 2ฒง-6932,450570,21,กรวยจราจร (ถ้ามี),"","[""uploads\/inspections\/2026\/03\/1772675074_582.jpg""]",CANCELLED,UNBILLED,,,0,EXTERNAL,"",,"",0.00,64,ทางเซพตี้แจ้ง 4W ไม่ต้องมีกรวยจราจร,,,"2026-03-05 08:44:34","2026-03-10 02:26:34"
5,REP-2603-3798,TRUCK,25,58,[221] 3ฒน-304,240072,49,กรวยจราจร (ถ้ามี),"","[""uploads\/inspections\/2026\/03\/1772675426_239.jpg""]",CANCELLED,UNBILLED,,,0,EXTERNAL,"",,"",0.00,64,ทางเซพตี้แจ้ง 4W ไม่ต้องมีกรวยจราจร,,,"2026-03-05 08:50:26","2026-03-10 02:27:05"
6,REP-2603-4620,TRUCK,26,50,[209] 1ฒภ-306,509600,31,"กรวยจราจร (ถ้ามี), ถังดับเพลิง (ถ้ามี)","","[""uploads\/inspections\/2026\/03\/1772675998_813.jpg""]",CANCELLED,UNBILLED,,,0,EXTERNAL,"",,"",0.00,67,"ผรม.เสนอราคา

4W ไม่ต้องมีกรวย",,,"2026-03-05 08:59:58","2026-03-23 09:17:15"
7,REP-2603-6026,TRUCK,29,30,[N31] 71-0900,154369,39,ไฟสูง-ต่ำ/ไฟท้าย/ไฟเบรก/ไฟเลี้ยว/ไฟถอย (ติดครบทุกดวง),"","[""uploads\/inspections\/2026\/03\/1772677967_755.jpeg"",""uploads\/inspections\/2026\/03\/1772677967_472.jpeg"",""uploads\/inspections\/2026\/03\/1772677967_602.jpeg""]",COMPLETED,UNBILLED,,,0,EXTERNAL,"",,"",0.00,163,ติดต่ออู่ภายนอก ตรวจเชค,,"2026-07-20 02:42:51","2026-03-05 09:32:47","2026-07-20 02:42:51"
8,FL-260305-1114-28,FORKLIFT,,38,TOYOTA  (SN: MTR62301),8714,35,"พบปัญหา:
ระบบสัญญาณแตร",,,COMPLETED,UNBILLED,,,0,INTERNAL,"",,"",0.00,69,"",,"2026-03-05 10:10:52","2026-03-05 11:14:03","2026-03-05 10:10:52"
9,REP-2603-0704,TRUCK,38,50,[209] 1ฒภ-306,509622,31,"กรวยจราจร (ถ้ามี), ถังดับเพลิง (ถ้ามี)","","[""uploads\/inspections\/2026\/03\/1772747223_307.jpg"",""uploads\/inspections\/2026\/03\/1772747223_737.jpg""]",CANCELLED,UNBILLED,,,0,EXTERNAL,"",,"",0.00,67,"ดำเนินการขอซื้อ กรวยจราจรและถังดับเพลิงให้ครบ

ไม่ต้องมีกรวย",,,"2026-03-06 04:47:03","2026-03-23 09:27:18"
10,REP-2603-2413,TRUCK,39,58,[221] 3ฒน-304,240099,49,กรวยจราจร (ถ้ามี),"","[""uploads\/inspections\/2026\/03\/1772747545_107.jpg"",""uploads\/inspections\/2026\/03\/1772747545_873.jpg""]",CANCELLED,UNBILLED,,,0,EXTERNAL,"",,"",0.00,64,ทางเซพตี้แจ้ง 4W ไม่ต้องมีกรวยจราจร,,,"2026-03-06 04:52:26","2026-03-10 02:26:53"
11,REP-2603-0140,TRUCK,51,29,[N30] 71-0622,177314,53,กรวยจราจร (สมบูรณ์ ไม่แตกร้าว),"","[""uploads\/inspections\/2026\/03\/1772759161_869.jpg""]",WAITING_PARTS,UNBILLED,,,0,EXTERNAL,"",,"",0.00,66,ดำเนินการขอซื้อกรวยจราจรให้ครบ,,,"2026-03-06 08:06:01","2026-03-09 09:15:46"
12,FL-260306-0821-90,FORKLIFT,,15,TOYOTA 8FB25  (SN: MTR62221),18485,30,"พบปัญหา:
กระบอกยกเสากลาง และ ข้าง",,,COMPLETED,UNBILLED,,,0,INTERNAL,"",,"",0.00,71,"",,"2026-03-09 07:35:13","2026-03-06 08:21:35","2026-03-09 07:35:13"
13,FL-260306-0825-67,FORKLIFT,,16,TOYOTA 8FB25 (SN: MTR62222),16948,33,"พบปัญหา:
แจ้งซ่อมฉุกเฉิน / ระหว่างวัน",,,COMPLETED,UNBILLED,,,0,INTERNAL,"",,"",0.00,69,"",,"2026-03-06 05:55:16","2026-03-06 08:25:19","2026-03-06 05:55:16"
14,REP-2603-4827,TRUCK,57,30,[N31] 71-0900,154653,39,ไฟสูง-ต่ำ/ไฟท้าย/ไฟเบรก/ไฟเลี้ยว/ไฟถอย (ติดครบทุกดวง),"","[""uploads\/inspections\/2026\/03\/1772762351_346.jpeg""]",WAITING_PARTS,UNBILLED,,,0,EXTERNAL,"",,"",0.00,66,ติดต่อ อู่ภายนอก ให้แก้ไขหลอดไฟ ที่ชำรุด,,,"2026-03-06 08:59:11","2026-03-09 09:16:22"
15,REP-2603-3494,TRUCK,76,6,[110] 70-2878,308205,28,"ฝาครอบสวิตช์ไฟส่องสว่าง/สัญญาณเตือนในตู้ (สมบูรณ์ ไม่แตกร้าว), ฝาครอบแอร์ 1 อัน (สมบูรณ์ ไม่แตกร้าว)","",[],COMPLETED,UNBILLED,,,0,EXTERNAL,"",,"",0.00,67,"ติดต่อ อู่ภายนอก ฝาครอบสวิทซ์ไฟและ ฝาครอบแอร์ ให้มีสภาพสบูรณ์

ซ่อมเสร็จแล้ว",,"2026-03-23 09:26:59","2026-03-07 09:58:47","2026-03-23 09:26:59"
16,FL-260307-1021-46,FORKLIFT,,20,TOYOTA TT8FBRE20/6.3M (SN: MTR63004),13475,25,"พบปัญหา:
สภาพสายไฮดรอลิค",,,COMPLETED,UNBILLED,,,0,INTERNAL,"",,"",0.00,71,"",,"2026-03-09 07:34:33","2026-03-07 10:21:56","2026-03-09 07:34:33"
17,REP-2603-6217,TRUCK,94,3,[107] 70-2582,57164,46,ที่ครอบไฟและหลอดไฟภายในตู้ (สมบูรณ์ ไม่แตกร้าว),"",[],COMPLETED,UNBILLED,,,0,EXTERNAL,อู่ศักดิ์ชัย,,"",0.00,67,"ติดต่ออู่ภายนอก เพื่อเปลี่ยนหลอดไฟ ให้มีสภาพสมบูรณ์

ซ่อมเสร็จแล้ว",,"2026-03-23 09:27:44","2026-03-09 08:09:02","2026-03-23 09:27:44"
18,FL-260309-0814-87,FORKLIFT,,42,BT RRE200 (SN: MTR64022),8765,28,"พบปัญหา:
แบตเตอรี่หลังจากนำลงไปชาร์จ (ถอดแบตออกไม่ได้)",,,COMPLETED,UNBILLED,,,0,INTERNAL,"",,"",0.00,71,"",,"2026-03-09 07:34:07","2026-03-09 08:14:17","2026-03-09 07:34:07"
19,FL-260309-0830-60,FORKLIFT,,20,TOYOTA TT8FBRE20/6.3M (SN: MTR63004),13482,25,"พบปัญหา:
สภาพสายไฮดรอลิค
ระบบไฟสัญญาณ + แตร",,,COMPLETED,UNBILLED,,,0,INTERNAL,"",,"",0.00,71,"",,"2026-03-09 07:33:46","2026-03-09 08:30:04","2026-03-09 07:33:46"
20,FL-260309-1020-25,FORKLIFT,,9,TOYOTA 8FBR18 (SN: URS5920),4603,38,"พบปัญหา:
กระบอกงา (ระบบสายไฮโดริกใช้งานไม่ได้)",,,COMPLETED,UNBILLED,,,0,INTERNAL,"",,"",0.00,71,"",,"2026-03-10 13:06:56","2026-03-09 10:20:26","2026-03-10 13:06:56"
21,FL-260310-0812-73,FORKLIFT,,15,TOYOTA 8FB25  (SN: MTR62221),18511,30,"พบปัญหา:
สภาพสายไฮดรอลิค",,,COMPLETED,UNBILLED,,,0,INTERNAL,"",,"",0.00,71,"",,"2026-03-10 03:13:28","2026-03-10 08:12:51","2026-03-10 03:13:28"
22,FL-260310-0818-49,FORKLIFT,,7,TOYOTA 8FBR18 S/N 10754 (SN: MTR6010),22553,19,"พบปัญหา:
สภาพสายไฮดรอลิค (ไฮโดริกน้ำมันรั่ว)",,,COMPLETED,UNBILLED,,,0,INTERNAL,"",,"",0.00,71,"",,"2026-03-10 13:05:28","2026-03-10 08:18:04","2026-03-10 13:05:28"
23,FL-260310-0834-57,FORKLIFT,,8,TOYOTA 8FBR18 (SN: MTR62163),14107,20,"พบปัญหา:
ระบบไฟสัญญาณ + แตร (ไฟหน้าไม่ติดครับ)",,,COMPLETED,UNBILLED,,,0,INTERNAL,"",,"",0.00,71,"",,"2026-03-11 10:41:43","2026-03-10 08:34:47","2026-03-11 10:41:43"
24,REP-2603-0067,TRUCK,123,50,[209] 1ฒภ-306,510700,49,กรวยจราจร (ถ้ามี),"","[""uploads\/inspections\/2026\/03\/1773118084_138.jpg"",""uploads\/inspections\/2026\/03\/1773118084_929.jpg""]",CANCELLED,UNBILLED,,,0,INTERNAL,"",,"",0.00,64,"4W ไม่ต้องมีกรวยจราจร",,,"2026-03-10 11:48:04","2026-03-10 11:17:35"
25,REP-2603-6833,TRUCK,131,6,[110] 70-2878,308409,28,"ฝาครอบสวิตช์ไฟส่องสว่าง/สัญญาณเตือนในตู้ (สมบูรณ์ ไม่แตกร้าว), ฝาครอบแอร์ 1 อัน (สมบูรณ์ ไม่แตกร้าว)","",[],COMPLETED,UNBILLED,,,0,EXTERNAL,"",,"",0.00,67,"แจ้งซื้อฝาครอบสวิตช์ไฟส่องสว่าง

ซ่อมเสร็จแล้ว",,"2026-03-23 09:28:06","2026-03-10 12:03:55","2026-03-23 09:28:06"
26,REP-2603-2360,TRUCK,133,61,[224] 4ฒข8857,84482,31,กรวยจราจร (ถ้ามี),"","[""uploads\/inspections\/2026\/03\/1773119481_985.jpg""]",CANCELLED,UNBILLED,,,0,INTERNAL,"",,"",0.00,64,"4W ไม่ต้องมีกรวยจราจร",,,"2026-03-10 12:11:21","2026-03-10 11:17:25"
27,REP-2603-4199,TRUCK,134,59,[222] 3ฒน-305,259741,21,กรวยจราจร (ถ้ามี),"","[""uploads\/inspections\/2026\/03\/1773120262_878.jpg""]",CANCELLED,UNBILLED,,,0,INTERNAL,"",,"",0.00,64,"4W ไม่ต้องมีกรวยจราจร",,,"2026-03-10 12:24:22","2026-03-10 11:17:12"
28,REP-2603-6609,TRUCK,136,7,[111] 70-2906,56687,2,"ระดับน้ำกลั่น (ระดับปกติ), ระดับน้ำมันเครื่องแอร์ (ไม่ต่ำกว่าขีดล่าง)",เติมแล้ว,[],COMPLETED,UNBILLED,,,0,EXTERNAL,"",,"",0.00,67,"แจ้งอู่ ตรวจสอบ ปริมาณน้ำยาแอร์ 

พขร.ดำเนินการเติมเรียบร้อย",,"2026-03-23 09:14:21","2026-03-10 12:38:56","2026-03-23 09:14:21"
29,REP-2603-4085,TRUCK,153,50,[209] 1ฒภ-306,510959,49,กรวยจราจร (ถ้ามี),"","[""uploads\/inspections\/2026\/03\/1773189489_467.jpg"",""uploads\/inspections\/2026\/03\/1773189489_223.jpg""]",CANCELLED,UNBILLED,,,0,EXTERNAL,"",,"",0.00,67,"แจ้งซื้อกรวยจราจร

ไม่ต้องมีกรวย",,,"2026-03-11 07:38:09","2026-03-23 09:28:20"
30,REP-2603-9113,TRUCK,156,61,[224] 4ฒข8857,84550,31,"ความลึกของดอกยาง (มากกว่าสะพานยาง), กรวยจราจร (ถ้ามี)",ยางหน้ามีกินยางทั้งสองข้างไม่เท่ากันกินเป็นร่องลึกคล้ายอาการยางบวมครับ,"[""uploads\/inspections\/2026\/03\/1773190013_258.jpg"",""uploads\/inspections\/2026\/03\/1773190013_880.jpg"",""uploads\/inspections\/2026\/03\/1773190013_404.jpg"",""uploads\/inspections\/2026\/03\/1773190013_118.jpg""]",COMPLETED,UNBILLED,,,0,EXTERNAL,"",,"",0.00,67,"แจ้งซื้อกรวยจราจร และให้อู่ตรวจสภาพยาง

เปลี่ยนยางแล้ววันที่ 12/03 ส่วนกรวยไม่ต้องมี",,"2026-03-23 09:29:20","2026-03-11 07:46:53","2026-03-23 09:29:20"
31,FL-260311-0819-53,FORKLIFT,,42,BT RRE200 (SN: MTR64022),8775,28,"พบปัญหา:
ระดับน้ำมันไฮดรอลิค",,,COMPLETED,UNBILLED,,,0,INTERNAL,"",,"",0.00,71,"",,"2026-03-11 10:40:54","2026-03-11 08:19:06","2026-03-11 10:40:54"
32,REP-2603-7521,TRUCK,160,29,[N30] 71-0622,178253,53,กรวยจราจร (สมบูรณ์ ไม่แตกร้าว),"",[],WAITING_PARTS,UNBILLED,,,0,EXTERNAL,"",,"",0.00,66,แจ้งซื้อกรวยจราจร,,,"2026-03-11 08:19:17","2026-03-16 04:40:47"
33,FL-260311-0927-38,FORKLIFT,,24,TOYOTA TT8FBRE20/6.3M (SN: MTR63008),123456,12,"พบปัญหา:
เครื่องมือ/อุปกรณ์ (ระบบใช้งานไม่ได้)",,,COMPLETED,UNBILLED,,,0,INTERNAL,"",,"",0.00,71,"",,"2026-03-13 07:37:49","2026-03-11 09:27:40","2026-03-13 07:37:49"
34,FL-260311-0932-84,FORKLIFT,,45,TOYOTA 7FBR1.8 (SN: MTR6083),123456,12,"พบปัญหา:
เครื่องมือ/อุปกรณ์ (งา หลุด กระบอก ค่ำหงาย. แปปเล็กตัวกระดกงา)",,,CANCELLED,UNBILLED,,,0,INTERNAL,"",,"",0.00,93,"",,,"2026-03-11 09:32:31","2026-05-13 03:09:12"
35,REP-2603-1123,TRUCK,173,6,[110] 70-2878,308662,28,"ฝาครอบสวิตช์ไฟส่องสว่าง/สัญญาณเตือนในตู้ (สมบูรณ์ ไม่แตกร้าว), ฝาครอบแอร์ 1 อัน (สมบูรณ์ ไม่แตกร้าว)","",[],COMPLETED,UNBILLED,,,0,EXTERNAL,"",,"",0.00,67,"แจ้งอู่เปลี่ยน ฝาครอบสวิตช์ไฟส่องสว่างและตรวจสอบสัญญาณเตือนในตู้

ซ่อมเสร็จแล้ว",,"2026-03-23 09:31:03","2026-03-11 11:46:19","2026-03-23 09:31:03"
36,REP-2603-9201,TRUCK,174,23,[N24] 70-8779,427767,13,กล่องแสดงอุณหภูมิ (ทำงานแสดงผล),"","[""uploads\/inspections\/2026\/03\/1773205073_173.jpg""]",COMPLETED,UNBILLED,,,0,EXTERNAL,"",,"",0.00,67,"แจ้ง ผรม. ตรวจสอบระบบแสดงอุณหภูมิ

ซ่อมเสร็จแล้ว",,"2026-03-23 09:17:39","2026-03-11 11:57:53","2026-03-23 09:17:39"
37,REP-2603-7862,TRUCK,175,26,[N27] 71-0078,2200113,6,ที่ครอบไฟและหลอดไฟภายในตู้ (สมบูรณ์ ไม่แตกร้าว),"ไฟในตู้ขาด 
กล้องหลังสายขาด",[],WAITING_PARTS,UNBILLED,,,0,EXTERNAL,"",,"",0.00,66,แจ้งอู่เปลี่ยน ที่ครอบไฟและหลอดไฟภายในตู้ ,,,"2026-03-11 12:09:01","2026-03-16 04:38:32"
38,REP-2603-9839,TRUCK,177,15,[N16] 70-6993,589220,20,ไฟสูง-ต่ำ/ไฟท้าย/ไฟเบรก/ไฟเลี้ยว/ไฟถอย (ติดครบทุกดวง),ไฟเบรคไม่ติดถอดดูหัวไฟแล้วก็ไม่ขาดฟิวส์ก็ไม่ขาดไม่แน่ใจเป็นที่ดีเลย์หรือเปล่า,[],WAITING_PARTS,UNBILLED,,,0,EXTERNAL,"",,"",0.00,66,แจ้งอู่ตรวจสอบ ระบบ ไฟสูง-ต่ำ/ไฟท้าย/ไฟเบรก/ไฟเลี้ยว/ไฟถอย,,,"2026-03-11 18:56:30","2026-03-16 04:37:59"
39,REP-2603-1781,TRUCK,184,50,[209] 1ฒภ-306,511151,49,กรวยจราจร (ถ้ามี),"","[""uploads\/inspections\/2026\/03\/1773266036_891.jpg"",""uploads\/inspections\/2026\/03\/1773266036_387.jpg""]",CANCELLED,UNBILLED,,,0,EXTERNAL,"",,"",0.00,67,"แจ้งซื้อกรวยจราจร

ไม่ต้องมีกรวยจราจร",,,"2026-03-12 04:53:56","2026-03-23 09:05:56"
40,REP-2603-6648,TRUCK,186,59,[222] 3ฒน-305,260153,21,"ความสะอาดภายนอกตัวรถ, กรวยจราจร (ถ้ามี)","","[""uploads\/inspections\/2026\/03\/1773266446_302.jpg"",""uploads\/inspections\/2026\/03\/1773266446_845.jpg"",""uploads\/inspections\/2026\/03\/1773266446_226.jpg""]",WAITING_PARTS,UNBILLED,,,0,EXTERNAL,"",,"",0.00,66,แจ้งซื้อกรวยจราจร,,,"2026-03-12 05:00:47","2026-03-16 04:37:13"
41,FL-260312-0819-34,FORKLIFT,,19,TOYOTA TT8FBRE20/8.5M รถสำรอง (SN: MTR63003),7859,46,"พบปัญหา:
สภาพสายไฮดรอลิค
ระดับน้ำมันไฮดรอลิค",,,COMPLETED,UNBILLED,,,0,INTERNAL,"",,"",0.00,71,"",,"2026-03-12 09:28:35","2026-03-12 08:19:34","2026-03-12 09:28:35"
42,REP-2603-2853,TRUCK,203,61,[224] 4ฒข8857,84790,31,"ความลึกของดอกยาง (มากกว่าสะพานยาง), กรวยจราจร (ถ้ามี)","","[""uploads\/inspections\/2026\/03\/1773279684_523.jpg""]",WAITING_PARTS,UNBILLED,,,0,EXTERNAL,"",,"",0.00,66,แจ้งอู่ภายนอกตรวจสอบสภาพยางและแจ้งซื้อกรวยจราจร,,,"2026-03-12 08:41:24","2026-03-16 04:36:54"
43,REP-2603-3144,TRUCK,204,23,[N24] 70-8779,427841,13,กล่องแสดงอุณหภูมิ (ทำงานแสดงผล),"","[""uploads\/inspections\/2026\/03\/1773279969_719.jpg"",""uploads\/inspections\/2026\/03\/1773279969_685.jpg""]",COMPLETED,UNBILLED,,,0,EXTERNAL,"",,"",0.00,67,"แจ้งอู่ภายนอก

ดำเนินการทำ วันที่16/03",,"2026-03-23 09:15:53","2026-03-12 08:46:09","2026-03-23 09:15:53"
44,REP-2603-1019,TRUCK,208,26,[N27] 71-0078,220424,6,ที่ครอบไฟและหลอดไฟภายในตู้ (สมบูรณ์ ไม่แตกร้าว),ไฟในตู้ขาดสายไฟกล้องหลังขาด,"[""uploads\/inspections\/2026\/03\/1773289374_702.jpg"",""uploads\/inspections\/2026\/03\/1773289374_991.jpg""]",WAITING_PARTS,UNBILLED,,,0,EXTERNAL,"",,"",0.00,66,แจ้งอู่เปลี่ยน ที่ครอบไฟและหลอดไฟ,,,"2026-03-12 11:22:54","2026-03-16 04:18:44"
45,REP-2603-0374,TRUCK,214,59,[222] 3ฒน-305,260356,21,"ความสะอาดภายนอกตัวรถ, กรวยจราจร (ถ้ามี)","","[""uploads\/inspections\/2026\/03\/1773352008_968.jpg""]",WAITING_PARTS,UNBILLED,,,0,EXTERNAL,"",,"",0.00,66,แจ้งซื้อกรวยจราจร,,,"2026-03-13 04:46:48","2026-03-16 04:16:17"
46,REP-2603-3894,TRUCK,215,50,[209] 1ฒภ-306,511288,49,กรวยจราจร (ถ้ามี),"","[""uploads\/inspections\/2026\/03\/1773352358_967.jpg"",""uploads\/inspections\/2026\/03\/1773352358_828.jpg""]",CANCELLED,UNBILLED,,,0,EXTERNAL,"",,"",0.00,67,"แจ้งซื้อกรวยจราจร

ไม่ต้องมีกรวยจราจร",,,"2026-03-13 04:52:38","2026-03-23 09:03:16"
47,FL-260313-0832-29,FORKLIFT,,42,BT RRE200 (SN: MTR64022),2600,12,"พบปัญหา:
เครื่องมือ/อุปกรณ์ (งายกไม่ขึ้นครับ)",,,COMPLETED,UNBILLED,,,0,INTERNAL,"",,"",0.00,71,"",,"2026-03-13 04:12:13","2026-03-13 08:32:23","2026-03-13 04:12:13"
48,FL-260313-0833-65,FORKLIFT,,40,TOYOTA 8FBRE20 (SN: MTR63006),9206,28,"พบปัญหา:
ระบบสัญญาณแตร (เสียงสัญญาณเดินหน้าถอยหลังไม่ดัง)",,,COMPLETED,UNBILLED,,,0,INTERNAL,"",,"",0.00,71,"",,"2026-03-13 04:11:53","2026-03-13 08:33:11","2026-03-13 04:11:53"
49,REP-2603-2344,TRUCK,239,61,[224] 4ฒข8857,84952,31,กรวยจราจร (ถ้ามี),"","[""uploads\/inspections\/2026\/03\/1773371087_465.jpg""]",CANCELLED,UNBILLED,,,0,EXTERNAL,"",,"",0.00,67,"แจ้งซื้อกรวยจราจร

ไม่ต้องมีกรวยจราจร",,,"2026-03-13 10:04:47","2026-03-23 09:16:17"
50,REP-2603-3433,TRUCK,240,15,[N16] 70-6993,589520,20,ไฟสูง-ต่ำ/ไฟท้าย/ไฟเบรก/ไฟเลี้ยว/ไฟถอย (ติดครบทุกดวง),"ตัวเบรคที่แป้นขาวเบรคสวิตซ์มันค้างทำให้ไฟเบรคค้างบางครั้งก็ไม่ติด
แต่ตัวดีเลย์เปลี่ยนมาแล้วเมื่อวาน","[""uploads\/inspections\/2026\/03\/1773371722_820.jpg""]",WAITING_PARTS,UNBILLED,,,0,EXTERNAL,"",,"",0.00,66,แจ้งอู่ตรวจสอบ ระบบ ไฟสูง-ต่ำ/ไฟท้าย/ไฟเบรก/ไฟเลี้ยว/ไฟถอย,,,"2026-03-13 10:15:22","2026-03-16 04:17:46"
51,REP-2603-0100,TRUCK,256,50,[209] 1ฒภ-306,511544,49,กรวยจราจร (ถ้ามี),"","[""uploads\/inspections\/2026\/03\/1773436319_468.jpg"",""uploads\/inspections\/2026\/03\/1773436319_720.jpg""]",CANCELLED,UNBILLED,,,0,EXTERNAL,"",,"",0.00,67,"แจ้งซื้อกรวยจราจร

ไม่ต้องมีกรวยจราจร",,,"2026-03-14 04:11:59","2026-03-23 09:02:35"
52,REP-2603-2091,TRUCK,262,61,[224] 4ฒข8857,85081,31,กรวยจราจร (ถ้ามี),"","[""uploads\/inspections\/2026\/03\/1773443268_541.jpg"",""uploads\/inspections\/2026\/03\/1773443268_452.jpg""]",CANCELLED,UNBILLED,,,0,EXTERNAL,"",,"",0.00,67,"แจ้งซื้อกรวยจราจร

ไม่ต้องมี",,,"2026-03-14 06:07:48","2026-03-23 09:05:20"
53,FL-260314-0819-86,FORKLIFT,,42,BT RRE200 (SN: MTR64022),8789,28,"พบปัญหา:
เครื่องมือ/อุปกรณ์ (เบาะที่นั่งแตกชำรุด)",,"[""uploads\/69b4b7a6af7e8_1773451174.jpg""]",COMPLETED,UNBILLED,,,0,EXTERNAL,"",,"",0.00,71,แจ้งเปลี่ยนเบาะ,,"2026-03-16 10:32:18","2026-03-14 08:19:29","2026-03-16 10:32:18"
54,FL-260314-0827-94,FORKLIFT,,20,TOYOTA TT8FBRE20/6.3M (SN: MTR63004),13519,25,"พบปัญหา:
ระบบไฟสัญญาณ + แตร",,,COMPLETED,UNBILLED,,,0,EXTERNAL,"",,"",0.00,71,แจ้งอู่ภายนอกตรวจสอบสัญญาณแตร,,"2026-03-16 10:32:01","2026-03-14 08:27:18","2026-03-16 10:32:01"
55,BM-260314-6888,TRUCK,,34,[N35] 71-1426,99807,50,แจ้งซ่อมด่วน: แบตเตอรี่เก็บไฟไม่อยู่,,"[""uploads\/quick_repairs\/2026\/03\/1773457827_167.jpg""]",WAITING_PARTS,UNBILLED,,,0,EXTERNAL,"",,"",0.00,66,แจ้งอู่ภายนอกตรวจสอบแบตเตอรี่,,,"2026-03-14 10:10:27","2026-03-16 04:15:28"
56,REP-2603-5240,TRUCK,278,25,[N26] 71-0077,243667,20,รอยรั่วซึมตามจุดต่างๆ (ไม่มีจุดรั่ว),"มีคราบเหมือนซีลจารบีจะรั่วฝั่งล้อหน้าคนขับและล้อหลังฝั่งคนขับด้านหลัง
และเบาะฝั่งคนขับขาด","[""uploads\/inspections\/2026\/03\/1773474409_868.jpg"",""uploads\/inspections\/2026\/03\/1773474409_673.jpg"",""uploads\/inspections\/2026\/03\/1773474410_964.jpg""]",WAITING_PARTS,UNBILLED,,,0,EXTERNAL,"",,"",0.00,66,แจ้งอู่ภายนอกตรวจสอบการรั่วซึม,,,"2026-03-14 14:46:50","2026-03-16 04:15:04"
57,REP-2603-6973,TRUCK,279,59,[222] 3ฒน-305,260808,21,"ความสะอาดภายนอกตัวรถ, กรวยจราจร (ถ้ามี)","","[""uploads\/inspections\/2026\/03\/1773477299_470.jpg""]",CANCELLED,UNBILLED,,,0,EXTERNAL,"",,"",0.00,67,"แจ้งซื้อกรวยจราจร

ไม่ต้องมีกรวย",,,"2026-03-14 15:34:59","2026-03-23 09:13:03"
58,BM-260314-4533,TRUCK,,14,[C4] 70-5575,806602,45,"แจ้งซ่อมด่วน: 1) ถึงรอบเช็คระยะเครื่องยนต์
2) ถึงรอบเช็คระยะแอร์ฟรีส
3) มอเตอร์แอร์ฟรีสเสีย ไม่สามารถปลั๊กตู้ได้
4) น้ำรั่วเข้าห้องโดยสาร เวลาฝนตก",,"[""uploads\/quick_repairs\/2026\/03\/1773483814_161.jpg"",""uploads\/quick_repairs\/2026\/03\/1773483814_370.jpg"",""uploads\/quick_repairs\/2026\/03\/1773483814_189.jpg""]",WAITING_PARTS,UNBILLED,,,0,EXTERNAL,"",,"",0.00,66,แจ้งอู่ตรวจ เช็คระยะเครื่องยนต์,,,"2026-03-14 17:23:34","2026-03-16 04:13:49"
59,REP-2603-5834,TRUCK,282,17,[N18] 70-7295,597775,42,ที่ครอบไฟและหลอดไฟภายในตู้ (สมบูรณ์ ไม่แตกร้าว),ที่ครอบไฟตู้ด้านหลังบนขวาแตก ชำรุด หลอดไฟขาด1ดวง ,"[""uploads\/inspections\/2026\/03\/1773516234_453.jpg"",""uploads\/inspections\/2026\/03\/1773516234_436.jpg"",""uploads\/inspections\/2026\/03\/1773516234_201.jpg""]",COMPLETED,UNBILLED,,,0,EXTERNAL,"",,"",0.00,67,"แจ้งซื้อที่ครอบไฟและหลอดไฟภายในตู้

ดำเนินการทำเสร็จแล้ว 23/03",,"2026-03-23 09:11:15","2026-03-15 02:23:54","2026-03-23 09:11:15"
60,REP-2603-5248,TRUCK,283,50,[209] 1ฒภ-306,511641,49,กรวยจราจร (ถ้ามี),"",[],CANCELLED,UNBILLED,,,0,EXTERNAL,"",,"",0.00,67,"แจ้งซื้อกรวยจราจร

ไม่ต้องมีกรวยจราจร",,,"2026-03-15 04:16:28","2026-03-23 09:02:57"
61,REP-2603-2100,TRUCK,285,58,[221] 3ฒน-304,241351,54,กรวยจราจร (ถ้ามี),"","[""uploads\/inspections\/2026\/03\/1773526272_455.jpg""]",CANCELLED,UNBILLED,,,0,EXTERNAL,"",,"",0.00,67,"แจ้งซื้อกรวยจราจร

4Wไม่ต้องมีกรวยครับ",,,"2026-03-15 05:11:12","2026-03-23 08:54:03"
62,REP-2603-5181,TRUCK,286,61,[224] 4ฒข8857,85348,31,กรวยจราจร (ถ้ามี),"","[""uploads\/inspections\/2026\/03\/1773526279_747.jpg"",""uploads\/inspections\/2026\/03\/1773526279_648.jpg""]",CANCELLED,UNBILLED,,,0,EXTERNAL,"",,"",0.00,67,"แจ้งซื้อกรวยจราจร

4Wไม่ต้องมีกรวยครับ",,,"2026-03-15 05:11:19","2026-03-23 08:53:33"
63,REP-2603-0361,TRUCK,287,19,[N20] 70-7703,244194,20,รอยรั่วซึมตามจุดต่างๆ (ไม่มีจุดรั่ว),ซีนล้อหน้าฝั่งคนขับและ 4 ล้อหลังฝั่งคนขับรั่ว,"[""uploads\/inspections\/2026\/03\/1773537629_250.jpg"",""uploads\/inspections\/2026\/03\/1773537629_572.jpg"",""uploads\/inspections\/2026\/03\/1773537629_630.jpg"",""uploads\/inspections\/2026\/03\/1773537630_333.jpg"",""uploads\/inspections\/2026\/03\/1773537630_317.jpg"",""uploads\/inspections\/2026\/03\/1773537630_114.jpg""]",CANCELLED,UNBILLED,,,0,EXTERNAL,"",,"",0.00,67,"แจ้งอู่ ตรวจสอบการั่วซึม

แจ้งทะเบียนผิด ให้แจ้งใหม่อีกครั้ง 71-0077",,,"2026-03-15 08:20:30","2026-03-23 09:09:14"
64,REP-2603-2975,TRUCK,288,61,[224] 4ฒข8857,85501,49,กรวยจราจร (ถ้ามี),"","[""uploads\/inspections\/2026\/03\/1773611452_634.jpg"",""uploads\/inspections\/2026\/03\/1773611452_351.jpg""]",CANCELLED,UNBILLED,,,0,EXTERNAL,"",,"",0.00,67,"แจ้งซื้อกรวยจราจร

4Wไม่ต้องมีกรวยครับ",,,"2026-03-16 04:50:52","2026-03-23 08:53:17"
65,REP-2603-1038,TRUCK,302,59,[222] 3ฒน-305,260865,31,"ไฟสูง-ต่ำ/ไฟท้าย/ไฟเบรก/ไฟเลี้ยว/ไฟถอย (ติดครบทุกดวง), ความลึกของดอกยาง (มากกว่าสะพานยาง), กรวยจราจร (ถ้ามี)",ยางคู่หน้ามีอาการบวมและดอกยางกินไม่เท่ากันไฟส่องสว่างในตู้ไม่สว่างหลอดบางหลอดขาด,"[""uploads\/inspections\/2026\/03\/1773623079_880.jpg"",""uploads\/inspections\/2026\/03\/1773623079_904.jpg"",""uploads\/inspections\/2026\/03\/1773623079_576.jpg"",""uploads\/inspections\/2026\/03\/1773623079_422.jpg""]",WAITING_PARTS,UNBILLED,,,0,EXTERNAL,"",,"",0.00,66,แจ้งซ่อมอู่ภายนอก ตรวจสอบ ไฟสูง-ต่ำ/ไฟท้าย/ไฟเบรก/ไฟเลี้ยว/ไฟถอย,,,"2026-03-16 08:04:39","2026-03-16 04:09:33"
66,FL-260316-0857-32,FORKLIFT,,22,TOYOTA TT8FBRE20/6.3M รถสำรอง (SN: MTR6005),123456,12,"พบปัญหา:
เครื่องมือ/อุปกรณ์ (สายไฮดรอลิคตกลอก)",,,COMPLETED,UNBILLED,,,0,EXTERNAL,"",,"",0.00,71,ติดต่อ ผรม.เข้ามาแก้ไข,,"2026-03-16 10:31:26","2026-03-16 08:57:12","2026-03-16 10:31:26"
67,FL-260316-0858-38,FORKLIFT,,24,TOYOTA TT8FBRE20/6.3M (SN: MTR63008),123456,12,"พบปัญหา:
เครื่องมือ/อุปกรณ์ (ระบบเปิดไม่ได้)",,,COMPLETED,UNBILLED,,,0,EXTERNAL,"",,"",0.00,71,ติดต่อ ผรม.เข้ามาตรวจสอบ,,"2026-03-16 10:30:54","2026-03-16 08:58:01","2026-03-16 10:30:54"
68,REP-2603-5195,TRUCK,311,6,[110] 70-2878,309041,28,"ฝาครอบสวิตช์ไฟส่องสว่าง/สัญญาณเตือนในตู้ (สมบูรณ์ ไม่แตกร้าว), ฝาครอบแอร์ 1 อัน (สมบูรณ์ ไม่แตกร้าว)","",[],COMPLETED,UNBILLED,,,0,EXTERNAL,"",,"",0.00,67,"21/03 ไปซ่อมร้านศักดิ์ชัย",,"2026-03-23 08:52:47","2026-03-16 09:20:25","2026-03-23 08:52:47"
69,REP-2603-9132,TRUCK,319,25,[N26] 71-0077,244487,20,รอยรั่วซึมตามจุดต่างๆ (ไม่มีจุดรั่ว),เบาะนั่งฝั่งคนขับขาดมีคราบน้ำมันซึมล้อหน้าฝั่งคนขับและล้อหลังฝั่งคนขับ,"[""uploads\/inspections\/2026\/03\/1773629914_253.jpg"",""uploads\/inspections\/2026\/03\/1773629914_620.jpg"",""uploads\/inspections\/2026\/03\/1773629914_205.jpg""]",WAITING_PARTS,UNBILLED,,,0,EXTERNAL,"",,"",0.00,66,แจ้งซ่อมอู่ภายนอก,,,"2026-03-16 09:58:35","2026-03-16 04:06:28"
70,REP-2603-6260,TRUCK,320,3,[107] 70-2582,57357,46,ที่ครอบไฟและหลอดไฟภายในตู้ (สมบูรณ์ ไม่แตกร้าว),"",[],COMPLETED,UNBILLED,,,0,EXTERNAL,"",,"",0.00,67,ดำเนินการทำเรียบร้อย เมื่อวันที่ 21/03 ที่ร้านศักดิ์ชัย,,"2026-03-23 08:51:15","2026-03-16 09:59:44","2026-03-23 08:51:15"
71,BM-260316-9717,TRUCK,,8,[112] 70-2982,243301,40,"แจ้งซ่อมด่วน: ครบกำหนดเช็คระยะ เครื่องยนต์,แอร์ฟรีส",,"[""uploads\/quick_repairs\/2026\/03\/1773630694_169.jpeg"",""uploads\/quick_repairs\/2026\/03\/1773630694_468.jpeg"",""uploads\/quick_repairs\/2026\/03\/1773630694_133.jpeg""]",COMPLETED,UNBILLED,,,0,EXTERNAL,"",,"",0.00,67,ตรวจเช็คที่โชค เมื่อวันที่ 21/03,,"2026-03-23 08:49:30","2026-03-16 10:11:34","2026-03-23 08:49:30"
72,REP-2603-9950,TRUCK,324,26,[N27] 71-0078,220848,6,ที่ครอบไฟและหลอดไฟภายในตู้ (สมบูรณ์ ไม่แตกร้าว),ไฟในตู้ขาด   กล้องหลังสายขาด,[],WAITING_PARTS,UNBILLED,,,0,EXTERNAL,"",,"",0.00,66,แจ้งอู่ภายนอก แก้ไขครอบไฟและหลอดไฟภายในตู้ ,,,"2026-03-16 11:45:51","2026-03-28 07:58:34"
73,REP-2603-8612,TRUCK,328,58,[221] 3ฒน-304,241497,21,"กรวยจราจร (ถ้ามี), ถังดับเพลิง (ถ้ามี)","","[""uploads\/inspections\/2026\/03\/1773643158_307.jpg""]",WAITING_PARTS,UNBILLED,,,0,EXTERNAL,"",,"",0.00,66,แจ้งอู่ภายนอกขอซื้อกรวยจราจรและถังดับเพลิง,,,"2026-03-16 13:39:19","2026-03-28 08:27:52"
74,REP-2603-1688,TRUCK,334,53,[216] 2ฒญ-4896,371705,52,"ระดับน้ำมันเบรค (ระดับปกติ), เบรกมือ (ใช้งานได้)",เบรคมีเสียงดัง + เบรคไม่ค่อยอยู่,[],WAITING_PARTS,UNBILLED,,,0,EXTERNAL,"",,"",0.00,66,แจ้งอู่ภายนอกตรวจสอบคุณภาพน้ำมัน เบรค,,,"2026-03-17 03:54:58","2026-03-28 08:27:11"
75,REP-2603-1547,TRUCK,335,61,[224] 4ฒข8857,85637,49,กรวยจราจร (ถ้ามี),"","[""uploads\/inspections\/2026\/03\/1773696028_445.jpg""]",WAITING_PARTS,UNBILLED,,,0,EXTERNAL,"",,"",0.00,66,แจ้งขอซือกรวยจราจร,,,"2026-03-17 04:20:28","2026-03-28 08:27:29"
76,REP-2603-2268,TRUCK,343,44,[602] 70-6356,788440,3,ไฟสูง-ต่ำ/ไฟท้าย/ไฟเบรก/ไฟเลี้ยว/ไฟถอย (ติดครบทุกดวง),ไฟถอยขาด 1 ดวงชุดไฟเลี้ยวขวาด้านหน้าชุดขั้วมีปัญหากรอบซีดชุดกรอบไฟท้ายซีดจางมองไม่ค่อยชัดเจน,"[""uploads\/inspections\/2026\/03\/1773704865_125.jpg"",""uploads\/inspections\/2026\/03\/1773704865_884.jpg"",""uploads\/inspections\/2026\/03\/1773704865_515.jpg""]",WAITING_PARTS,UNBILLED,,,0,EXTERNAL,"",,"",0.00,66,แจ้งอู่ตรวจสอบระบบไฟ,,,"2026-03-17 06:47:45","2026-03-28 08:26:42"
77,REP-2603-3668,TRUCK,345,59,[222] 3ฒน-305,261010,31,"ความลึกของดอกยาง (มากกว่าสะพานยาง), กรวยจราจร (ถ้ามี)","","[""uploads\/inspections\/2026\/03\/1773705300_651.jpg"",""uploads\/inspections\/2026\/03\/1773705300_106.jpg"",""uploads\/inspections\/2026\/03\/1773705300_379.jpg""]",WAITING_PARTS,UNBILLED,,,0,EXTERNAL,"",,"",0.00,66,แจ้งอู่ตรวจสอบสภาพยาง,,,"2026-03-17 06:55:00","2026-03-28 08:26:02"
78,FL-260317-0820-56,FORKLIFT,,21,TOYOTA TT8FBRE20/6.3M (SN: MTR63005),11575,26,"พบปัญหา:
เครื่องมือ/อุปกรณ์ (ประตูปิดไม่สนิดล็อคประตูไม่ได้)",,,COMPLETED,UNBILLED,,,0,INTERNAL,"",,"",0.00,71,"",,"2026-03-17 10:01:10","2026-03-17 08:20:31","2026-03-17 10:01:10"
79,FL-260317-0821-81,FORKLIFT,,42,BT RRE200 (SN: MTR64022),8796,28,"พบปัญหา:
เครื่องมือ/อุปกรณ์ (เบาะที่นั่งขาดชำรุด)
ระบบไฟสัญญาณ + แตร",,,COMPLETED,UNBILLED,,,0,INTERNAL,"",,"",0.00,71,"",,"2026-03-17 10:00:54","2026-03-17 08:21:47","2026-03-17 10:00:54"
80,FL-260317-0829-82,FORKLIFT,,32,TOYOTA  (SN: MTR62302),9762,27,"พบปัญหา:
ระบบสัญญาณแตร",,,COMPLETED,UNBILLED,,,0,INTERNAL,"",,"",0.00,71,"",,"2026-03-18 08:54:23","2026-03-17 08:29:40","2026-03-18 08:54:23"
81,REP-2603-5649,TRUCK,354,51,[214] 2ฒง-6932,452407,54,กรวยจราจร (ถ้ามี),"",[],WAITING_PARTS,UNBILLED,,,0,EXTERNAL,"",,"",0.00,66,แจ้งขอซื้อกรวยจราจร,,,"2026-03-17 09:10:18","2026-03-28 08:26:19"
82,FL-260317-1011-97,FORKLIFT,,22,TOYOTA TT8FBRE20/6.3M รถสำรอง (SN: MTR6005),123456,12,"พบปัญหา:
เครื่องมือ/อุปกรณ์ (เดินหน้าถอยหลังไม่ได้)",,,COMPLETED,UNBILLED,,,0,INTERNAL,"",,"",0.00,71,"",,"2026-03-17 09:59:17","2026-03-17 10:11:18","2026-03-17 09:59:17"
83,REP-2603-9388,TRUCK,361,6,[110] 70-2878,309376,28,"ฝาครอบสวิตช์ไฟส่องสว่าง/สัญญาณเตือนในตู้ (สมบูรณ์ ไม่แตกร้าว), ฝาครอบแอร์ 1 อัน (สมบูรณ์ ไม่แตกร้าว)","",[],WAITING_PARTS,UNBILLED,,,0,EXTERNAL,"",,"",0.00,66,แจ้งอู่ภายนอกตรวจสอบระบบไฟ,,,"2026-03-17 11:10:24","2026-03-28 08:25:31"
84,REP-2603-8115,TRUCK,367,3,[107] 70-2582,57451,46,ที่ครอบไฟและหลอดไฟภายในตู้ (สมบูรณ์ ไม่แตกร้าว),"",[],WAITING_PARTS,UNBILLED,,,0,EXTERNAL,"",,"",0.00,66,แจ้งอู่ภายนอกตรวจสอบระบบไฟ,,,"2026-03-17 12:16:33","2026-03-28 08:25:07"
85,REP-2603-1737,TRUCK,370,26,[N27] 71-0078,221107,6,ที่ครอบไฟและหลอดไฟภายในตู้ (สมบูรณ์ ไม่แตกร้าว),ไฟในตู้ขาด  สายกล้องหลังขาด,[],WAITING_PARTS,UNBILLED,,,0,EXTERNAL,"",,"",0.00,66,แจ้งอู่ภายนอกตรวจสอบระบบไฟ,,,"2026-03-17 14:44:23","2026-03-28 08:24:48"
86,REP-2603-6716,TRUCK,374,61,[224] 4ฒข8857,85926,49,กรวยจราจร (ถ้ามี),"","[""uploads\/inspections\/2026\/03\/1773782728_432.jpg"",""uploads\/inspections\/2026\/03\/1773782729_439.jpg""]",WAITING_PARTS,UNBILLED,,,0,EXTERNAL,"",,"",0.00,66,แจ้งขอซื้อกรวย,,,"2026-03-18 04:25:29","2026-03-28 08:23:47"
87,REP-2603-6849,TRUCK,379,59,[222] 3ฒน-305,261118,31,กรวยจราจร (ถ้ามี),"","[""uploads\/inspections\/2026\/03\/1773786090_101.jpg""]",WAITING_PARTS,UNBILLED,,,0,EXTERNAL,"",,"",0.00,66,แจ้งขอซื้อกรวยจราจร,,,"2026-03-18 05:21:30","2026-03-28 08:23:30"
88,REP-2603-0006,TRUCK,384,44,[602] 70-6356,788648,3,ไฟสูง-ต่ำ/ไฟท้าย/ไฟเบรก/ไฟเลี้ยว/ไฟถอย (ติดครบทุกดวง),"","[""uploads\/inspections\/2026\/03\/1773792620_763.jpg"",""uploads\/inspections\/2026\/03\/1773792620_324.jpg"",""uploads\/inspections\/2026\/03\/1773792620_562.jpg""]",WAITING_PARTS,UNBILLED,,,0,EXTERNAL,"",,"",0.00,66,แจ้งอู่ตรวจสอบระบบไฟฟ้า,,,"2026-03-18 07:10:21","2026-03-28 08:23:12"
89,FL-260318-0807-17,FORKLIFT,,33,MITSUBISHI  (SN: MTR6193),3334,27,"พบปัญหา:
เสาและงา",,,COMPLETED,UNBILLED,,,0,INTERNAL,"",,"",0.00,71,"",,"2026-03-18 04:51:06","2026-03-18 08:07:05","2026-03-18 04:51:06"
90,REP-2603-1103,TRUCK,397,58,[221] 3ฒน-304,241949,21,กรวยจราจร (ถ้ามี),"","[""uploads\/inspections\/2026\/03\/1773797361_415.jpg""]",WAITING_PARTS,UNBILLED,,,0,EXTERNAL,"",,"",0.00,66,แจ้งขอซื้อกรวยจราจร,,,"2026-03-18 08:29:21","2026-03-28 08:22:53"
91,REP-2603-6061,TRUCK,402,25,[N26] 71-0077,245131,20,"ไฟสูง-ต่ำ/ไฟท้าย/ไฟเบรก/ไฟเลี้ยว/ไฟถอย (ติดครบทุกดวง), สภาพแก้มยาง (ปกติ)",ซีนเพลาล้อหน้าฝังขับน้ำมันรั่วซีนเพลาล้อหลังฝั่งคนขับรั่วไฟหรี่ขาด 1 ตัวเบาะฝั่งคนขับผ่านแก้มยางแตก,"[""uploads\/inspections\/2026\/03\/1773798017_691.jpg"",""uploads\/inspections\/2026\/03\/1773798017_465.jpg"",""uploads\/inspections\/2026\/03\/1773798017_630.jpg"",""uploads\/inspections\/2026\/03\/1773798017_996.jpg"",""uploads\/inspections\/2026\/03\/1773798017_231.jpg""]",WAITING_PARTS,UNBILLED,,,0,EXTERNAL,"",,"",0.00,66,แจ้งอู่ภายนอกตรวจสอบระบบไฟ,,,"2026-03-18 08:40:17","2026-03-28 08:22:33"
92,REP-2603-0709,TRUCK,406,15,[N16] 70-6993,590347,17,"ไฟสูง-ต่ำ/ไฟท้าย/ไฟเบรก/ไฟเลี้ยว/ไฟถอย (ติดครบทุกดวง), ระดับน้ำมันเครื่อง (ระดับปกติ)",เปลี่ยนกระจกบังลมหน้า/โคมไฟเลี้ยวช็อต/เช็คระยะถ่ายน้ำมันเครื่อง,"[""uploads\/inspections\/2026\/03\/1773798898_651.jpg"",""uploads\/inspections\/2026\/03\/1773798898_188.jpg"",""uploads\/inspections\/2026\/03\/1773798898_675.jpg"",""uploads\/inspections\/2026\/03\/1773798898_917.jpg"",""uploads\/inspections\/2026\/03\/1773798898_416.jpg"",""uploads\/inspections\/2026\/03\/1773798898_318.jpg"",""uploads\/inspections\/2026\/03\/1773798898_990.jpg""]",WAITING_PARTS,UNBILLED,,,0,EXTERNAL,"",,"",0.00,66,แจ้งอู่ภายนอกตรวจสอบระบบไฟ,,,"2026-03-18 08:54:58","2026-03-28 08:22:10"
93,BM-260318-8265,TRUCK,,16,[N17] 70-6994,631048,72,แจ้งซ่อมด่วน: กระจกมีรอยร้าว,,"[""uploads\/quick_repairs\/2026\/03\/1773798972_662.jpg""]",WAITING_PARTS,UNBILLED,,,0,EXTERNAL,"",,"",0.00,66,แจ้งอู่ภายนอกแก้ไขกระจก,,,"2026-03-18 08:56:12","2026-03-28 08:21:48"
94,BM-260318-1432,TRUCK,,15,[N16] 70-6993,590347,17,แจ้งซ่อมด่วน: เปลี่ยนกระจกบังลมหน้า/โคมไฟเลี้ยวช็อต/เช็คระยะถ่ายน้ำมันเครื่อง,,"[""uploads\/quick_repairs\/2026\/03\/1773799102_820.jpg"",""uploads\/quick_repairs\/2026\/03\/1773799102_462.jpg"",""uploads\/quick_repairs\/2026\/03\/1773799102_223.jpg"",""uploads\/quick_repairs\/2026\/03\/1773799102_880.jpg"",""uploads\/quick_repairs\/2026\/03\/1773799102_523.jpg""]",WAITING_PARTS,UNBILLED,,,0,EXTERNAL,"",,"",0.00,66,แจ้งอุ่แก้ไขกระจกมองหน้า,,,"2026-03-18 08:58:22","2026-03-28 08:21:27"
95,FL-260318-0928-21,FORKLIFT,,22,TOYOTA TT8FBRE20/6.3M รถสำรอง (SN: MTR6005),123456,12,"พบปัญหา:
เครื่องมือ/อุปกรณ์ (เดินปน้าถอยหลังไม่ได้)",,,COMPLETED,UNBILLED,,,0,INTERNAL,"",,"",0.00,71,"",,"2026-03-18 04:50:48","2026-03-18 09:28:43","2026-03-18 04:50:48"
96,FL-260318-0933-23,FORKLIFT,,29,TOYOTA TT8FBRE20/8.5M (SN: MTR63002),123456,12,"พบปัญหา:
เครื่องมือ/อุปกรณ์ (เดินหน้าถอยหลังไม่ได้)",,,COMPLETED,UNBILLED,,,0,INTERNAL,"",,"",0.00,71,"",,"2026-03-18 04:50:26","2026-03-18 09:33:32","2026-03-18 04:50:26"
97,REP-2603-7027,TRUCK,416,61,[224] 4ฒข8857,86074,49,กรวยจราจร (ถ้ามี),"","[""uploads\/inspections\/2026\/03\/1773869734_896.jpg"",""uploads\/inspections\/2026\/03\/1773869734_923.jpg""]",WAITING_PARTS,UNBILLED,,,0,EXTERNAL,"",,"",0.00,66,แจ้งขอซื้อ,,,"2026-03-19 04:35:34","2026-03-28 08:21:03"
98,REP-2603-7086,TRUCK,424,59,[222] 3ฒน-305,261371,31,กรวยจราจร (ถ้ามี),"","[""uploads\/inspections\/2026\/03\/1773878663_417.jpg""]",WAITING_PARTS,UNBILLED,,,0,EXTERNAL,"",,"",0.00,66,แจ้งขอซื้อ,,,"2026-03-19 07:04:23","2026-03-28 08:20:49"
99,FL-260319-0812-16,FORKLIFT,,7,TOYOTA 8FBR18 S/N 10754 (SN: MTR6010),22624,19,"พบปัญหา:
สภาพล้อ + ยาง",,"[""uploads\/69bb4d6c2a097_1773882732.jpg""]",COMPLETED,UNBILLED,,,0,INTERNAL,"",,"",0.00,71,"",,"2026-03-20 11:02:37","2026-03-19 08:12:07","2026-03-20 11:02:37"
100,FL-260319-0819-23,FORKLIFT,,21,TOYOTA TT8FBRE20/6.3M (SN: MTR63005),11587,26,"พบปัญหา:
โช่",,,COMPLETED,UNBILLED,,,0,INTERNAL,"",,"",0.00,71,"",,"2026-03-20 11:02:24","2026-03-19 08:19:13","2026-03-20 11:02:24"
101,FL-260319-0940-76,FORKLIFT,,41,NY FBR AW25 (SN: MTR58146),123456,12,"พบปัญหา:
เครื่องมือ/อุปกรณ์ (ถอดกล่องไปทดลอง)",,,COMPLETED,UNBILLED,,,0,INTERNAL,"",,"",0.00,71,"",,"2026-03-24 13:17:32","2026-03-19 09:40:21","2026-03-24 13:17:32"
102,REP-2603-5059,TRUCK,437,58,[221] 3ฒน-304,242324,21,กรวยจราจร (ถ้ามี),"","[""uploads\/inspections\/2026\/03\/1773894245_248.jpg""]",WAITING_PARTS,UNBILLED,,,0,EXTERNAL,"",,"",0.00,66,แจ้งขอซื้อ,,,"2026-03-19 11:24:05","2026-03-28 08:20:34"
103,REP-2603-8331,TRUCK,441,25,[N26] 71-0077,245400,20,สภาพแก้มยาง (ปกติ),เบาะฝั่งขับขาดแก้มยางฝั่งซ้ายมีรอยแตกซีนกลับน้ำมันล้อหน้ารั่ว,"[""uploads\/inspections\/2026\/03\/1773911533_840.jpg"",""uploads\/inspections\/2026\/03\/1773911533_705.jpg"",""uploads\/inspections\/2026\/03\/1773911533_591.jpg"",""uploads\/inspections\/2026\/03\/1773911533_703.jpg""]",WAITING_PARTS,UNBILLED,,,0,EXTERNAL,"",,"",0.00,66,แจ้งอู่ตรวนสภาพยาง,,,"2026-03-19 16:12:13","2026-03-28 08:20:21"
104,REP-2603-2580,TRUCK,442,11,[115] 70-5842,99999,84,สายรัดและแท่นรองแบตเตอรี่ (สภาพแน่น),เทสระบบ,"[""uploads\/inspections\/2026\/03\/1773911977_559.jpg""]",WAITING_PARTS,UNBILLED,,,0,EXTERNAL,"",,"",0.00,66,แจ้งอู่แก้ไขการติดตั้ง แบตเตอร์รี่,,,"2026-03-19 16:19:37","2026-03-28 08:19:59"
105,REP-2603-4966,TRUCK,443,11,[115] 70-5842,719677,84,"ไฟสูง-ต่ำ/ไฟท้าย/ไฟเบรก/ไฟเลี้ยว/ไฟถอย (ติดครบทุกดวง), สายพานเครื่อง (ไม่แตกร้าว ไม่หย่อน)",ไฟเบรคค้าง / สายพานแอร์ฟรีสเสีย,"[""uploads\/inspections\/2026\/03\/1773912755_105.jpg"",""uploads\/inspections\/2026\/03\/1773912755_842.jpg"",""uploads\/inspections\/2026\/03\/1773912755_457.jpg"",""uploads\/inspections\/2026\/03\/1773912755_892.jpg""]",WAITING_PARTS,UNBILLED,,,0,EXTERNAL,"",,"",0.00,66,แจ้งอู่ตรวจสอบระบบไฟฟ้า,,,"2026-03-19 16:32:35","2026-03-28 08:19:37"
106,REP-2603-2665,TRUCK,446,61,[224] 4ฒข8857,86246,49,กรวยจราจร (ถ้ามี),"","[""uploads\/inspections\/2026\/03\/1773956719_439.jpg"",""uploads\/inspections\/2026\/03\/1773956719_139.jpg""]",WAITING_PARTS,UNBILLED,,,0,EXTERNAL,"",,"",0.00,66,แจ้งขอซื้อกรวยจราจร,,,"2026-03-20 04:45:19","2026-03-28 08:19:14"
107,REP-2603-2534,TRUCK,455,27,[N28] 71-0236,226777,37,ไฟสูง-ต่ำ/ไฟท้าย/ไฟเบรก/ไฟเลี้ยว/ไฟถอย (ติดครบทุกดวง),ไฟเลี้ยวเสีย,"[""uploads\/inspections\/2026\/03\/1773967907_584.jpg""]",WAITING_PARTS,UNBILLED,,,0,EXTERNAL,"",,"",0.00,66,แจ้งอู่แก้ไขระบบไหห้า,,,"2026-03-20 07:51:47","2026-03-28 08:18:57"
108,REP-2603-8476,TRUCK,458,11,[115] 70-5842,719680,84,"ไฟสูง-ต่ำ/ไฟท้าย/ไฟเบรก/ไฟเลี้ยว/ไฟถอย (ติดครบทุกดวง), สายพานเครื่อง (ไม่แตกร้าว ไม่หย่อน)",ไฟเบรคค้าง / แอร์ฟรีสเสีย,[],WAITING_PARTS,UNBILLED,,,0,EXTERNAL,"",,"",0.00,66,แจ้งอู่ตรวจสอบระบบไฟ,,,"2026-03-20 08:07:51","2026-03-28 08:18:29"
109,REP-2603-1462,TRUCK,459,59,[222] 3ฒน-305,261555,31,กรวยจราจร (ถ้ามี),"","[""uploads\/inspections\/2026\/03\/1773969699_607.jpg""]",WAITING_PARTS,UNBILLED,,,0,EXTERNAL,"",,"",0.00,66,แจ้งขอซื้อกรวยจราจร,,,"2026-03-20 08:21:39","2026-03-28 08:18:13"
110,REP-2603-4494,TRUCK,467,51,[214] 2ฒง-6932,452696,54,กรวยจราจร (ถ้ามี),"",[],WAITING_PARTS,UNBILLED,,,0,EXTERNAL,"",,"",0.00,66,แจ้งขอซื้อกนวยจราจร,,,"2026-03-20 08:54:22","2026-03-28 08:17:55"
111,FL-260320-1029-54,FORKLIFT,,19,TOYOTA TT8FBRE20/8.5M รถสำรอง (SN: MTR63003),1234556,12,"พบปัญหา:
เครื่องมือ/อุปกรณ์",,,COMPLETED,UNBILLED,,,0,INTERNAL,"",,"",0.00,71,"",,"2026-03-20 11:01:36","2026-03-20 10:29:54","2026-03-20 11:01:36"
112,REP-2603-5142,TRUCK,478,61,[224] 4ฒข8857,86576,49,กรวยจราจร (ถ้ามี),"","[""uploads\/inspections\/2026\/03\/1774041908_338.jpg"",""uploads\/inspections\/2026\/03\/1774041908_487.jpg""]",WAITING_PARTS,UNBILLED,,,0,EXTERNAL,"",,"",0.00,66,แจ้งขอซื้อกรวยจราจร,,,"2026-03-21 04:25:08","2026-03-28 08:17:37"
113,REP-2603-2885,TRUCK,487,59,[222] 3ฒน-305,261682,31,กรวยจราจร (ถ้ามี),"","[""uploads\/inspections\/2026\/03\/1774052097_128.jpg""]",WAITING_PARTS,UNBILLED,,,0,EXTERNAL,"",,"",0.00,66,แจ้งขอซื้อกรวยจราจร,,,"2026-03-21 07:14:57","2026-03-28 08:17:15"
114,FL-260321-0813-92,FORKLIFT,,21,TOYOTA TT8FBRE20/6.3M (SN: MTR63005),11594,26,"พบปัญหา:
ระบบไฟสัญญาณ + แตร",,,COMPLETED,UNBILLED,,,0,INTERNAL,"",,"",0.00,71,"",,"2026-03-23 05:16:58","2026-03-21 08:13:09","2026-03-23 05:16:58"
115,REP-2603-0755,TRUCK,494,11,[115] 70-5842,719684,84,"ไฟสูง-ต่ำ/ไฟท้าย/ไฟเบรก/ไฟเลี้ยว/ไฟถอย (ติดครบทุกดวง), สายพานเครื่อง (ไม่แตกร้าว ไม่หย่อน)",ไฟเบรคค้าง / สายพานแอร์ฟรีสเสีย,[],WAITING_PARTS,UNBILLED,,,0,EXTERNAL,"",,"",0.00,66,แจ้งอู่ตรวจสอบระบบไฟฟ้า,,,"2026-03-21 08:20:20","2026-03-28 08:16:58"
116,REP-2603-6164,TRUCK,496,6,[110] 70-2878,310010,28,ฝาครอบแอร์ 1 อัน (สมบูรณ์ ไม่แตกร้าว),"",[],WAITING_PARTS,UNBILLED,,,0,EXTERNAL,"",,"",0.00,66,แจ้งอู่เปลี่ยนภาครอแอร์,,,"2026-03-21 08:55:34","2026-03-28 08:16:28"
117,REP-2603-2593,TRUCK,504,3,[107] 70-2582,57889,46,"ไดร์สตาร์ท (ทำงานปกติ), ที่ครอบไฟและหลอดไฟภายในตู้ (สมบูรณ์ ไม่แตกร้าว)","",[],COMPLETED,UNBILLED,,,0,EXTERNAL,"",60,"",0.00,141,แจ้งอู่ตรวจสอบไดสตาร์ม,,"2026-04-27 03:20:16","2026-03-21 09:20:09","2026-04-27 03:20:16"
118,REP-2603-2675,TRUCK,507,18,[N19] 70-7296,604128,32,ฝาครอบสวิตช์ไฟส่องสว่าง/สัญญาณเตือนในตู้ (สมบูรณ์ ไม่แตกร้าว),แจ้งซ่อมระบบไฟหัวเก๋ง,[],WAITING_PARTS,UNBILLED,,,0,EXTERNAL,"",,"",0.00,66,แจ้งอู่ตรวจสอบระบบไฟ,,,"2026-03-21 10:01:56","2026-03-28 08:15:41"
119,BM-260321-0152,TRUCK,,18,[N19] 70-7296,604128,32,แจ้งซ่อมด่วน: ไฟหัวเก๋งไม่ติด-ไฟถอยเสียงไม่ดัง,,"[""uploads\/quick_repairs\/2026\/03\/1774062471_320.jpg""]",WAITING_PARTS,UNBILLED,,,0,EXTERNAL,"",,"",0.00,66,แจ้งอู่ตรวจสอบระบบไฟ,,,"2026-03-21 10:07:51","2026-03-28 08:15:24"
120,REP-2603-6349,TRUCK,512,51,[214] 2ฒง-6932,452879,54,กรวยจราจร (ถ้ามี),"",[],WAITING_PARTS,UNBILLED,,,0,EXTERNAL,"",,"",0.00,66,ขอซื้อกรวยจราจร,,,"2026-03-21 11:13:42","2026-03-28 08:15:05"
121,REP-2603-5729,TRUCK,522,58,[221] 3ฒน-304,242722,21,กรวยจราจร (ถ้ามี),"","[""uploads\/inspections\/2026\/03\/1774078773_455.jpg""]",WAITING_PARTS,UNBILLED,,,0,EXTERNAL,"",,"",0.00,66,แจ้งขอซื้อกรวยจราจร,,,"2026-03-21 14:39:33","2026-03-28 08:14:49"
122,REP-2603-8201,TRUCK,527,61,[224] 4ฒข8857,86707,49,กรวยจราจร (ถ้ามี),"","[""uploads\/inspections\/2026\/03\/1774131458_194.jpg"",""uploads\/inspections\/2026\/03\/1774131458_980.jpg""]",WAITING_PARTS,UNBILLED,,,0,EXTERNAL,"",,"",0.00,66,แจ้งขอซื้อกรวยจราจร,,,"2026-03-22 05:17:38","2026-03-28 08:14:30"
123,BM-260322-3083,TRUCK,,21,[N22] 70-8332,466728,27,แจ้งซ่อมด่วน: ไฟหรี่ข้างขวาไม่ติด และขาไฟเบรคหลุด,,"[""uploads\/quick_repairs\/2026\/03\/1774146341_336.jpg""]",WAITING_PARTS,UNBILLED,,,0,EXTERNAL,"",,"",0.00,66,แจ้งอู่ภายนอกตรวจสอบระบบไฟ,,,"2026-03-22 09:25:41","2026-03-28 08:14:14"
124,REP-2603-7885,TRUCK,533,51,[214] 2ฒง-6932,452912,49,กรวยจราจร (ถ้ามี),"","[""uploads\/inspections\/2026\/03\/1774215382_567.jpg""]",WAITING_PARTS,UNBILLED,,,0,EXTERNAL,"",,"",0.00,66,แจ้งขอซื้อกรวยจราจร,,,"2026-03-23 04:36:22","2026-03-28 08:13:53"
125,FL-260323-0804-55,FORKLIFT,,11,TOYOTA 8FB25 (SN: MTR62217),18508,23,"พบปัญหา:
กระจกมองข้าง",,,COMPLETED,UNBILLED,,,0,INTERNAL,"",,"",0.00,71,"",,"2026-03-24 13:17:16","2026-03-23 08:04:06","2026-03-24 13:17:16"
126,FL-260323-0816-87,FORKLIFT,,21,TOYOTA TT8FBRE20/6.3M (SN: MTR63005),11578,26,"พบปัญหา:
โช่ (ไฟหน้าไม่แตก)",,,COMPLETED,UNBILLED,,,0,INTERNAL,"",,"",0.00,71,"",,"2026-03-23 05:16:27","2026-03-23 08:16:58","2026-03-23 05:16:27"
127,BM-260323-4805,TRUCK,,10,[114] 70-5673,850740,72,"แจ้งซ่อมด่วน: - เปลี่ยนกรองอากาศแอร์
- เป่าทำความสะอาดแผงหม้อน้ำ
- ทำความสะอาดไส้กรองอากาศ
- ทำความสะอาดรูระบายไอเฟืองท้าย
- ปรับตั้งคลัทช์
- เปลี่ยนปะเก็นอ่างน้ำมันเครื่อง
-ถ่ายน้ำมันเครื่อง
-เช็คปั๊มติ๊กเครื่องแอร์ไม่ทำงาน",,"[""uploads\/quick_repairs\/2026\/03\/1774228933_686.jpg""]",WAITING_PARTS,UNBILLED,,,0,EXTERNAL,"",,"",0.00,66,แจ้งอู่ภายนอก PM ตามรอบเวลา,,,"2026-03-23 08:22:13","2026-03-28 08:13:35"
128,REP-2603-8100,TRUCK,572,50,[209] 1ฒภ-306,513198,54,กรวยจราจร (ถ้ามี),"",[],WAITING_PARTS,UNBILLED,,,0,EXTERNAL,"",,"",0.00,66,แจ้งซื้อกรวยจราจร,,,"2026-03-23 09:37:17","2026-03-28 08:13:08"
129,REP-2603-9443,TRUCK,573,6,[110] 70-2878,310147,28,ฝาครอบแอร์ 1 อัน (สมบูรณ์ ไม่แตกร้าว),"",[],WAITING_PARTS,UNBILLED,,,0,EXTERNAL,"",,"",0.00,66,แจ้งเปลี่ยนฝาครอบแอร์,,,"2026-03-23 09:48:07","2026-03-28 08:12:49"
130,REP-2603-1892,TRUCK,575,58,[221] 3ฒน-304,242962,31,กรวยจราจร (ถ้ามี),"","[""uploads\/inspections\/2026\/03\/1774236991_640.jpg""]",WAITING_PARTS,UNBILLED,,,0,EXTERNAL,"",,"",0.00,66,แจ้งขอซื้อกนวยจราจร,,,"2026-03-23 10:36:31","2026-03-28 08:12:26"
131,REP-2603-7671,TRUCK,576,11,[115] 70-5842,719693,84,"ไฟสูง-ต่ำ/ไฟท้าย/ไฟเบรก/ไฟเลี้ยว/ไฟถอย (ติดครบทุกดวง), สายพานเครื่อง (ไม่แตกร้าว ไม่หย่อน)",ไฟเบรคค้าง / สายพานแอร์ฟรีสเสีย,[],WAITING_PARTS,UNBILLED,,,0,EXTERNAL,"",,"",0.00,66,แจ้งอู่ตรวจสอบระบบไฟ,,,"2026-03-23 11:08:02","2026-03-28 08:12:02"
132,FL-260323-1149-47,FORKLIFT,,9,TOYOTA 8FBR18 (SN: URS5920),4712,38,"พบปัญหา:
ระบบไฟสัญญาณ + แตร",,,COMPLETED,UNBILLED,,,0,INTERNAL,"",,"",0.00,71,"",,"2026-03-24 13:17:00","2026-03-23 11:49:32","2026-03-24 13:17:00"
133,REP-2603-5258,TRUCK,591,51,[214] 2ฒง-6932,453062,49,กรวยจราจร (ถ้ามี),"","[""uploads\/inspections\/2026\/03\/1774308032_211.jpg"",""uploads\/inspections\/2026\/03\/1774308032_890.jpg""]",WAITING_PARTS,UNBILLED,,,0,EXTERNAL,"",,"",0.00,66,แจ้งขอซื้อกรวยจราจร,,,"2026-03-24 06:20:32","2026-03-28 08:11:45"
134,REP-2603-2208,TRUCK,608,50,[209] 1ฒภ-306,513338,54,กรวยจราจร (ถ้ามี),"",[],WAITING_PARTS,UNBILLED,,,0,EXTERNAL,"",,"",0.00,66,แจ้งขอซื้อกรวยจราจร,,,"2026-03-24 08:06:31","2026-03-28 08:11:29"
135,REP-2603-9054,TRUCK,609,6,[110] 70-2878,310332,28,ฝาครอบแอร์ 1 อัน (สมบูรณ์ ไม่แตกร้าว),"",[],WAITING_PARTS,UNBILLED,,,0,INTERNAL,"",,"",0.00,66,แจ้งเปลี่ยนฝาครอบแอร์,,,"2026-03-24 08:07:49","2026-03-28 08:11:09"
136,BM-260324-0167,TRUCK,,55,[218] 3ฒฐ-5512,209192,41,แจ้งซ่อมด่วน: รถปั๊กตู้ไว้เมื่อวานเมื่อเช้ามาดูไฟไม่เข้าครับ,,"[""uploads\/quick_repairs\/2026\/03\/1774316142_513.jpg""]",WAITING_PARTS,UNBILLED,,,0,EXTERNAL,"",,"",0.00,66,แจ้งอู่เข้ามาตรวจสอบระบบไฟฟ้า,,,"2026-03-24 08:35:42","2026-03-28 08:10:48"
137,REP-2603-9839,TRUCK,619,10,[114] 70-5673,850901,72,ไฟสูง-ต่ำ/ไฟท้าย/ไฟเบรก/ไฟเลี้ยว/ไฟถอย (ติดครบทุกดวง),ไฟหรี่ข้างซ้ายไม่ติด,"[""uploads\/inspections\/2026\/03\/1774326367_208.jpg""]",WAITING_PARTS,UNBILLED,,,0,EXTERNAL,"",,"",0.00,66,แจ้งอู่ตรวจสอบระบบไฟ,,,"2026-03-24 11:26:07","2026-03-28 08:10:23"
138,REP-2603-9199,TRUCK,620,11,[115] 70-5842,719704,84,"ไฟสูง-ต่ำ/ไฟท้าย/ไฟเบรก/ไฟเลี้ยว/ไฟถอย (ติดครบทุกดวง), สายพานเครื่อง (ไม่แตกร้าว ไม่หย่อน), ที่ครอบไฟและหลอดไฟภายในตู้ (สมบูรณ์ ไม่แตกร้าว)",ไฟเบรคค้าง / สายพานแอร์ฟรีสเสีย / ไฟแสงสว่างในตู้เสีย (เปลี่ยนบ่อย),"[""uploads\/inspections\/2026\/03\/1774327392_464.jpg""]",WAITING_PARTS,UNBILLED,,,0,EXTERNAL,"",,"",0.00,66,แจ้งอู่ตรวจสอบระบบไฟฟ้า,,,"2026-03-24 11:43:12","2026-03-28 08:05:09"
139,BM-260324-5360,TRUCK,,25,[N26] 71-0077,246511,16,"แจ้งซ่อมด่วน: พี่เอกอัพเดทหน่อย แจ้งซ่อมมให้ใหม่หรือยังคะ  @Aek Aekkachai 
-ซีนล้อหน้าฝั่งคนขับ และ4 ล้อหลังคนขับรั่ว",,"[""uploads\/quick_repairs\/2026\/03\/1774331170_388.jpg""]",COMPLETED,UNBILLED,,,0,EXTERNAL,"",,"",0.00,163,แจ้งอู่มาตรวจสอบล้อ,,"2026-07-20 02:46:41","2026-03-24 12:46:10","2026-07-20 02:46:41"
140,REP-2603-7937,TRUCK,622,58,[221] 3ฒน-304,243360,31,กรวยจราจร (ถ้ามี),"","[""uploads\/inspections\/2026\/03\/1774343545_804.jpg""]",WAITING_PARTS,UNBILLED,,,0,EXTERNAL,"",,"",0.00,66,แจ้งขอซื้อกรวยจราจร,,,"2026-03-24 16:12:25","2026-03-28 08:09:41"
141,REP-2603-0792,TRUCK,626,53,[216] 2ฒญ-4896,373262,52,"ระดับน้ำมันเบรค (ระดับปกติ), ระดับน้ำมันคลัช์ (ระดับปกติ)",เบรคมีเสียงดัง + เบรคไม่อยู่,[],WAITING_PARTS,UNBILLED,,,0,EXTERNAL,"",,"",0.00,66,แจ้งอู่ตรวจสอบน้ำมันเบรค น้ำมันคลัช,,,"2026-03-25 03:44:25","2026-03-28 08:09:18"
142,REP-2603-0465,TRUCK,633,61,[224] 4ฒข8857,87502,21,"กรวยจราจร (ถ้ามี), ถังดับเพลิง (ถ้ามี)","","[""uploads\/inspections\/2026\/03\/1774389610_970.jpg""]",WAITING_PARTS,UNBILLED,,,0,EXTERNAL,"",,"",0.00,66,แจ้งขอซื้อกรวยจราจรและถังดับเพลิง,,,"2026-03-25 05:00:10","2026-03-28 08:08:49"
143,REP-2603-1359,TRUCK,635,51,[214] 2ฒง-6932,453239,49,กรวยจราจร (ถ้ามี),"","[""uploads\/inspections\/2026\/03\/1774390568_260.jpg"",""uploads\/inspections\/2026\/03\/1774390569_800.jpg""]",WAITING_PARTS,UNBILLED,,,0,EXTERNAL,"",,"",0.00,66,แจ้งขอซื้อกรวยจราจร,,,"2026-03-25 05:16:09","2026-03-28 08:08:26"
144,REP-2603-2497,TRUCK,637,60,[223] 4ฒข8861,98780,33,ระดับน้ำมันเครื่อง (ระดับปกติ),เช็คระยะถ่ายน้ำมันเครื่อง,[],WAITING_PARTS,UNBILLED,,,0,EXTERNAL,"",,"",0.00,66,แจ้งอู่ตรวจสอบน้ำมันเครื่อง,,,"2026-03-25 05:25:30","2026-03-28 08:08:07"
145,BM-260325-5820,TRUCK,,60,[223] 4ฒข8861,98780,33,แจ้งซ่อมด่วน: เช็คระยะถ่ายน้ำมันเครื่อง,,"[""uploads\/quick_repairs\/2026\/03\/1774391212_875.jpg""]",WAITING_PARTS,UNBILLED,,,0,EXTERNAL,"",,"",0.00,66,แจ้งอู่ภายนอกตรวจสอบคุณภาพน้ำมันเครื่อง,,,"2026-03-25 05:26:52","2026-03-28 08:07:42"
146,REP-2603-2523,TRUCK,644,50,[209] 1ฒภ-306,513452,54,กรวยจราจร (ถ้ามี),"",[],WAITING_PARTS,UNBILLED,,,0,EXTERNAL,"",,"",0.00,66,แจ้งขอซื้อกรวยจราจร,,,"2026-03-25 07:24:37","2026-03-28 08:07:15"
147,REP-2603-3055,TRUCK,653,58,[221] 3ฒน-304,243407,31,กรวยจราจร (ถ้ามี),"","[""uploads\/inspections\/2026\/03\/1774399634_644.jpg""]",WAITING_PARTS,UNBILLED,,,0,EXTERNAL,"",,"",0.00,66,แจ้งขอซื้อกรวยจราจร,,,"2026-03-25 07:47:15","2026-03-28 08:06:55"
148,REP-2603-7844,TRUCK,654,17,[N18] 70-7295,600439,27,ระดับน้ำยาคอมพ์ (ระดับน้ำยาตาแมว),น้ำยาแอร์ฟรีสขาด เป็นฟองอากาศ,"[""uploads\/inspections\/2026\/03\/1774399752_964.jpg""]",COMPLETED,UNBILLED,,,0,EXTERNAL,"",,"",0.00,163,แจ้งอู่ตรวจสอบระดับน่้ำยาแอร์,,"2026-07-20 02:46:20","2026-03-25 07:49:12","2026-07-20 02:46:20"
149,REP-2603-7388,TRUCK,659,11,[115] 70-5842,719714,84,"ไฟสูง-ต่ำ/ไฟท้าย/ไฟเบรก/ไฟเลี้ยว/ไฟถอย (ติดครบทุกดวง), สายพานเครื่อง (ไม่แตกร้าว ไม่หย่อน), ฝาครอบสวิตช์ไฟส่องสว่าง/สัญญาณเตือนในตู้ (สมบูรณ์ ไม่แตกร้าว)",ไฟเบรคค้าง / สายพานแอร์ฟรีสเสีย / ไฟแสงสว่างในตู้เสีย (เปลี่ยนบ่อย),[],COMPLETED,UNBILLED,,,0,EXTERNAL,"",,"",0.00,163,แจ้งอู่ตรวจสอบระบบไฟ,,"2026-07-20 02:46:05","2026-03-25 08:12:21","2026-07-20 02:46:05"
150,REP-2603-4073,TRUCK,669,26,[N27] 71-0078,222194,6,ความลึกของดอกยาง (มากกว่าสะพานยาง),ร่องยางซ้ายขวาล้อหน้ากินจนลึก,[],COMPLETED,UNBILLED,,,0,EXTERNAL,"",,"",0.00,163,แจ้งอู่ตรวจสอบ ยาง,,"2026-07-20 02:45:54","2026-03-25 12:05:15","2026-07-20 02:45:54"
151,REP-2603-6545,TRUCK,678,53,[216] 2ฒญ-4896,373613,52,"ระดับน้ำมันเบรค (ระดับปกติ), ระดับน้ำมันคลัช์ (ระดับปกติ), เบรกมือ (ใช้งานได้)",เบรคมีเสียงดัง,[],WAITING_PARTS,UNBILLED,,,0,EXTERNAL,"",,"",0.00,66,แจ้งอู่ภายนอกตรวจสอบระดับน้ำมัน,,,"2026-03-26 04:22:46","2026-03-28 08:05:32"
152,REP-2603-0524,TRUCK,682,61,[224] 4ฒข8857,87922,21,"กรวยจราจร (ถ้ามี), ถังดับเพลิง (ถ้ามี)","","[""uploads\/inspections\/2026\/03\/1774476881_840.jpg""]",WAITING_PARTS,UNBILLED,,,0,EXTERNAL,"",,"",0.00,66,แจ้งอู่ขอซื้อกรวย,,,"2026-03-26 05:14:41","2026-03-28 08:04:44"
153,FL-260326-0839-83,FORKLIFT,,6,TOYOTA 8FBR18 S/N 10749 (SN: MTR62215),13648,27,"พบปัญหา:
สภาพสายไฮดรอลิค (สายสะไร้แตก)",,,COMPLETED,UNBILLED,,,0,INTERNAL,"",,"",0.00,71,"",,"2026-03-26 10:27:44","2026-03-26 08:39:06","2026-03-26 10:27:44"
154,FL-260326-0900-94,FORKLIFT,,42,BT RRE200 (SN: MTR64022),123456,12,"พบปัญหา:
เครื่องมือ/อุปกรณ์ (เดินหน้าถอยหลังไม่ได้)",,,COMPLETED,UNBILLED,,,0,INTERNAL,"",,"",0.00,71,"",,"2026-03-26 10:27:19","2026-03-26 09:00:50","2026-03-26 10:27:19"
155,REP-2603-5223,TRUCK,704,58,[221] 3ฒน-304,243647,31,กรวยจราจร (ถ้ามี),"","[""uploads\/inspections\/2026\/03\/1774491877_533.jpg""]",WAITING_PARTS,UNBILLED,,,0,EXTERNAL,"",,"",0.00,66,แจ้งขอซื้อกรวย,,,"2026-03-26 09:24:37","2026-03-28 08:04:24"
156,REP-2603-9694,TRUCK,709,26,[N27] 71-0078,222305,6,ความลึกของดอกยาง (มากกว่าสะพานยาง),ล้อหน้าซ้ายขวากินยางร่องกลางลึก,"[""uploads\/inspections\/2026\/03\/1774495182_652.jpg"",""uploads\/inspections\/2026\/03\/1774495182_580.jpg""]",COMPLETED,UNBILLED,,,0,EXTERNAL,"",,"",0.00,163,แจ้งอู่ตรวจสอบอายุยาง,,"2026-07-20 02:45:44","2026-03-26 10:19:42","2026-07-20 02:45:44"
157,BM-260326-0687,TRUCK,,26,[N27] 71-0078,222305,6,แจ้งซ่อมด่วน: ล้อหน้าซ้ายขวากินร่องกลางลึก,,"[""uploads\/quick_repairs\/2026\/03\/1774495248_130.jpg"",""uploads\/quick_repairs\/2026\/03\/1774495248_538.jpg""]",COMPLETED,UNBILLED,,,0,EXTERNAL,"",,"",0.00,163,แจ้งอู่ตรวจสอบ ยาง,,"2026-07-20 02:45:20","2026-03-26 10:20:49","2026-07-20 02:45:20"
158,REP-2603-5513,TRUCK,733,11,[115] 70-5842,719725,84,"ไฟสูง-ต่ำ/ไฟท้าย/ไฟเบรก/ไฟเลี้ยว/ไฟถอย (ติดครบทุกดวง), สายพานเครื่อง (ไม่แตกร้าว ไม่หย่อน), ที่ครอบไฟและหลอดไฟภายในตู้ (สมบูรณ์ ไม่แตกร้าว)",ไฟเบรคค้าง / สายพานแอร์ฟรีสเสีย / ไฟแสงสว่างในตู้เสีย,[],COMPLETED,UNBILLED,,,0,EXTERNAL,"",4,"",0.00,163,แจ้งอู่ภายนอกตรวจสอบระบบไฟ,,"2026-07-20 02:45:03","2026-03-27 07:57:53","2026-07-20 02:45:03"
159,REP-2603-4214,TRUCK,735,58,[221] 3ฒน-304,243743,31,กรวยจราจร (ถ้ามี),"","[""uploads\/inspections\/2026\/03\/1774573893_551.jpg""]",WAITING_PARTS,UNBILLED,,,0,EXTERNAL,"",,"",0.00,66,แจ้งขอซื้อกรวยจราจร,,,"2026-03-27 08:11:33","2026-03-28 08:02:49"
160,BM-260327-5589,TRUCK,,2,[106] 70-2581,338445,35,แจ้งซ่อมด่วน: ไดชาร์จเสีย สวิตช์เปิดปิดแอร์ใช้ไม่ได้,,"[""uploads\/quick_repairs\/2026\/03\/1774581287_554.jpeg""]",COMPLETED,UNBILLED,,,0,EXTERNAL,"",4,"",0.00,141,แจ้งอู่ภายนอกตรวจสอบไดชาร์จ,,"2026-04-27 03:03:30","2026-03-27 10:14:47","2026-04-27 03:03:30"
161,BM-260327-5496,TRUCK,,10,[114] 70-5673,851685,72,แจ้งซ่อมด่วน: ไฟหรี่ข้างซ้าย 1 ดวงไฟหัวหมวกบนข้างขวา 1 ดวงตัวรัดท่อหลวม,,"[""uploads\/quick_repairs\/2026\/03\/1774611442_704.jpg"",""uploads\/quick_repairs\/2026\/03\/1774611442_156.jpg""]",COMPLETED,UNBILLED,,,0,EXTERNAL,"",6,"",0.00,163,แจ้งอู่ภานอก ตรวจสอบระบบไฟ,,"2026-07-20 02:44:56","2026-03-27 18:37:22","2026-07-20 02:44:56"
162,REP-2603-1887,TRUCK,774,11,[115] 70-5842,719731,84,"ไฟสูง-ต่ำ/ไฟท้าย/ไฟเบรก/ไฟเลี้ยว/ไฟถอย (ติดครบทุกดวง), สายพานเครื่อง (ไม่แตกร้าว ไม่หย่อน), ที่ครอบไฟและหลอดไฟภายในตู้ (สมบูรณ์ ไม่แตกร้าว)",ไฟเบรคค้าง / สายพานแอร์ฟรีสเสีย / ไฟแสงสว่างในตู้เสีย (เปลี่ยนบ่อย),[],COMPLETED,UNBILLED,,,0,EXTERNAL,"",,"",0.00,163,แจ้งอู่ภายนอกตรวจสอบระบบไฟ,,"2026-07-20 02:44:25","2026-03-28 07:58:39","2026-07-20 02:44:25"
163,FL-260328-0814-49,FORKLIFT,,21,TOYOTA TT8FBRE20/6.3M (SN: MTR63005),11623,26,"พบปัญหา:
โช่ (ไฟหน้าไม่ติดครั้งหนึ่ง)",,,COMPLETED,UNBILLED,,,0,EXTERNAL,"",,"",0.00,71,ติดต่อ อู่ภายนอกเข้ามาแก้ไข,,"2026-03-30 06:28:53","2026-03-28 08:14:48","2026-03-30 06:28:53"
164,REP-2603-1856,TRUCK,777,58,[221] 3ฒน-304,243917,31,กรวยจราจร (ถ้ามี),"","[""uploads\/inspections\/2026\/03\/1774662708_945.jpg""]",WAITING_PARTS,UNBILLED,,,0,EXTERNAL,"",,"",0.00,66,ขอซื้อกรวยจราจร,,,"2026-03-28 08:51:48","2026-03-28 08:00:39"
165,BM-260328-4555,TRUCK,,17,[N18] 70-7295,601535,27,แจ้งซ่อมด่วน: เบาะนั่งคนขับชำรุด,,"[""uploads\/quick_repairs\/2026\/03\/1774670193_752.jpg""]",COMPLETED,UNBILLED,,,0,EXTERNAL,"",,"",0.00,163,แจ้งอู่ภายนอก แก้ไข เบาะ,,"2026-07-20 02:44:07","2026-03-28 10:56:33","2026-07-20 02:44:07"
166,REP-2603-1238,TRUCK,787,61,[224] 4ฒข8857,88629,21,"กรวยจราจร (ถ้ามี), ถังดับเพลิง (ถ้ามี)","","[""uploads\/inspections\/2026\/03\/1774676937_866.jpg""]",WAITING_PARTS,UNBILLED,,,0,EXTERNAL,"",,"",0.00,66,แจ้งขอซื้อ กรวยจราจรและถังดับเพลิง,,,"2026-03-28 12:48:57","2026-03-28 07:59:51"
167,REP-2603-1840,TRUCK,792,25,[N26] 71-0077,247621,72,"ระดับน้ำกลั่น (ระดับปกติ), ขั้วแบตเตอรี่ (สภาพแน่น)","แบตพัง
เพื่อนทำความเย็นมีปัญหา","[""uploads\/inspections\/2026\/03\/1774744192_317.jpg"",""uploads\/inspections\/2026\/03\/1774744192_602.jpg""]",COMPLETED,UNBILLED,,,0,INTERNAL,,,,0.00,163,"",,"2026-07-20 02:49:55","2026-03-29 07:29:52","2026-07-20 02:49:55"
168,BM-260329-4055,TRUCK,,25,[N26] 71-0077,247621,72,"แจ้งซ่อมด่วน: แบตเตอรี่พัง
เครื่องทำความเย็นเสีย",,"[""uploads\/quick_repairs\/2026\/03\/1774744262_463.jpg"",""uploads\/quick_repairs\/2026\/03\/1774744262_815.jpg"",""uploads\/quick_repairs\/2026\/03\/1774744262_546.jpg""]",COMPLETED,UNBILLED,,,0,INTERNAL,,,,0.00,163,"",,"2026-07-20 02:50:06","2026-03-29 07:31:02","2026-07-20 02:50:06"
169,REP-2603-0563,TRUCK,793,58,[221] 3ฒน-304,244047,31,กรวยจราจร (ถ้ามี),"","[""uploads\/inspections\/2026\/03\/1774749597_599.jpg""]",COMPLETED,UNBILLED,,,0,INTERNAL,,,,0.00,163,"",,"2026-07-20 03:23:39","2026-03-29 08:59:57","2026-07-20 03:23:39"
170,REP-2603-8462,TRUCK,809,59,[222] 3ฒน-305,262977,31,กรวยจราจร (ถ้ามี),"","[""uploads\/inspections\/2026\/03\/1774826925_583.jpg""]",COMPLETED,UNBILLED,,,0,INTERNAL,,,,0.00,163,"",,"2026-07-20 03:23:51","2026-03-30 06:28:45","2026-07-20 03:23:51"
171,REP-2603-7520,TRUCK,835,11,[115] 70-5842,719737,84,"ไฟสูง-ต่ำ/ไฟท้าย/ไฟเบรก/ไฟเลี้ยว/ไฟถอย (ติดครบทุกดวง), สายพานเครื่อง (ไม่แตกร้าว ไม่หย่อน), ที่ครอบไฟและหลอดไฟภายในตู้ (สมบูรณ์ ไม่แตกร้าว)",ไฟเบรคค้าง / สายพานแอร์ฟรีสเสีย / ไฟแสงสว่างในตู้เสีย(เปลี่ยนบ่อย),[],COMPLETED,UNBILLED,,,0,INTERNAL,,,,0.00,163,"",,"2026-07-20 03:24:04","2026-03-30 08:34:44","2026-07-20 03:24:04"
172,BM-260330-5730,TRUCK,,8,[112] 70-2982,246322,40,แจ้งซ่อมด่วน: ยางล้อพ่วงหมดดอก 4 เส้น,,"[""uploads\/quick_repairs\/2026\/03\/1774856191_634.jpeg"",""uploads\/quick_repairs\/2026\/03\/1774856191_327.jpeg""]",COMPLETED,UNBILLED,,,0,INTERNAL,,,,0.00,163,"",,"2026-07-20 03:24:17","2026-03-30 14:36:31","2026-07-20 03:24:17"
173,BM-260330-1812,TRUCK,,15,[N16] 70-6993,591991,72,แจ้งซ่อมด่วน: ชาร์จไฟตู้แอร์ไม่เข้าตรวจสอบเบื้องต้นเช็คสายไฟแล้วไม่เป็นอะไร,,"[""uploads\/quick_repairs\/2026\/03\/1774867218_895.jpg""]",COMPLETED,UNBILLED,,,0,INTERNAL,,,,0.00,163,"",,"2026-07-20 03:24:28","2026-03-30 17:40:18","2026-07-20 03:24:28"
174,FL-260331-0807-66,FORKLIFT,,9,TOYOTA 8FBR18 (SN: URS5920),4762,38,"พบปัญหา:
สภาพสายไฮดรอลิค",,"[""uploads\/69cb1e7359615_1774919283.jpg""]",COMPLETED,UNBILLED,,,0,INTERNAL,,,"",0.00,12,"",,"2026-04-02 08:47:33","2026-03-31 08:07:58","2026-04-02 08:47:33"
175,REP-2603-4340,TRUCK,870,59,[222] 3ฒน-305,263363,31,กรวยจราจร (ถ้ามี),"","[""uploads\/inspections\/2026\/03\/1774928584_687.jpg""]",COMPLETED,UNBILLED,,,0,INTERNAL,,,,0.00,163,"",,"2026-07-20 03:24:40","2026-03-31 10:43:04","2026-07-20 03:24:40"
176,REP-2603-1815,TRUCK,871,6,[110] 70-2878,311385,28,ที่ครอบไฟและหลอดไฟภายในตู้ (สมบูรณ์ ไม่แตกร้าว),หลอดไฟบนหมวกฝาครอบแตก 1 อันหลอดขาด 1 อัน,"[""uploads\/inspections\/2026\/03\/1774931409_843.jpg""]",COMPLETED,UNBILLED,,,0,INTERNAL,,,,0.00,163,"",,"2026-07-20 03:25:37","2026-03-31 11:30:09","2026-07-20 03:25:37"
177,BM-260331-8392,TRUCK,,6,[110] 70-2878,311385,28,แจ้งซ่อมด่วน: หลอดไฟบนหมวกฝาครอบแตก 1 งานหลอดขาด 1 อันหลอดไฟบนหมวกฝาครอบแตก 1 งานหลอดขาด 1 อัน,,"[""uploads\/quick_repairs\/2026\/03\/1774931454_813.jpg""]",COMPLETED,UNBILLED,,,0,INTERNAL,,,,0.00,163,"",,"2026-07-20 03:26:16","2026-03-31 11:30:54","2026-07-20 03:26:16"
178,REP-2604-0947,TRUCK,888,61,[224] 4ฒข8857,88917,54,กรวยจราจร (ถ้ามี),"",[],PENDING,UNBILLED,,,0,INTERNAL,,,,0.00,,,,,"2026-04-01 04:28:53","2026-04-01 04:28:53"
179,REP-2604-6030,TRUCK,904,11,[115] 70-5842,719750,84,"ไฟสูง-ต่ำ/ไฟท้าย/ไฟเบรก/ไฟเลี้ยว/ไฟถอย (ติดครบทุกดวง), สายพานเครื่อง (ไม่แตกร้าว ไม่หย่อน), ที่ครอบไฟและหลอดไฟภายในตู้ (สมบูรณ์ ไม่แตกร้าว)",ไฟเบรคค้าง/สายพานแอร์ฟรีสเสีย/ไฟส่องสว่างในตู้เสีย(เปลี่ยนบ่อย),[],COMPLETED,UNBILLED,,,0,INTERNAL,,,,0.00,163,"",,"2026-07-20 03:31:07","2026-04-01 07:46:22","2026-07-20 03:31:07"
180,FL-260401-0803-51,FORKLIFT,,7,TOYOTA 8FBR18 S/N 10754 (SN: MTR6010),22725,19,"พบปัญหา:
กระบอกยกเสากลาง และ ข้าง
ระดับน้ำมันไฮดรอลิค",,,COMPLETED,UNBILLED,,,0,INTERNAL,,,"",0.00,12,"",,"2026-04-02 08:47:20","2026-04-01 08:03:10","2026-04-02 08:47:20"
181,FL-260401-0815-85,FORKLIFT,,42,BT RRE200 (SN: MTR64022),8864,28,"พบปัญหา:
ระบบไฟสัญญาณ + แตร (ไฟหน้าไม่ติต)",,,COMPLETED,UNBILLED,,,0,INTERNAL,,,"",0.00,12,"",,"2026-04-02 08:47:06","2026-04-01 08:15:40","2026-04-02 08:47:06"
182,FL-260401-0926-15,FORKLIFT,,20,TOYOTA TT8FBRE20/6.3M (SN: MTR63004),123456,12,"พบปัญหา:
เครื่องมือ/อุปกรณ์ (ระบยเปิดไม่ได้)",,,COMPLETED,UNBILLED,,,0,INTERNAL,,,"",0.00,12,"",,"2026-04-02 08:46:52","2026-04-01 09:26:10","2026-04-02 08:46:52"
183,FL-260401-0928-35,FORKLIFT,,22,TOYOTA TT8FBRE20/6.3M รถสำรอง (SN: MTR6005),123456,12,"พบปัญหา:
เครื่องมือ/อุปกรณ์ (ถอดกล่องไปทดลอง)",,,COMPLETED,UNBILLED,,,0,INTERNAL,,,"",0.00,12,"",,"2026-04-02 08:46:35","2026-04-01 09:28:28","2026-04-02 08:46:35"
184,BM-260401-1482,TRUCK,,32,[N33] 71-0902,134460,7,แจ้งซ่อมด่วน: แผงม่านขาดทั้งแผง,,"[""uploads\/quick_repairs\/2026\/04\/1775015561_782.jpeg"",""uploads\/quick_repairs\/2026\/04\/1775015561_498.jpeg""]",PENDING,UNBILLED,,,0,INTERNAL,,,,0.00,,,,,"2026-04-01 10:52:41","2026-04-01 10:52:41"
185,REP-2604-5694,TRUCK,917,6,[110] 70-2878,311518,28,ฝาครอบแอร์ 1 อัน (สมบูรณ์ ไม่แตกร้าว),"",[],PENDING,UNBILLED,,,0,INTERNAL,,,,0.00,,,,,"2026-04-01 13:01:19","2026-04-01 13:01:19"
186,REP-2604-2258,TRUCK,942,11,[115] 70-5842,719765,84,"ไฟสูง-ต่ำ/ไฟท้าย/ไฟเบรก/ไฟเลี้ยว/ไฟถอย (ติดครบทุกดวง), สายพานเครื่อง (ไม่แตกร้าว ไม่หย่อน), ที่ครอบไฟและหลอดไฟภายในตู้ (สมบูรณ์ ไม่แตกร้าว)",ไฟเบรคค้าง/สายพานแอร์ฟรีสเสีย/ไปส่องสว่างในตู้เสีย(เปลี่ยนบ่อย),[],PENDING,UNBILLED,,,0,INTERNAL,,,,0.00,,,,,"2026-04-02 08:01:03","2026-04-02 08:01:03"
187,REP-2604-1624,TRUCK,944,6,[110] 70-2878,311860,28,ฝาครอบแอร์ 1 อัน (สมบูรณ์ ไม่แตกร้าว),"",[],PENDING,UNBILLED,,,0,INTERNAL,,,,0.00,,,,,"2026-04-02 08:08:18","2026-04-02 08:08:18"
188,REP-2604-0260,TRUCK,953,59,[222] 3ฒน-305,263808,31,กรวยจราจร (ถ้ามี),"","[""uploads\/inspections\/2026\/04\/1775094507_889.jpg""]",PENDING,UNBILLED,,,0,INTERNAL,,,,0.00,,,,,"2026-04-02 08:48:27","2026-04-02 08:48:27"
189,REP-2604-0753,TRUCK,959,50,[209] 1ฒภ-306,515128,21,กรวยจราจร (ถ้ามี),"","[""uploads\/inspections\/2026\/04\/1775103215_543.jpg""]",PENDING,UNBILLED,,,0,INTERNAL,,,,0.00,,,,,"2026-04-02 11:13:35","2026-04-02 11:13:35"
190,REP-2604-3096,TRUCK,980,6,[110] 70-2878,311886,28,ฝาครอบแอร์ 1 อัน (สมบูรณ์ ไม่แตกร้าว),"",[],PENDING,UNBILLED,,,0,INTERNAL,,,,0.00,,,,,"2026-04-03 07:40:54","2026-04-03 07:40:54"
191,REP-2604-7328,TRUCK,983,11,[115] 70-5842,719769,84,"ไฟสูง-ต่ำ/ไฟท้าย/ไฟเบรก/ไฟเลี้ยว/ไฟถอย (ติดครบทุกดวง), สายพานเครื่อง (ไม่แตกร้าว ไม่หย่อน), ที่ครอบไฟและหลอดไฟภายในตู้ (สมบูรณ์ ไม่แตกร้าว)",ไฟเบรคค้าง/สายพานแอร์ฟรีสเสีย/ไฟส่องสว่างในตู้เสีย(เปลี่ยนบ่อย),[],PENDING,UNBILLED,,,0,INTERNAL,,,,0.00,,,,,"2026-04-03 07:58:00","2026-04-03 07:58:00"
192,FL-260403-0814-82,FORKLIFT,,23,TOYOTA TT8FBRE20/6.3M (SN: MTR63007),13818,20,"พบปัญหา:
เครื่องมือ/อุปกรณ์ (ลูกปืนแผงงาแตก)",,,COMPLETED,UNBILLED,,,0,INTERNAL,,,"",0.00,12,"",,"2026-04-03 06:40:01","2026-04-03 08:14:43","2026-04-03 06:40:01"
193,BM-260403-7785,TRUCK,,39,[N40] 71-1465,82489,12,แจ้งซ่อมด่วน: ครบรอบเช็คระยะถ่ายน้ำมันเครื่อง,,"[""uploads\/quick_repairs\/2026\/04\/1775180311_787.jpg"",""uploads\/quick_repairs\/2026\/04\/1775180311_791.jpg""]",PENDING,UNBILLED,,,0,INTERNAL,,,,0.00,,,,,"2026-04-03 08:38:32","2026-04-03 08:38:32"
194,BM-260403-8502,TRUCK,,39,[N40] 71-1465,82489,12,แจ้งซ่อมด่วน: ครบรอบเช็คนะยะ,,"[""uploads\/quick_repairs\/2026\/04\/1775180549_323.jpg"",""uploads\/quick_repairs\/2026\/04\/1775180549_733.jpg""]",PENDING,UNBILLED,,,0,INTERNAL,,,,0.00,,,,,"2026-04-03 08:42:29","2026-04-03 08:42:29"
195,BM-260403-2273,TRUCK,,17,[N18] 70-7295,602638,27,แจ้งซ่อมด่วน: อุณหภูมิแอร์ฟริส ปันไม่ลง,,"[""uploads\/quick_repairs\/2026\/04\/1775188708_754.jpg""]",PENDING,UNBILLED,,,0,INTERNAL,,,,0.00,,,,,"2026-04-03 10:58:28","2026-04-03 10:58:28"
196,REP-2604-3494,TRUCK,997,59,[222] 3ฒน-305,264150,31,กรวยจราจร (ถ้ามี),"","[""uploads\/inspections\/2026\/04\/1775196233_135.jpg""]",PENDING,UNBILLED,,,0,INTERNAL,,,,0.00,,,,,"2026-04-03 13:03:53","2026-04-03 13:03:53"
197,REP-2604-5608,TRUCK,1006,50,[209] 1ฒภ-306,515437,21,กรวยจราจร (ถ้ามี),"","[""uploads\/inspections\/2026\/04\/1775255938_289.jpg""]",PENDING,UNBILLED,,,0,INTERNAL,,,,0.00,,,,,"2026-04-04 05:38:58","2026-04-04 05:38:58"
198,REP-2604-4934,TRUCK,1007,17,[N18] 70-7295,602712,27,ระดับน้ำยาคอมพ์ (ระดับน้ำยาตาแมว),อุณหภูมิแอร์ฟริสไม่ค่อยลง,"[""uploads\/inspections\/2026\/04\/1775259313_241.jpg""]",PENDING,UNBILLED,,,0,INTERNAL,,,,0.00,,,,,"2026-04-04 06:35:13","2026-04-04 06:35:13"
199,REP-2604-3722,TRUCK,1015,6,[110] 70-2878,312137,28,ฝาครอบแอร์ 1 อัน (สมบูรณ์ ไม่แตกร้าว),"",[],PENDING,UNBILLED,,,0,INTERNAL,,,,0.00,,,,,"2026-04-04 07:12:41","2026-04-04 07:12:41"
200,REP-2604-5077,TRUCK,1019,59,[222] 3ฒน-305,264219,49,กรวยจราจร (ถ้ามี),"","[""uploads\/inspections\/2026\/04\/1775262978_585.jpg"",""uploads\/inspections\/2026\/04\/1775262978_550.jpg""]",PENDING,UNBILLED,,,0,INTERNAL,,,,0.00,,,,,"2026-04-04 07:36:18","2026-04-04 07:36:18"
201,REP-2604-4088,TRUCK,1021,11,[115] 70-5842,719775,84,"ไฟสูง-ต่ำ/ไฟท้าย/ไฟเบรก/ไฟเลี้ยว/ไฟถอย (ติดครบทุกดวง), สายพานเครื่อง (ไม่แตกร้าว ไม่หย่อน), ที่ครอบไฟและหลอดไฟภายในตู้ (สมบูรณ์ ไม่แตกร้าว)",ไฟเบรคค้าง/สายพานแอร์ฟรีสเสีย/ไฟส่องสว่างในตู้เสีย(เปลี่ยนบ่อย),[],PENDING,UNBILLED,,,0,INTERNAL,,,,0.00,,,,,"2026-04-04 08:03:07","2026-04-04 08:03:07"
202,BM-260404-9252,TRUCK,,14,[C4] 70-5575,808328,45,แจ้งซ่อมด่วน: น้ำรั่วออกตาน้ำข้างเครื่องยนต์แอร์ฟรีส ครับ,,"[""uploads\/quick_repairs\/2026\/04\/1775266520_425.jpg""]",PENDING,UNBILLED,,,0,INTERNAL,,,,0.00,,,,,"2026-04-04 08:35:20","2026-04-04 08:35:20"
203,REP-2604-8942,TRUCK,1029,25,[N26] 71-0077,248036,20,สภาพแก้มยาง (ปกติ),เบาะคนขับมีรอยขาดซีนล้อหน้าผ่องขวามีคราบน้ำมันยางล้อหลังฝั่งขวายางล้อหลังฝั่งซ้ายมีแก้มยางรอยฉีกขาด,"[""uploads\/inspections\/2026\/04\/1775275142_455.jpg"",""uploads\/inspections\/2026\/04\/1775275142_339.jpg"",""uploads\/inspections\/2026\/04\/1775275142_365.jpg"",""uploads\/inspections\/2026\/04\/1775275142_349.jpg"",""uploads\/inspections\/2026\/04\/1775275142_962.jpg""]",PENDING,UNBILLED,,,0,INTERNAL,,,,0.00,,,,,"2026-04-04 10:59:02","2026-04-04 10:59:02"
204,REP-2604-2683,TRUCK,1030,9,[113] 70-4653,876323,43,สวิทช์เปิด-ปิดระบบ (ทำงานปกติ),เบ้าเสียบปลั๊กตู้ขึ้นสนิมเสียบปลั๊กตู้ไฟไม่เข้า(เบ้าตัวเมียที่อยู่ติดกับตู้),"[""uploads\/inspections\/2026\/04\/1775276964_499.jpg""]",PENDING,UNBILLED,,,0,INTERNAL,,,,0.00,,,,,"2026-04-04 11:29:24","2026-04-04 11:29:24"
205,REP-2604-8979,TRUCK,1037,59,[222] 3ฒน-305,264393,49,กรวยจราจร (ถ้ามี),"","[""uploads\/inspections\/2026\/04\/1775337392_718.jpg""]",PENDING,UNBILLED,,,0,INTERNAL,,,,0.00,,,,,"2026-04-05 04:16:32","2026-04-05 04:16:32"
206,BM-260407-2388,TRUCK,,54,[217] 2ฒญ-4897,404623,51,แจ้งซ่อมด่วน: ครบรอบเช็คระยะถ่ายน้ำมันเครื่อง,,"[""uploads\/quick_repairs\/2026\/04\/1775511442_506.jpeg"",""uploads\/quick_repairs\/2026\/04\/1775511443_895.jpeg""]",PENDING,UNBILLED,,,0,INTERNAL,,,,0.00,,,,,"2026-04-07 04:37:23","2026-04-07 04:37:23"
207,REP-2604-0110,TRUCK,1050,50,[209] 1ฒภ-306,515855,49,กรวยจราจร (ถ้ามี),"","[""uploads\/inspections\/2026\/04\/1775513090_974.jpg"",""uploads\/inspections\/2026\/04\/1775513090_244.jpg""]",PENDING,UNBILLED,,,0,INTERNAL,,,,0.00,,,,,"2026-04-07 05:04:50","2026-04-07 05:04:50"
208,REP-2604-1345,TRUCK,1063,59,[222] 3ฒน-305,264848,54,กรวยจราจร (ถ้ามี),"",[],PENDING,UNBILLED,,,0,INTERNAL,,,,0.00,,,,,"2026-04-07 07:45:22","2026-04-07 07:45:22"
209,FL-260407-0808-20,FORKLIFT,,42,BT RRE200 (SN: MTR64022),8888,28,"พบปัญหา:
ระบบไฟสัญญาณ + แตร",,,COMPLETED,UNBILLED,,,0,INTERNAL,,,"",0.00,12,"",,"2026-04-10 10:20:12","2026-04-07 08:08:40","2026-04-10 10:20:12"
210,FL-260407-0809-76,FORKLIFT,,7,TOYOTA 8FBR18 S/N 10754 (SN: MTR6010),22576,27,"พบปัญหา:
สภาพล้อ + ยาง (ล้อประคองหลุด)",,"[""uploads\/69d4595198990_1775524177.jpg""]",COMPLETED,UNBILLED,,,0,INTERNAL,,,"",0.00,12,"",,"2026-04-08 04:13:54","2026-04-07 08:09:32","2026-04-08 04:13:54"
211,REP-2604-4633,TRUCK,1069,9,[113] 70-4653,676614,43,สวิทช์เปิด-ปิดระบบ (ทำงานปกติ),"",[],PENDING,UNBILLED,,,0,INTERNAL,,,,0.00,,,,,"2026-04-07 08:14:03","2026-04-07 08:14:03"
212,FL-260407-0837-93,FORKLIFT,,20,TOYOTA TT8FBRE20/6.3M (SN: MTR63004),13660,25,"พบปัญหา:
ระบบไฟสัญญาณ + แตร",,,COMPLETED,UNBILLED,,,0,INTERNAL,,,"",0.00,12,"",,"2026-04-08 04:13:36","2026-04-07 08:37:28","2026-04-08 04:13:36"
213,REP-2604-7228,TRUCK,1073,6,[110] 70-2878,312504,28,ฝาครอบแอร์ 1 อัน (สมบูรณ์ ไม่แตกร้าว),"",[],PENDING,UNBILLED,,,0,INTERNAL,,,,0.00,,,,,"2026-04-07 09:03:17","2026-04-07 09:03:17"
214,FL-260407-0919-22,FORKLIFT,,24,TOYOTA TT8FBRE20/6.3M (SN: MTR63008),123456,12,"พบปัญหา:
สภาพโซ่ / รางเสา (โซ่หย่อน)",,,COMPLETED,UNBILLED,,,0,INTERNAL,,,"",0.00,12,"",,"2026-04-08 04:13:00","2026-04-07 09:19:04","2026-04-08 04:13:00"
215,REP-2604-6411,TRUCK,1075,25,[N26] 71-0077,248444,20,รอยรั่วซึมตามจุดต่างๆ (ไม่มีจุดรั่ว),เบาะฝั่งคนขับขาดซีนกักจารบีล้อหน้าฝั่งขวารั่วเหล็กราวข้างหลุดผุตามกาลเวลา,"[""uploads\/inspections\/2026\/04\/1775528385_955.jpg"",""uploads\/inspections\/2026\/04\/1775528385_819.jpg"",""uploads\/inspections\/2026\/04\/1775528385_770.jpg""]",PENDING,UNBILLED,,,0,INTERNAL,,,,0.00,,,,,"2026-04-07 09:19:45","2026-04-07 09:19:45"
216,FL-260407-0919-58,FORKLIFT,,23,TOYOTA TT8FBRE20/6.3M (SN: MTR63007),123456,12,"พบปัญหา:
เครื่องมือ/อุปกรณ์ (งาชักเข้า ออกไม่ได้)",,,COMPLETED,UNBILLED,,,0,INTERNAL,,,"",0.00,12,"",,"2026-04-08 04:12:29","2026-04-07 09:19:51","2026-04-08 04:12:29"
217,REP-2604-5642,TRUCK,1077,2,[106] 70-2581,339177,35,ระดับน้ำยาคอมพ์ (ระดับน้ำยาตาแมว),"",[],PENDING,UNBILLED,,,0,INTERNAL,,,,0.00,,,,,"2026-04-07 09:55:43","2026-04-07 09:55:43"
218,BM-260407-7114,TRUCK,,2,[106] 70-2581,339117,35,แจ้งซ่อมด่วน: น้ำยาแอร์ฟรีสขาด,,"[""uploads\/quick_repairs\/2026\/04\/1775530687_688.jpeg""]",PENDING,UNBILLED,,,0,INTERNAL,,,,0.00,,,,,"2026-04-07 09:58:07","2026-04-07 09:58:07"
219,BM-260407-4308,TRUCK,,25,[N26] 71-0077,248504,20,แจ้งซ่อมด่วน: อย่างมีรอยแตกลายงา2เส้น,,"[""uploads\/quick_repairs\/2026\/04\/1775536333_383.jpg"",""uploads\/quick_repairs\/2026\/04\/1775536333_803.jpg"",""uploads\/quick_repairs\/2026\/04\/1775536333_730.jpg"",""uploads\/quick_repairs\/2026\/04\/1775536333_267.jpg"",""uploads\/quick_repairs\/2026\/04\/1775536333_617.jpg""]",PENDING,UNBILLED,,,0,INTERNAL,,,,0.00,,,,,"2026-04-07 11:32:13","2026-04-07 11:32:13"
220,REP-2604-8234,TRUCK,1080,11,[115] 70-5842,719785,106,"ไฟสูง-ต่ำ/ไฟท้าย/ไฟเบรก/ไฟเลี้ยว/ไฟถอย (ติดครบทุกดวง), สายพานเครื่อง (ไม่แตกร้าว ไม่หย่อน), ที่ครอบไฟและหลอดไฟภายในตู้ (สมบูรณ์ ไม่แตกร้าว)","",[],PENDING,UNBILLED,,,0,INTERNAL,,,,0.00,,,,,"2026-04-07 13:18:50","2026-04-07 13:18:50"
221,REP-2604-9187,TRUCK,1103,59,[222] 3ฒน-305,265020,81,กรวยจราจร (ถ้ามี),"",[],PENDING,UNBILLED,,,0,INTERNAL,,,,0.00,,,,,"2026-04-08 07:24:42","2026-04-08 07:24:42"
222,FL-260408-0801-73,FORKLIFT,,46,TOYOTA 8FB25 (SN: MTR62219),19538,18,"พบปัญหา:
ระดับน้ำมันไฮดรอลิค (ซึมใต้ท้องรถ)",,,COMPLETED,UNBILLED,,,0,INTERNAL,,,"",0.00,12,"",,"2026-04-08 04:12:01","2026-04-08 08:01:03","2026-04-08 04:12:01"
223,REP-2604-5114,TRUCK,1106,11,[115] 70-5842,719796,106,"ไฟสูง-ต่ำ/ไฟท้าย/ไฟเบรก/ไฟเลี้ยว/ไฟถอย (ติดครบทุกดวง), สายพานเครื่อง (ไม่แตกร้าว ไม่หย่อน), ที่ครอบไฟและหลอดไฟภายในตู้ (สมบูรณ์ ไม่แตกร้าว)","",[],PENDING,UNBILLED,,,0,INTERNAL,,,,0.00,,,,,"2026-04-08 08:05:27","2026-04-08 08:05:27"
224,REP-2604-4912,TRUCK,1112,9,[113] 70-4653,876743,70,"ความลึกของดอกยาง (มากกว่าสะพานยาง), สวิทช์เปิด-ปิดระบบ (ทำงานปกติ)","",[],PENDING,UNBILLED,,,0,INTERNAL,,,,0.00,,,,,"2026-04-08 08:21:34","2026-04-08 08:21:34"
225,FL-260408-0824-82,FORKLIFT,,40,TOYOTA 8FBRE20 (SN: MTR63006),2984,46,"พบปัญหา:
แบตแล้วนำกลับมาใช้งานในพื้นที่",,,COMPLETED,UNBILLED,,,0,INTERNAL,,,"",0.00,12,"",,"2026-04-08 04:11:48","2026-04-08 08:24:14","2026-04-08 04:11:48"
226,FL-260408-0824-94,FORKLIFT,,32,TOYOTA  (SN: MTR62302),30199,27,"พบปัญหา:
ระบบสัญญาณแตร
ระบบไฟสัญญาณ + แตร",,,COMPLETED,UNBILLED,,,0,INTERNAL,,,"",0.00,12,"",,"2026-04-08 04:11:31","2026-04-08 08:24:37","2026-04-08 04:11:31"
227,FL-260408-0826-13,FORKLIFT,,41,NY FBR AW25 (SN: MTR58146),21645,20,"พบปัญหา:
เครื่องมือ/อุปกรณ์ (ไฟไม่ติด)",,,COMPLETED,UNBILLED,,,0,INTERNAL,,,"",0.00,12,"",,"2026-04-08 04:11:07","2026-04-08 08:26:43","2026-04-08 04:11:07"
228,FL-260408-0917-95,FORKLIFT,,38,TOYOTA  (SN: MTR62301),123456,12,"พบปัญหา:
เครื่องมือ/อุปกรณ์ (มันมันรั่วตรงตัวสไล)",,,COMPLETED,UNBILLED,,,0,INTERNAL,,,"",0.00,12,"",,"2026-04-08 04:10:50","2026-04-08 09:17:22","2026-04-08 04:10:50"
229,REP-2604-0471,TRUCK,1116,6,[110] 70-2878,312638,55,ฝาครอบแอร์ 1 อัน (สมบูรณ์ ไม่แตกร้าว),"",[],PENDING,UNBILLED,,,0,INTERNAL,,,,0.00,,,,,"2026-04-08 10:16:49","2026-04-08 10:16:49"
230,REP-2604-0514,TRUCK,1119,58,[221] 3ฒน-304,245600,76,กรวยจราจร (ถ้ามี),"","[""uploads\/inspections\/2026\/04\/1775683019_858.jpg"",""uploads\/inspections\/2026\/04\/1775683019_994.jpg""]",PENDING,UNBILLED,,,0,INTERNAL,,,,0.00,,,,,"2026-04-09 04:16:59","2026-04-09 04:16:59"
231,REP-2604-4375,TRUCK,1121,59,[222] 3ฒน-305,265186,81,กรวยจราจร (ถ้ามี),"",[],PENDING,UNBILLED,,,0,INTERNAL,,,,0.00,,,,,"2026-04-09 04:31:26","2026-04-09 04:31:26"
232,REP-2604-2985,TRUCK,1136,47,[607] 71-0237,228117,42,"ระดับน้ำมันเครื่อง (ระดับปกติ), รอยรั่วซึมตามจุดต่างๆ (ไม่มีจุดรั่ว)",ครบกำหนดเช็คระยะ เปลี่ยนถ่ายของเหลว,"[""uploads\/inspections\/2026\/04\/1775696248_132.jpg"",""uploads\/inspections\/2026\/04\/1775696248_643.jpg""]",PENDING,UNBILLED,,,0,INTERNAL,,,,0.00,,,,,"2026-04-09 07:57:28","2026-04-09 07:57:28"
233,REP-2604-3083,TRUCK,1137,6,[110] 70-2878,312755,55,ฝาครอบแอร์ 1 อัน (สมบูรณ์ ไม่แตกร้าว),"",[],PENDING,UNBILLED,,,0,INTERNAL,,,,0.00,,,,,"2026-04-09 07:58:57","2026-04-09 07:58:57"
234,BM-260409-4970,TRUCK,,47,[607] 71-0237,228117,42,แจ้งซ่อมด่วน: ครบกำหนดเช็คระยะ เปลี่ยนถ่ายของเหลว,,"[""uploads\/quick_repairs\/2026\/04\/1775696338_460.jpg"",""uploads\/quick_repairs\/2026\/04\/1775696338_340.jpg""]",PENDING,UNBILLED,,,0,INTERNAL,,,,0.00,,,,,"2026-04-09 07:58:58","2026-04-09 07:58:58"
235,REP-2604-8586,TRUCK,1144,17,[N18] 70-7295,603744,54,ระดับน้ำยาคอมพ์ (ระดับน้ำยาตาแมว),"",[],PENDING,UNBILLED,,,0,INTERNAL,,,,0.00,,,,,"2026-04-09 08:43:16","2026-04-09 08:43:16"
236,REP-2604-2748,TRUCK,1148,9,[113] 70-4653,876839,70,"ความลึกของดอกยาง (มากกว่าสะพานยาง), สวิทช์เปิด-ปิดระบบ (ทำงานปกติ)","",[],PENDING,UNBILLED,,,0,INTERNAL,,,,0.00,,,,,"2026-04-09 11:29:56","2026-04-09 11:29:56"
237,REP-2604-6371,TRUCK,1151,25,[N26] 71-0077,249214,47,"สภาพแก้มยาง (ปกติ), รอยรั่วซึมตามจุดต่างๆ (ไม่มีจุดรั่ว)",คนขับฝั่งขวาขาดน้ำมันกลับฟิล์มจารบีรั่วล้อหน้าฝั่งขวาแก้มยางแตก 2 เส้น,"[""uploads\/inspections\/2026\/04\/1775731651_392.jpg"",""uploads\/inspections\/2026\/04\/1775731651_998.jpg"",""uploads\/inspections\/2026\/04\/1775731651_311.jpg"",""uploads\/inspections\/2026\/04\/1775731651_847.jpg""]",PENDING,UNBILLED,,,0,INTERNAL,,,,0.00,,,,,"2026-04-09 17:47:31","2026-04-09 17:47:31"
238,REP-2604-8588,TRUCK,1159,60,[223] 4ฒข8861,103179,60,สายพานทุกเส้น (สภาพปกติ),สายพานแอร์ฟีสดัง,[],PENDING,UNBILLED,,,0,INTERNAL,,,,0.00,,,,,"2026-04-10 05:26:48","2026-04-10 05:26:48"
239,BM-260410-1358,TRUCK,,45,[603] 70-6390,766184,61,แจ้งซ่อมด่วน: สายปลั๊กตู้ขาดใน,,"[""uploads\/quick_repairs\/2026\/04\/1775779090_189.jpg""]",PENDING,UNBILLED,,,0,INTERNAL,,,,0.00,,,,,"2026-04-10 06:58:10","2026-04-10 06:58:10"
240,FL-260410-0813-18,FORKLIFT,,32,TOYOTA  (SN: MTR62302),9649,27,"พบปัญหา:
ระบบไฟสัญญาณ + แตร (สัญญาณไฟเสีย)",,,COMPLETED,UNBILLED,,,0,INTERNAL,,,"",0.00,12,"",,"2026-04-10 10:19:55","2026-04-10 08:13:51","2026-04-10 10:19:55"
241,BM-260410-9678,TRUCK,,47,[607] 71-0237,228595,42,แจ้งซ่อมด่วน: แจ้งซ่อมคอยล์แอร์ฟรีสช๊อต และแจ้งครบกำหนดเปลี่ยนถ่ายของเหลวแอร์ฟรีส,,"[""uploads\/quick_repairs\/2026\/04\/1775788229_617.jpg"",""uploads\/quick_repairs\/2026\/04\/1775788229_777.jpg""]",PENDING,UNBILLED,,,0,INTERNAL,,,,0.00,,,,,"2026-04-10 09:30:29","2026-04-10 09:30:29"
242,FL-260410-0942-82,FORKLIFT,,33,MITSUBISHI  (SN: MTR6193),123456,12,"พบปัญหา:
เครื่องมือ/อุปกรณ์ (รอเช็คกล่องระบบ)",,,COMPLETED,UNBILLED,,,0,INTERNAL,,,"",0.00,12,"",,"2026-04-10 10:19:42","2026-04-10 09:42:32","2026-04-10 10:19:42"
243,FL-260410-0944-41,FORKLIFT,,40,TOYOTA 8FBRE20 (SN: MTR63006),123456,12,"พบปัญหา:
เครื่องมือ/อุปกรณ์ (วิ่งๆหยุดๆ)",,,COMPLETED,UNBILLED,,,0,INTERNAL,,,"",0.00,12,"",,"2026-04-10 10:19:27","2026-04-10 09:44:13","2026-04-10 10:19:27"
244,REP-2604-3550,TRUCK,1177,2,[106] 70-2581,339455,62,ระดับน้ำยาคอมพ์ (ระดับน้ำยาตาแมว),"",[],PENDING,UNBILLED,,,0,INTERNAL,,,,0.00,,,,,"2026-04-11 01:15:27","2026-04-11 01:15:27"
245,REP-2604-6704,TRUCK,1188,11,[115] 70-5842,719820,106,"ไฟสูง-ต่ำ/ไฟท้าย/ไฟเบรก/ไฟเลี้ยว/ไฟถอย (ติดครบทุกดวง), สายพานเครื่อง (ไม่แตกร้าว ไม่หย่อน), ที่ครอบไฟและหลอดไฟภายในตู้ (สมบูรณ์ ไม่แตกร้าว)","",[],PENDING,UNBILLED,,,0,INTERNAL,,,,0.00,,,,,"2026-04-11 07:56:46","2026-04-11 07:56:46"
246,FL-260411-0809-94,FORKLIFT,,32,TOYOTA  (SN: MTR62302),7478,27,"พบปัญหา:
ระบบไฟสัญญาณ + แตร",,,COMPLETED,UNBILLED,,,0,INTERNAL,,,"",0.00,12,"",,"2026-04-16 11:47:38","2026-04-11 08:09:50","2026-04-16 11:47:38"
247,BM-260411-3336,TRUCK,,44,[602] 70-6356,794040,30,แจ้งซ่อมด่วน: ม่านหลุดติดม่านใหม่ไฟส่องป้ายขาด 2 ดวง ราววัดอุณหภูมิหลุดยิงรีเวทใหม่,,"[""uploads\/quick_repairs\/2026\/04\/1775903224_249.jpg"",""uploads\/quick_repairs\/2026\/04\/1775903224_822.jpg"",""uploads\/quick_repairs\/2026\/04\/1775903224_507.jpg"",""uploads\/quick_repairs\/2026\/04\/1775903224_310.jpg"",""uploads\/quick_repairs\/2026\/04\/1775903225_362.jpg""]",PENDING,UNBILLED,,,0,INTERNAL,,,,0.00,,,,,"2026-04-11 17:27:05","2026-04-11 17:27:05"
248,FL-260413-0814-71,FORKLIFT,,42,BT RRE200 (SN: MTR64022),8917,28,"พบปัญหา:
สภาพสายไฮดรอลิค",,,COMPLETED,UNBILLED,,,0,INTERNAL,,,"",0.00,12,"",,"2026-04-16 11:47:26","2026-04-13 08:14:20","2026-04-16 11:47:26"
249,REP-2604-1801,TRUCK,1200,44,[602] 70-6356,794041,30,ไฟสูง-ต่ำ/ไฟท้าย/ไฟเบรก/ไฟเลี้ยว/ไฟถอย (ติดครบทุกดวง),ไฟส่องป้ายสองดวงหลอดขาด/ราวม่านท้ายตู้หลุด,"[""uploads\/inspections\/2026\/04\/1776297060_275.jpg"",""uploads\/inspections\/2026\/04\/1776297061_223.jpg"",""uploads\/inspections\/2026\/04\/1776297061_586.jpg"",""uploads\/inspections\/2026\/04\/1776297061_851.jpg"",""uploads\/inspections\/2026\/04\/1776297061_629.jpg""]",PENDING,UNBILLED,,,0,INTERNAL,,,,0.00,,,,,"2026-04-16 06:51:01","2026-04-16 06:51:01"
250,REP-2604-4307,TRUCK,1201,44,[602] 70-6356,794041,30,ไฟสูง-ต่ำ/ไฟท้าย/ไฟเบรก/ไฟเลี้ยว/ไฟถอย (ติดครบทุกดวง),ไฟส่องป้ายขาด 2 ดวง/ราวม่านประตูหลังหลุด,"[""uploads\/inspections\/2026\/04\/1776297183_759.jpg"",""uploads\/inspections\/2026\/04\/1776297183_716.jpg"",""uploads\/inspections\/2026\/04\/1776297183_608.jpg"",""uploads\/inspections\/2026\/04\/1776297183_226.jpg"",""uploads\/inspections\/2026\/04\/1776297183_973.jpg""]",PENDING,UNBILLED,,,0,INTERNAL,,,,0.00,,,,,"2026-04-16 06:53:03","2026-04-16 06:53:03"
251,FL-260416-0759-22,FORKLIFT,,46,TOYOTA 8FB25 (SN: MTR62219),19580,18,"พบปัญหา:
เครื่องมือ/อุปกรณ์ (มีซึมอยู่ใต้ท้องร)
ระดับน้ำมันไฮดรอลิค",,,COMPLETED,UNBILLED,,,0,INTERNAL,,,"",0.00,12,"",,"2026-04-16 11:47:14","2026-04-16 07:59:04","2026-04-16 11:47:14"
252,REP-2604-3203,TRUCK,1205,14,[C4] 70-5575,809273,72,รอยรั่วซึมตามจุดต่างๆ (ไม่มีจุดรั่ว),น้ำมันรั่วซึมหัวชีดเคื่องแอร์ฟรีส,"[""uploads\/inspections\/2026\/04\/1776301811_995.jpg""]",PENDING,UNBILLED,,,0,INTERNAL,,,,0.00,,,,,"2026-04-16 08:10:11","2026-04-16 08:10:11"
253,BM-260416-5486,TRUCK,,14,[C4] 70-5575,809273,72,"แจ้งซ่อมด่วน: 1) เช็คระยะเครื่องยนต์ เกินมา 6000 knm แล้ว
1) เช็คระยะเครื่องยนต์แอร์ฟรีส เกินมา 1 เดือนแล้ว
3) มีน้ำมันรั่วซึมตรงหัวชีีดแอร์ฟรีส
4) แอร์ฟรีสปั่นอุณหภูมิลงช้ามากกกก แดดร้อนปั่นไม่ลงเลย",,"[""uploads\/quick_repairs\/2026\/04\/1776302239_877.jpg"",""uploads\/quick_repairs\/2026\/04\/1776302239_838.jpg"",""uploads\/quick_repairs\/2026\/04\/1776302239_709.jpg"",""uploads\/quick_repairs\/2026\/04\/1776302239_253.jpg""]",PENDING,UNBILLED,,,0,INTERNAL,,,,0.00,,,,,"2026-04-16 08:17:19","2026-04-16 08:17:19"
254,FL-260416-0921-88,FORKLIFT,,23,TOYOTA TT8FBRE20/6.3M (SN: MTR63007),123456,12,"พบปัญหา:
เครื่องมือ/อุปกรณ์ (วิ่งช้า)",,,COMPLETED,UNBILLED,,,0,INTERNAL,,,"",0.00,12,"",,"2026-04-16 11:46:54","2026-04-16 09:21:30","2026-04-16 11:46:54"
255,REP-2604-5814,TRUCK,1214,11,[115] 70-5842,719828,106,"ไฟสูง-ต่ำ/ไฟท้าย/ไฟเบรก/ไฟเลี้ยว/ไฟถอย (ติดครบทุกดวง), สายพานเครื่อง (ไม่แตกร้าว ไม่หย่อน), ที่ครอบไฟและหลอดไฟภายในตู้ (สมบูรณ์ ไม่แตกร้าว)","",[],PENDING,UNBILLED,,,0,INTERNAL,,,,0.00,,,,,"2026-04-16 09:52:54","2026-04-16 09:52:54"
256,BM-260416-6364,TRUCK,,33,[N34] 71-1425,100147,94,"แจ้งซ่อมด่วน: ครบรอบถ่ายน้ำมันเครื่อง 100,000 กิโลเมตร",,"[""uploads\/quick_repairs\/2026\/04\/1776320018_399.jpg""]",PENDING,UNBILLED,,,0,INTERNAL,,,,0.00,,,,,"2026-04-16 13:13:38","2026-04-16 13:13:38"
257,REP-2604-2578,TRUCK,1228,60,[223] 4ฒข8861,104286,60,สายพานทุกเส้น (สภาพปกติ),สายพานแอร์ฟิตดัง,[],PENDING,UNBILLED,,,0,INTERNAL,,,,0.00,,,,,"2026-04-17 05:15:42","2026-04-17 05:15:42"
258,REP-2604-1332,TRUCK,1230,2,[106] 70-2581,339591,62,ระดับน้ำยาคอมพ์ (ระดับน้ำยาตาแมว),"",[],PENDING,UNBILLED,,,0,INTERNAL,,,,0.00,,,,,"2026-04-17 06:21:32","2026-04-17 06:21:32"
259,REP-2604-6748,TRUCK,1239,44,[602] 70-6356,794280,30,ไฟสูง-ต่ำ/ไฟท้าย/ไฟเบรก/ไฟเลี้ยว/ไฟถอย (ติดครบทุกดวง),ไฟส่องส่งป้ายยังขาดลาวม่านข้างหลังหลุด,"[""uploads\/inspections\/2026\/04\/1776384315_340.jpg"",""uploads\/inspections\/2026\/04\/1776384315_466.jpg"",""uploads\/inspections\/2026\/04\/1776384315_890.jpg"",""uploads\/inspections\/2026\/04\/1776384315_904.jpg""]",PENDING,UNBILLED,,,0,INTERNAL,,,,0.00,,,,,"2026-04-17 07:05:15","2026-04-17 07:05:15"
260,BM-260417-4378,TRUCK,,19,[N20] 70-7703,544736,56,แจ้งซ่อมด่วน: หน้าจอ เครื่องทำความเย็น(แอร์ฟรีส)ไม่ติด ครับ,,"[""uploads\/quick_repairs\/2026\/04\/1776385112_522.jpeg""]",PENDING,UNBILLED,,,0,INTERNAL,,,,0.00,,,,,"2026-04-17 07:18:32","2026-04-17 07:18:32"
261,REP-2604-7625,TRUCK,1243,6,[110] 70-2878,313215,55,ฝาครอบแอร์ 1 อัน (สมบูรณ์ ไม่แตกร้าว),"",[],PENDING,UNBILLED,,,0,INTERNAL,,,,0.00,,,,,"2026-04-17 07:25:07","2026-04-17 07:25:07"
262,REP-2604-3158,TRUCK,1246,11,[115] 70-5842,719837,106,"ไฟสูง-ต่ำ/ไฟท้าย/ไฟเบรก/ไฟเลี้ยว/ไฟถอย (ติดครบทุกดวง), สายพานเครื่อง (ไม่แตกร้าว ไม่หย่อน), ที่ครอบไฟและหลอดไฟภายในตู้ (สมบูรณ์ ไม่แตกร้าว)","",[],PENDING,UNBILLED,,,0,INTERNAL,,,,0.00,,,,,"2026-04-17 07:56:04","2026-04-17 07:56:04"
263,FL-260417-0758-59,FORKLIFT,,46,TOYOTA 8FB25 (SN: MTR62219),19591,18,"พบปัญหา:
ระดับน้ำมันไฮดรอลิค (มีลวดซึม สายท้องรถ)",,,COMPLETED,UNBILLED,,,0,INTERNAL,,,,0.00,93,"",,"2026-05-13 03:08:52","2026-04-17 07:58:29","2026-05-13 03:09:03"
264,BM-260417-0514,TRUCK,,45,[603] 70-6390,766833,61,แจ้งซ่อมด่วน: สายพานเครื่องยนต์ดัง,,"[""uploads\/quick_repairs\/2026\/04\/1776405826_993.jpg""]",PENDING,UNBILLED,,,0,INTERNAL,,,,0.00,,,,,"2026-04-17 13:03:46","2026-04-17 13:03:46"
265,BM-260417-0159,TRUCK,,53,[216] 2ฒญ-4896,378056,79,แจ้งซ่อมด่วน: ไฟในตู้ไม่ติด,,"[""uploads\/quick_repairs\/2026\/04\/1776410332_885.jpg""]",PENDING,UNBILLED,,,0,INTERNAL,,,,0.00,,,,,"2026-04-17 14:18:52","2026-04-17 14:18:52"
266,REP-2604-2891,TRUCK,1271,6,[110] 70-2878,313378,55,ฝาครอบแอร์ 1 อัน (สมบูรณ์ ไม่แตกร้าว),"",[],PENDING,UNBILLED,,,0,INTERNAL,,,,0.00,,,,,"2026-04-18 06:48:41","2026-04-18 06:48:41"
267,REP-2604-4632,TRUCK,1272,9,[113] 70-4653,877058,70,ความลึกของดอกยาง (มากกว่าสะพานยาง),ดอกยางล้อหน้าต่ำกว่ามาตรฐาน,[],PENDING,UNBILLED,,,0,INTERNAL,,,,0.00,,,,,"2026-04-18 07:07:33","2026-04-18 07:07:33"
268,REP-2604-6491,TRUCK,1276,11,[115] 70-5842,719846,106,"ไฟสูง-ต่ำ/ไฟท้าย/ไฟเบรก/ไฟเลี้ยว/ไฟถอย (ติดครบทุกดวง), สายพานเครื่อง (ไม่แตกร้าว ไม่หย่อน), ที่ครอบไฟและหลอดไฟภายในตู้ (สมบูรณ์ ไม่แตกร้าว)","",[],PENDING,UNBILLED,,,0,INTERNAL,,,,0.00,,,,,"2026-04-18 08:01:18","2026-04-18 08:01:18"
269,REP-2604-5942,TRUCK,1278,45,[603] 70-6390,766899,61,"ไฟสูง-ต่ำ/ไฟท้าย/ไฟเบรก/ไฟเลี้ยว/ไฟถอย (ติดครบทุกดวง), สายพานทุกเส้น (สภาพปกติ)","",[],PENDING,UNBILLED,,,0,INTERNAL,,,,0.00,,,,,"2026-04-18 08:09:42","2026-04-18 08:09:42"
270,REP-2604-7240,TRUCK,1280,25,[N26] 71-0077,250078,47,รอยรั่วซึมตามจุดต่างๆ (ไม่มีจุดรั่ว),เบาะฝั่งคนขับขาดจารบีล้อหน้าฝั่งคนขับรั่ว,"[""uploads\/inspections\/2026\/04\/1776476168_478.jpg"",""uploads\/inspections\/2026\/04\/1776476168_229.jpg""]",PENDING,UNBILLED,,,0,INTERNAL,,,,0.00,,,,,"2026-04-18 08:36:08","2026-04-18 08:36:08"
271,BM-260418-1106,TRUCK,,15,[N16] 70-6993,592358,94,แจ้งซ่อมด่วน: แบตเตอรี่เสื่อมสภาพสตาร์ทไม่ติดเข็มติดดับก็สตาร์ทไม่ติด,,"[""uploads\/quick_repairs\/2026\/04\/1776483245_309.jpg""]",PENDING,UNBILLED,,,0,INTERNAL,,,,0.00,,,,,"2026-04-18 10:34:05","2026-04-18 10:34:05"
272,REP-2604-6428,TRUCK,1293,2,[106] 70-2581,339779,62,ระดับน้ำยาคอมพ์ (ระดับน้ำยาตาแมว),"",[],PENDING,UNBILLED,,,0,INTERNAL,,,,0.00,,,,,"2026-04-20 03:50:16","2026-04-20 03:50:16"
273,REP-2604-3155,TRUCK,1317,9,[113] 70-4653,877176,70,ความลึกของดอกยาง (มากกว่าสะพานยาง),"",[],PENDING,UNBILLED,,,0,INTERNAL,,,,0.00,,,,,"2026-04-20 07:58:14","2026-04-20 07:58:14"
274,REP-2604-4921,TRUCK,1320,11,[115] 70-5842,719851,106,"ไฟสูง-ต่ำ/ไฟท้าย/ไฟเบรก/ไฟเลี้ยว/ไฟถอย (ติดครบทุกดวง), สายพานเครื่อง (ไม่แตกร้าว ไม่หย่อน), ที่ครอบไฟและหลอดไฟภายในตู้ (สมบูรณ์ ไม่แตกร้าว)","",[],PENDING,UNBILLED,,,0,INTERNAL,,,,0.00,,,,,"2026-04-20 08:03:03","2026-04-20 08:03:03"
275,REP-2604-0582,TRUCK,1321,6,[110] 70-2878,313714,55,ฝาครอบแอร์ 1 อัน (สมบูรณ์ ไม่แตกร้าว),"",[],PENDING,UNBILLED,,,0,INTERNAL,,,,0.00,,,,,"2026-04-20 08:14:00","2026-04-20 08:14:00"
276,REP-2604-2397,TRUCK,1324,25,[N26] 71-0077,250252,47,รอยรั่วซึมตามจุดต่างๆ (ไม่มีจุดรั่ว),เบาะฝั่งคนขับขาดซีนกักน้ำมันจารบีรั่วล้อหน้าฝั่งคนขับ,"[""uploads\/inspections\/2026\/04\/1776648238_844.jpg"",""uploads\/inspections\/2026\/04\/1776648238_975.jpg""]",PENDING,UNBILLED,,,0,INTERNAL,,,,0.00,,,,,"2026-04-20 08:23:59","2026-04-20 08:23:59"
277,BM-260420-3041,TRUCK,,25,[N26] 71-0077,250252,47,"แจ้งซ่อมด่วน: ครบระยะถ่ายน้ำมันเครื่อง
ซีนจากจารบีรั่ว",,"[""uploads\/quick_repairs\/2026\/04\/1776648350_884.jpg"",""uploads\/quick_repairs\/2026\/04\/1776648350_976.jpg""]",PENDING,UNBILLED,,,0,INTERNAL,,,,0.00,,,,,"2026-04-20 08:25:50","2026-04-20 08:25:50"
278,FL-260420-0826-62,FORKLIFT,,32,TOYOTA  (SN: MTR62302),7512,27,"พบปัญหา:
ระบบไฟสัญญาณ + แตร",,,COMPLETED,UNBILLED,,,0,INTERNAL,,,"",0.00,12,"",,"2026-04-21 04:43:56","2026-04-20 08:26:06","2026-04-21 04:43:56"
279,REP-2604-0560,TRUCK,1333,2,[106] 70-2581,339871,62,ระดับน้ำยาคอมพ์ (ระดับน้ำยาตาแมว),"",[],PENDING,UNBILLED,,,0,INTERNAL,,,,0.00,,,,,"2026-04-21 04:03:56","2026-04-21 04:03:56"
280,REP-2604-5154,TRUCK,1348,11,[115] 70-5842,719860,106,"ไฟสูง-ต่ำ/ไฟท้าย/ไฟเบรก/ไฟเลี้ยว/ไฟถอย (ติดครบทุกดวง), สายพานเครื่อง (ไม่แตกร้าว ไม่หย่อน), ที่ครอบไฟและหลอดไฟภายในตู้ (สมบูรณ์ ไม่แตกร้าว)","",[],PENDING,UNBILLED,,,0,INTERNAL,,,,0.00,,,,,"2026-04-21 08:04:38","2026-04-21 08:04:38"
281,BM-260421-5061,TRUCK,,10,[114] 70-5673,855634,44,แจ้งซ่อมด่วน: เปลี่ยนถ่ายน้ำมันเครื่องแอร์ฟรีส/เปลี่ยนสายพานเครื่องปั่นแอร์/เช็คระบบไฟ(ไฟเลี้ยวไม่ติดแถบขวาทั้งแถบ),,"[""uploads\/quick_repairs\/2026\/04\/1776742794_728.jpg"",""uploads\/quick_repairs\/2026\/04\/1776742794_458.jpg"",""uploads\/quick_repairs\/2026\/04\/1776742794_284.jpg""]",PENDING,UNBILLED,,,0,INTERNAL,,,,0.00,,,,,"2026-04-21 10:39:54","2026-04-21 10:39:54"
282,BM-260421-4591,TRUCK,,10,[114] 70-5673,855634,44,แจ้งซ่อมด่วน: เปลี่ยนถ่ายน้ำมันเครื่องแอร์ฟรีส/เปลี่ยนสายพานเครื่องปั่นแอร์/เช็คระบบไฟ(ไฟเลี้ยวไม่ติดแถบขวาทั้งแถบ),,"[""uploads\/quick_repairs\/2026\/04\/1776742826_915.jpg"",""uploads\/quick_repairs\/2026\/04\/1776742826_470.jpg"",""uploads\/quick_repairs\/2026\/04\/1776742826_810.jpg""]",PENDING,UNBILLED,,,0,INTERNAL,,,,0.00,,,,,"2026-04-21 10:40:26","2026-04-21 10:40:26"
283,REP-2604-1615,TRUCK,1360,60,[223] 4ฒข8861,105829,60,สายพานทุกเส้น (สภาพปกติ),"สายพานแอร์ฟิตดัง
เช็คระยะแอรฟิต
เติมน้ำยาแอร์ฟิต
ล้างแผงคอยล์ร้อนแอร์ฟิต
เปลี่ยนสายพานแอร์ฟิต",[],PENDING,UNBILLED,,,0,INTERNAL,,,,0.00,,,,,"2026-04-21 13:32:47","2026-04-21 13:32:47"
284,REP-2604-0796,TRUCK,1363,2,[106] 70-2581,339963,62,ระดับน้ำยาคอมพ์ (ระดับน้ำยาตาแมว),"",[],PENDING,UNBILLED,,,0,INTERNAL,,,,0.00,,,,,"2026-04-21 23:56:34","2026-04-21 23:56:34"
285,REP-2604-2276,TRUCK,1371,57,[220] 3ฒน-313,247022,63,ระดับน้ำมันเบรค (ระดับปกติ),เบรคใกล้จะหมดเวลาเบรกมีเสียงคับ,[],PENDING,UNBILLED,,,0,INTERNAL,,,,0.00,,,,,"2026-04-22 05:47:41","2026-04-22 05:47:41"
286,REP-2604-7580,TRUCK,1375,11,[115] 70-5842,719867,106,"ไฟสูง-ต่ำ/ไฟท้าย/ไฟเบรก/ไฟเลี้ยว/ไฟถอย (ติดครบทุกดวง), สายพานเครื่อง (ไม่แตกร้าว ไม่หย่อน), ที่ครอบไฟและหลอดไฟภายในตู้ (สมบูรณ์ ไม่แตกร้าว)","",[],PENDING,UNBILLED,,,0,INTERNAL,,,,0.00,,,,,"2026-04-22 06:51:57","2026-04-22 06:51:57"
287,FL-260422-0807-53,FORKLIFT,,7,TOYOTA 8FBR18 S/N 10754 (SN: MTR6010),22812,19,"พบปัญหา:
ระดับน้ำมันไฮดรอลิค",,"[""uploads\/69e81f4c3fd87_1776820044.jpg""]",COMPLETED,UNBILLED,,,0,INTERNAL,,,,0.00,12,"",,"2026-04-30 07:22:49","2026-04-22 08:07:19","2026-04-30 07:22:49"
288,BM-260422-1957,TRUCK,,14,[C4] 70-5575,809708,72,แจ้งซ่อมด่วน: พัดลมพัง,,"[""uploads\/quick_repairs\/2026\/04\/1776821111_490.jpg""]",PENDING,UNBILLED,,,0,INTERNAL,,,,0.00,,,,,"2026-04-22 08:25:11","2026-04-22 08:25:11"
289,REP-2604-5835,TRUCK,1392,9,[113] 70-4653,877583,70,ความลึกของดอกยาง (มากกว่าสะพานยาง),"",[],PENDING,UNBILLED,,,0,INTERNAL,,,,0.00,,,,,"2026-04-22 12:01:23","2026-04-22 12:01:23"
290,BM-260422-2974,TRUCK,,41,[N42] 71-1538,68914,41,"แจ้งซ่อมด่วน: เช็กระบบเบรค เบรคมีเสียงดัง
ศูนย์ ฮีโน่ พระราม2
เคลมอยู่ในช่วงรับประกัน",,"[""uploads\/quick_repairs\/2026\/04\/1776845665_922.jpg""]",PENDING,UNBILLED,,,0,INTERNAL,,,,0.00,,,,,"2026-04-22 15:14:25","2026-04-22 15:14:25"
291,REP-2604-2091,TRUCK,1417,9,[113] 70-4653,877659,70,ความลึกของดอกยาง (มากกว่าสะพานยาง),"",[],PENDING,UNBILLED,,,0,INTERNAL,,,,0.00,,,,,"2026-04-23 07:15:25","2026-04-23 07:15:25"
292,FL-260423-0826-17,FORKLIFT,,32,TOYOTA  (SN: MTR62302),7527,27,"พบปัญหา:
ระบบไฟสัญญาณ + แตร",,,COMPLETED,UNBILLED,,,0,INTERNAL,,,,0.00,93,"",,"2026-05-13 03:08:14","2026-04-23 08:26:14","2026-05-13 03:08:14"
293,REP-2604-3503,TRUCK,1422,25,[N26] 71-0077,251196,47,รอยรั่วซึมตามจุดต่างๆ (ไม่มีจุดรั่ว),เบาะนั่งฝั่งคนขับขาดซีนจากจารบีล้อหน้ารั่ว,"[""uploads\/inspections\/2026\/04\/1776909446_701.jpg"",""uploads\/inspections\/2026\/04\/1776909446_236.jpg""]",PENDING,UNBILLED,,,0,INTERNAL,,,,0.00,,,,,"2026-04-23 08:57:26","2026-04-23 08:57:26"
294,REP-2604-7174,TRUCK,1426,57,[220] 3ฒน-313,247551,63,ระดับน้ำมันเบรค (ระดับปกติ),เบรคใกล้จะหมดคับ,[],PENDING,UNBILLED,,,0,INTERNAL,,,,0.00,,,,,"2026-04-23 11:39:35","2026-04-23 11:39:35"
295,BM-260423-7778,TRUCK,,23,[N24] 70-8779,434891,40,แจ้งซ่อมด่วน: ครบรอบเช็คระยะเครื่องยนต์,,"[""uploads\/quick_repairs\/2026\/04\/1776933644_954.jpg""]",PENDING,UNBILLED,,,0,INTERNAL,,,,0.00,,,,,"2026-04-23 15:40:44","2026-04-23 15:40:44"
296,REP-2604-4711,TRUCK,1440,2,[106] 70-2581,340290,62,ระดับน้ำยาคอมพ์ (ระดับน้ำยาตาแมว),"",[],PENDING,UNBILLED,,,0,INTERNAL,,,,0.00,,,,,"2026-04-24 06:46:57","2026-04-24 06:46:57"
297,REP-2604-1331,TRUCK,1446,9,[113] 70-4653,877730,70,ความลึกของดอกยาง (มากกว่าสะพานยาง),"",[],PENDING,UNBILLED,,,0,INTERNAL,,,,0.00,,,,,"2026-04-24 07:43:48","2026-04-24 07:43:48"
298,REP-2604-1221,TRUCK,1454,11,[115] 70-5842,719900,106,สายพานเครื่อง (ไม่แตกร้าว ไม่หย่อน),"",[],PENDING,UNBILLED,,,0,INTERNAL,,,,0.00,,,,,"2026-04-24 08:20:40","2026-04-24 08:20:40"
299,BM-260424-9033,TRUCK,,28,[N29] 71-0621,200904,57,แจ้งซ่อมด่วน: ถึงรอบเปลี่ยนถ่ายน้ำมันเครื่องครับ,,"[""uploads\/quick_repairs\/2026\/04\/1776994133_577.jpg"",""uploads\/quick_repairs\/2026\/04\/1776994133_774.jpg""]",PENDING,UNBILLED,,,0,INTERNAL,,,,0.00,,,,,"2026-04-24 08:28:53","2026-04-24 08:28:53"
300,REP-2604-2001,TRUCK,1458,6,[110] 70-2878,314178,55,ฝาครอบแอร์ 1 อัน (สมบูรณ์ ไม่แตกร้าว),"",[],PENDING,UNBILLED,,,0,INTERNAL,,,,0.00,,,,,"2026-04-24 09:58:30","2026-04-24 09:58:30"
301,BM-260424-9188,TRUCK,,6,[110] 70-2878,314178,55,แจ้งซ่อมด่วน: วิทยุมีปัญหาครับ,,"[""uploads\/quick_repairs\/2026\/04\/1776999754_321.jpg""]",PENDING,UNBILLED,,,0,INTERNAL,,,,0.00,,,,,"2026-04-24 10:02:34","2026-04-24 10:02:34"
302,BM-260424-4187,TRUCK,,44,[602] 70-6356,795896,30,แจ้งซ่อมด่วน: เช็คน้ำยาเช็คระบบแอร์เช็ครั่วแอร์ทำความเย็นอุณหภูมิลงช้ามาก,,"[""uploads\/quick_repairs\/2026\/04\/1777003752_715.jpg"",""uploads\/quick_repairs\/2026\/04\/1777003752_728.jpg""]",PENDING,UNBILLED,,,0,INTERNAL,,,,0.00,,,,,"2026-04-24 11:09:12","2026-04-24 11:09:12"
303,BM-260424-9215,TRUCK,,44,[602] 70-6356,795896,30,แจ้งซ่อมด่วน: เช็คน้ำยาเช็คระบบแอร์เช็ครั่วแอร์ทำความเย็นอุณหภูมิลงช้ามาก,,"[""uploads\/quick_repairs\/2026\/04\/1777003817_951.jpg"",""uploads\/quick_repairs\/2026\/04\/1777003817_413.jpg""]",PENDING,UNBILLED,,,0,INTERNAL,,,,0.00,,,,,"2026-04-24 11:10:17","2026-04-24 11:10:17"
304,REP-2604-1312,TRUCK,1467,2,[106] 70-2581,340385,62,ระดับน้ำยาคอมพ์ (ระดับน้ำยาตาแมว),"",[],PENDING,UNBILLED,,,0,INTERNAL,,,,0.00,,,,,"2026-04-25 03:55:44","2026-04-25 03:55:44"
305,REP-2604-0814,TRUCK,1477,9,[113] 70-4653,877789,70,ความลึกของดอกยาง (มากกว่าสะพานยาง),"",[],PENDING,UNBILLED,,,0,INTERNAL,,,,0.00,,,,,"2026-04-25 06:56:54","2026-04-25 06:56:54"
306,BM-260425-0567,TRUCK,,18,[N19] 70-7296,609337,59,แจ้งซ่อมด่วน: ครบรอบถ่ายน้ำมันเครื่องยนต์+แอร์ฟิต,,"[""uploads\/quick_repairs\/2026\/04\/1777077757_783.jpg""]",PENDING,UNBILLED,,,0,INTERNAL,,,,0.00,,,,,"2026-04-25 07:42:37","2026-04-25 07:42:37"
307,REP-2604-9610,TRUCK,1483,53,[216] 2ฒญ-4896,379183,79,กรวยจราจร (ถ้ามี),"",[],PENDING,UNBILLED,,,0,INTERNAL,,,,0.00,,,,,"2026-04-25 07:48:35","2026-04-25 07:48:35"
308,BM-260425-5261,TRUCK,,8,[112] 70-2982,248782,67,แจ้งซ่อมด่วน: ลมรั่ว แอร์ฟรีสปลั๊กตู้ไม่ได้,,"[""uploads\/quick_repairs\/2026\/04\/1777079203_856.jpg""]",PENDING,UNBILLED,,,0,INTERNAL,,,,0.00,,,,,"2026-04-25 08:06:43","2026-04-25 08:06:43"
309,REP-2604-0157,TRUCK,1493,11,[115] 70-5842,719907,106,สายพานเครื่อง (ไม่แตกร้าว ไม่หย่อน),"",[],PENDING,UNBILLED,,,0,INTERNAL,,,,0.00,,,,,"2026-04-25 11:26:36","2026-04-25 11:26:36"
310,REP-2604-6264,TRUCK,1502,60,[223] 4ฒข8861,106949,60,ระดับน้ำกลั่น (ระดับปกติ),แบตใกล้จะเสื่อมสตาร์ทตอนเช้าไม่ค่อยติด,[],PENDING,UNBILLED,,,0,INTERNAL,,,,0.00,,,,,"2026-04-27 05:15:54","2026-04-27 05:15:54"
311,REP-2604-2159,TRUCK,1508,9,[113] 70-4653,877902,70,"ไฟสูง-ต่ำ/ไฟท้าย/ไฟเบรก/ไฟเลี้ยว/ไฟถอย (ติดครบทุกดวง), ความลึกของดอกยาง (มากกว่าสะพานยาง)",ไฟหน้ารถไม่สว่าง(โคมไฟหน้าเก่ามาก),[],PENDING,UNBILLED,,,0,INTERNAL,,,,0.00,,,,,"2026-04-27 07:09:22","2026-04-27 07:09:22"
312,REP-2604-0082,TRUCK,1522,11,[115] 70-5842,719914,106,สายพานเครื่อง (ไม่แตกร้าว ไม่หย่อน),"",[],PENDING,UNBILLED,,,0,INTERNAL,,,,0.00,,,,,"2026-04-27 08:05:53","2026-04-27 08:05:53"
313,BM-260427-0480,TRUCK,,10,[114] 70-5673,856962,44,แจ้งซ่อมด่วน: ฝากระโปรงตัวล่างเครื่องแอร์บนน็อตหลุด,,"[""uploads\/quick_repairs\/2026\/04\/1777255295_859.jpg"",""uploads\/quick_repairs\/2026\/04\/1777255295_541.jpg""]",PENDING,UNBILLED,,,0,INTERNAL,,,,0.00,,,,,"2026-04-27 09:01:36","2026-04-27 09:01:36"
314,BM-260427-6149,TRUCK,,16,[N17] 70-6994,636106,94,แจ้งซ่อมด่วน: ไฟเลี้ยวราวข้างซ้ายหลุด,,"[""uploads\/quick_repairs\/2026\/04\/1777261165_428.jpg""]",PENDING,UNBILLED,,,0,INTERNAL,,,,0.00,,,,,"2026-04-27 10:39:25","2026-04-27 10:39:25"
315,BM-260427-7077,TRUCK,,44,[602] 70-6356,796247,30,แจ้งซ่อมด่วน: ท่อไอเสียขาดหลุดเชื่อมท่อใหม่ใส่น็อตใหม่,,"[""uploads\/quick_repairs\/2026\/04\/1777265317_839.jpg""]",PENDING,UNBILLED,,,0,INTERNAL,,,,0.00,,,,,"2026-04-27 11:48:37","2026-04-27 11:48:37"
316,BM-260427-8453,TRUCK,,14,[C4] 70-5575,810331,72,"แจ้งซ่อมด่วน: 1) เช็คระยะเครื่องยนต์
2) เช็คระยะแอร์ฟรีส
3) เกียร์เข้ายาก บางทีเกียร์เข้าไม่ได้
4) แอร์ห้องคนขับไม่แย็น
5) ตาน้ำข้างเครื่องแอร์ฟรีสรั่วซึม
6) ม้อน้ำแอร์ฟรีสรั่วซึม
7) แอร์ฟรีสปั่นอุณหภูมิลงช้ามาก (อูณหภูมิไม่สู้แดด)
8) เช็คครัชแอร์ฟรีส
9) เช็คสายพานแอร์ฟรีส
10) ยางปัดน้ำฝนขาด",,"[""uploads\/quick_repairs\/2026\/04\/1777278953_948.jpg"",""uploads\/quick_repairs\/2026\/04\/1777278953_205.jpg"",""uploads\/quick_repairs\/2026\/04\/1777278953_619.jpg"",""uploads\/quick_repairs\/2026\/04\/1777278953_775.jpg"",""uploads\/quick_repairs\/2026\/04\/1777278953_753.jpg""]",PENDING,UNBILLED,,,0,INTERNAL,,,,0.00,,,,,"2026-04-27 15:35:53","2026-04-27 15:35:53"
317,REP-2604-2170,TRUCK,1551,53,[216] 2ฒญ-4896,379236,79,กรวยจราจร (ถ้ามี),"",[],PENDING,UNBILLED,,,0,INTERNAL,,,,0.00,,,,,"2026-04-28 08:14:07","2026-04-28 08:14:07"
318,REP-2604-9261,TRUCK,1556,9,[113] 70-4653,878017,70,"ไฟสูง-ต่ำ/ไฟท้าย/ไฟเบรก/ไฟเลี้ยว/ไฟถอย (ติดครบทุกดวง), ความลึกของดอกยาง (มากกว่าสะพานยาง)","",[],PENDING,UNBILLED,,,0,INTERNAL,,,,0.00,,,,,"2026-04-28 08:32:33","2026-04-28 08:32:33"
319,REP-2604-3802,TRUCK,1563,11,[115] 70-5842,719925,106,สายพานเครื่อง (ไม่แตกร้าว ไม่หย่อน),"",[],PENDING,UNBILLED,,,0,INTERNAL,,,,0.00,,,,,"2026-04-28 10:23:36","2026-04-28 10:23:36"
320,BM-260428-9203,TRUCK,,5,[109] 70-2576,986412,45,แจ้งซ่อมด่วน: หัวฉีดน้ำมันแอร์ฟิตรั่ว,,"[""uploads\/quick_repairs\/2026\/04\/1777351268_144.jpg""]",PENDING,UNBILLED,,,0,INTERNAL,,,,0.00,,,,,"2026-04-28 11:41:08","2026-04-28 11:41:08"
321,REP-2604-2592,TRUCK,1571,53,[216] 2ฒญ-4896,379457,79,กรวยจราจร (ถ้ามี),"",[],PENDING,UNBILLED,,,0,INTERNAL,,,,0.00,,,,,"2026-04-29 04:46:37","2026-04-29 04:46:37"
322,REP-2604-6755,TRUCK,1588,9,[113] 70-4653,878066,70,ความลึกของดอกยาง (มากกว่าสะพานยาง),"",[],PENDING,UNBILLED,,,0,INTERNAL,,,,0.00,,,,,"2026-04-29 07:55:06","2026-04-29 07:55:06"
323,REP-2604-9136,TRUCK,1589,11,[115] 70-5842,719945,106,สายพานเครื่อง (ไม่แตกร้าว ไม่หย่อน),"",[],PENDING,UNBILLED,,,0,INTERNAL,,,,0.00,,,,,"2026-04-29 08:03:27","2026-04-29 08:03:27"
324,FL-260429-0809-23,FORKLIFT,,15,TOYOTA 8FB25  (SN: MTR62221),1887,30,"พบปัญหา:
ระบบเบรค",,,COMPLETED,UNBILLED,,,0,INTERNAL,,,,0.00,93,"",,"2026-05-13 03:08:00","2026-04-29 08:09:54","2026-05-13 03:08:00"
325,FL-260430-0807-49,FORKLIFT,,42,BT RRE200 (SN: MTR64022),8992,28,"พบปัญหา:
ระบบไฟสัญญาณ + แตร (ไฟสัณญาฉุกเฉินไม่ติต)",,,COMPLETED,UNBILLED,,,0,INTERNAL,,,,0.00,12,"",,"2026-04-30 07:21:10","2026-04-30 08:07:04","2026-04-30 07:21:10"
326,BM-260502-0776,TRUCK,,46,[605] 70-8333,439479,32,แจ้งซ่อมด่วน: แอร์ฟรีส อุณหภูมิลงช้ากว่าปกติ,,"[""uploads\/quick_repairs\/2026\/05\/20260502061804_704.jpg""]",PENDING,UNBILLED,,,0,INTERNAL,,,,0.00,,,,,"2026-05-02 06:18:04","2026-05-02 06:18:04"
327,BM-260505-0089,TRUCK,,16,[N17] 70-6994,637290,94,แจ้งซ่อมด่วน: ครบรอบถ่ายน้ำมันเครื่อง,,"[""uploads\/quick_repairs\/2026\/05\/20260505110112_705.jpg"",""uploads\/quick_repairs\/2026\/05\/20260505110112_802.jpg""]",PENDING,UNBILLED,,,0,INTERNAL,,,,0.00,,,,,"2026-05-05 11:01:12","2026-05-05 11:01:12"
328,BM-260505-4520,TRUCK,,6,[110] 70-2878,314971,55,แจ้งซ่อมด่วน: ไฟเบรคฝั่งซ้ายเสียเปลี่ยนหลอดใหม่แล้วก็ไม่ติดและกล่องไฟเบรคไฟเลี้ยวด้านขวาหูมันแตก,,"[""uploads\/quick_repairs\/2026\/05\/20260505125544_468.jpg"",""uploads\/quick_repairs\/2026\/05\/20260505125544_447.jpg""]",PENDING,UNBILLED,,,0,INTERNAL,,,,0.00,,,,,"2026-05-05 12:55:44","2026-05-05 12:55:44"
329,BM-260505-0764,TRUCK,,5,[109] 70-2576,986656,45,แจ้งซ่อมด่วน: ลูกปืนครัชแอร์ฟิต,,"[""uploads\/quick_repairs\/2026\/05\/20260505162218_783.jpg""]",PENDING,UNBILLED,,,0,INTERNAL,,,,0.00,,,,,"2026-05-05 16:22:18","2026-05-05 16:22:18"
330,FL-260506-0838-77,FORKLIFT,,41,NY FBR AW25 (SN: MTR58146),13818,46,"พบปัญหา:
สภาพสลักบังคับเลี้ยว",,,COMPLETED,UNBILLED,,,0,INTERNAL,,,,0.00,93,"",,"2026-05-13 03:06:28","2026-05-06 08:38:46","2026-05-13 03:06:28"
331,BM-260511-1723,TRUCK,,54,[217] 2ฒญ-4897,410325,78,แจ้งซ่อมด่วน: เช็กระบบช่วงล่างครับ,,"[""uploads\/quick_repairs\/2026\/05\/20260511103732_776.jpg""]",PENDING,UNBILLED,,,0,INTERNAL,,,,0.00,,,,,"2026-05-11 10:37:32","2026-05-11 10:37:32"
332,BM-260512-8005,TRUCK,,54,[217] 2ฒญ-4897,410534,78,แจ้งซ่อมด่วน: พ่นกันสนิม,,"[""uploads\/quick_repairs\/2026\/05\/20260512145014_703.jpeg""]",PENDING,UNBILLED,,,0,INTERNAL,,,,0.00,,,,,"2026-05-12 14:50:14","2026-05-12 14:50:14"
333,BM-260514-5762,TRUCK,,10,[114] 70-5673,858767,94,แจ้งซ่อมด่วน: เครื่องแอร์สตาร์ทไม่ได้เช็คเบื้องต้นไม่แน่ใจว่าเป็นที่แบตหรือไดชาร์จแล้วก็ปลั๊กตู้ไม่เข้า,,"[""uploads\/quick_repairs\/2026\/05\/20260514120154_591.jpg""]",PENDING,UNBILLED,,,0,INTERNAL,,,,0.00,,,,,"2026-05-14 12:01:54","2026-05-14 12:01:54"
334,BM-260516-3774,TRUCK,,15,[N16] 70-6993,597452,44,แจ้งซ่อมด่วน: ตัวช่วยสตาร์ทเครื่องแอร์บนเสีย/ล้อจักรมีอาการเบรคติดขอเข้าไปเช็คระบบเบรค,,"[""uploads\/quick_repairs\/2026\/05\/20260516083140_828.jpg""]",PENDING,UNBILLED,,,0,INTERNAL,,,,0.00,,,,,"2026-05-16 08:31:40","2026-05-16 08:31:40"
335,BM-260516-2629,TRUCK,,27,[N28] 71-0236,239835,94,แจ้งซ่อมด่วน: เกจ์วัดระดับน้ำมันเครื่องแอร์เสียขึ้นเต็มถังไม่ยอมลง,,"[""uploads\/quick_repairs\/2026\/05\/20260516093817_762.jpg""]",PENDING,UNBILLED,,,0,INTERNAL,,,,0.00,,,,,"2026-05-16 09:38:17","2026-05-16 09:38:17"
336,BM-260518-6238,TRUCK,,27,[N28] 71-0236,240230,94,แจ้งซ่อมด่วน: เครื่องแอร์กระพริบไม่ทำงาน,,"[""uploads\/quick_repairs\/2026\/05\/20260518070106_741.jpg""]",PENDING,UNBILLED,,,0,INTERNAL,,,,0.00,,,,,"2026-05-18 07:01:06","2026-05-18 07:01:06"
337,BM-260518-2612,TRUCK,,31,[N32] 71-0901,139973,87,แจ้งซ่อมด่วน: หัวปลั้กตู้ชำรุด,,"[""uploads\/quick_repairs\/2026\/05\/20260518143732_387.jpg"",""uploads\/quick_repairs\/2026\/05\/20260518143732_191.jpg""]",PENDING,UNBILLED,,,0,INTERNAL,,,,0.00,,,,,"2026-05-18 14:37:32","2026-05-18 14:37:32"
338,BM-260521-3324,TRUCK,,23,[N24] 70-8779,439496,40,แจ้งซ่อมด่วน: ที่รูดบัตร GPS รูดใบขับขี่ไม่ติด,,"[""uploads\/quick_repairs\/2026\/05\/20260521073636_683.jpg""]",PENDING,UNBILLED,,,0,INTERNAL,,,,0.00,,,,,"2026-05-21 07:36:36","2026-05-21 07:36:36"
339,BM-260521-8767,TRUCK,,19,[N20] 70-7703,549108,56,แจ้งซ่อมด่วน: เครื่องทำความเย็น(แอร์ฟรีส)สตารึไม่ติด และ หางเบ้าท์ เสียครับ,,"[""uploads\/quick_repairs\/2026\/05\/20260521173446_798.jpeg""]",PENDING,UNBILLED,,,0,INTERNAL,,,,0.00,,,,,"2026-05-21 17:34:46","2026-05-21 17:34:46"
340,BM-260522-4140,TRUCK,,27,[N28] 71-0236,241249,43,แจ้งซ่อมด่วน: ครบกำหนดถ่ายน้ำมันเครื่อง,,"[""uploads\/quick_repairs\/2026\/05\/20260522085910_453.jpg"",""uploads\/quick_repairs\/2026\/05\/20260522085910_866.jpg""]",PENDING,UNBILLED,,,0,INTERNAL,,,,0.00,,,,,"2026-05-22 08:59:10","2026-05-22 08:59:10"
341,BM-260523-2847,TRUCK,,44,[602] 70-6356,799990,30,แจ้งซ่อมด่วน: เปลี่ยนถ่ายน้ำมันเครื่องเครื่องยนต์แล้วก็ถ่ายน้ำมันเครื่องแอร์ฟิตตั้งเบิกตั้งคลัชอัดจารบี,,"[""uploads\/quick_repairs\/2026\/05\/20260523101944_201.jpg"",""uploads\/quick_repairs\/2026\/05\/20260523101944_398.jpg""]",PENDING,UNBILLED,,,0,INTERNAL,,,,0.00,,,,,"2026-05-23 10:19:44","2026-05-23 10:19:44"
342,BM-260525-4916,TRUCK,,46,[605] 70-8333,443659,32,แจ้งซ่อมด่วน: ได้รอบเปลี่ยนถ่ายน้ำมันเครื่องเช็คระยะตามรอบทั่วไปอัดจารบีและเปลี่ยนหลอดไฟหน้าซ้ายขาด 1 ดวง,,"[""uploads\/quick_repairs\/2026\/05\/20260525074308_768.jpg""]",PENDING,UNBILLED,,,0,INTERNAL,,,,0.00,,,,,"2026-05-25 07:43:08","2026-05-25 07:43:08"
343,BM-260526-1343,TRUCK,,44,[602] 70-6356,800310,30,"แจ้งซ่อมด่วน: ตรวจเช็คเปลี่ยน
แอร์หัวเก๋งไม่เย็นน้ำยาขาด",,"[""uploads\/quick_repairs\/2026\/05\/20260526161241_395.jpg"",""uploads\/quick_repairs\/2026\/05\/20260526161241_469.jpg""]",PENDING,UNBILLED,,,0,INTERNAL,,,,0.00,,,,,"2026-05-26 16:12:41","2026-05-26 16:12:41"
344,BM-260526-3853,TRUCK,,18,[N19] 70-7296,615087,59,แจ้งซ่อมด่วน: ท่อไอเสียแอร์ฟิตขาด,,"[""uploads\/quick_repairs\/2026\/05\/20260526185557_701.jpg""]",PENDING,UNBILLED,,,0,INTERNAL,,,,0.00,,,,,"2026-05-26 18:55:58","2026-05-26 18:55:58"
345,BM-260527-8248,TRUCK,,43,[601] 70-4289,915876,51,แจ้งซ่อมด่วน: เช็คระยะเครื่องแอร์ฟรีส,,"[""uploads\/quick_repairs\/2026\/05\/20260527080832_252.jpg""]",PENDING,UNBILLED,,,0,INTERNAL,,,,0.00,,,,,"2026-05-27 08:08:32","2026-05-27 08:08:32"
346,BM-260527-5638,TRUCK,,8,[112] 70-2982,252676,67,แจ้งซ่อมด่วน: น้ำยาแอฟรีสขาด,,"[""uploads\/quick_repairs\/2026\/05\/20260527081134_431.jpeg""]",PENDING,UNBILLED,,,0,INTERNAL,,,,0.00,,,,,"2026-05-27 08:11:34","2026-05-27 08:11:34"
347,BM-260528-6411,TRUCK,,46,[605] 70-8333,444208,32,แจ้งซ่อมด่วน: ไฟเบรคขาดไฟหน้าด้านซ้ายขาดตรวจเช็คระบบไฟ,,"[""uploads\/quick_repairs\/2026\/05\/20260528082752_414.jpg""]",PENDING,UNBILLED,,,0,INTERNAL,,,,0.00,,,,,"2026-05-28 08:27:52","2026-05-28 08:27:52"
348,BM-260528-3917,TRUCK,,46,[605] 70-8333,444208,32,แจ้งซ่อมด่วน: ไฟเบรคขาดไฟหน้าด้านซ้ายขาดตรวจเช็คระบบไฟ,,"[""uploads\/quick_repairs\/2026\/05\/20260528082908_913.jpg""]",PENDING,UNBILLED,,,0,INTERNAL,,,,0.00,,,,,"2026-05-28 08:29:08","2026-05-28 08:29:08"
349,BM-260602-2038,TRUCK,,16,[N17] 70-6994,642472,94,"แจ้งซ่อมด่วน: ฝาปิดหม้อน้ำเครื่องแอร์
มอเตอร์น้ำฉีดกระจก
ยางปัดน้ำฝน
ยางขอบประตูซ้ายขวา",,"[""uploads\/quick_repairs\/2026\/06\/20260602174410_886.jpg"",""uploads\/quick_repairs\/2026\/06\/20260602174410_209.jpg"",""uploads\/quick_repairs\/2026\/06\/20260602174411_478.jpg""]",PENDING,UNBILLED,,,0,INTERNAL,,,,0.00,,,,,"2026-06-02 17:44:11","2026-06-02 17:44:11"
350,BM-260605-0712,TRUCK,,8,[112] 70-2982,253150,67,แจ้งซ่อมด่วน: ถังน้ำมันรั่วซึม,,"[""uploads\/quick_repairs\/2026\/06\/20260605094736_597.jpeg"",""uploads\/quick_repairs\/2026\/06\/20260605094736_529.jpeg"",""uploads\/quick_repairs\/2026\/06\/20260605094736_279.jpeg""]",PENDING,UNBILLED,,,0,INTERNAL,,,,0.00,,,,,"2026-06-05 09:47:36","2026-06-05 09:47:36"
351,BM-260605-8591,TRUCK,,45,[603] 70-6390,773422,61,แจ้งซ่อมด่วน: ครบรอบเช็คระยะแอร์ฟรีส,,"[""uploads\/quick_repairs\/2026\/06\/20260605114940_820.jpg""]",PENDING,UNBILLED,,,0,INTERNAL,,,,0.00,,,,,"2026-06-05 11:49:40","2026-06-05 11:49:40"
352,BM-260608-9525,TRUCK,,60,[223] 4ฒข8861,118078,60,แจ้งซ่อมด่วน: แอร์ฟิตทำงานผิดปกติเครื่องทำความเย็นแอร์ฟิตดีฟอสมีเสียงดังผิดปกติ,,"[""uploads\/quick_repairs\/2026\/06\/20260608163547_970.jpg""]",PENDING,UNBILLED,,,0,INTERNAL,,,,0.00,,,,,"2026-06-08 16:35:47","2026-06-08 16:35:47"
353,BM-260608-5031,TRUCK,,54,[217] 2ฒญ-4897,414598,78,แจ้งซ่อมด่วน: ครบรอบเช็กระยะถ่ายน้ำมันเครื่อง,,"[""uploads\/quick_repairs\/2026\/06\/20260608163901_395.jpeg"",""uploads\/quick_repairs\/2026\/06\/20260608163901_156.jpeg""]",PENDING,UNBILLED,,,0,INTERNAL,,,,0.00,,,,,"2026-06-08 16:39:01","2026-06-08 16:39:01"
354,BM-260609-5043,TRUCK,,6,[110] 70-2878,319418,55,แจ้งซ่อมด่วน: คอมแอร์ฟิตมีปัญหา,,"[""uploads\/quick_repairs\/2026\/06\/20260609110845_519.jpg""]",PENDING,UNBILLED,,,0,INTERNAL,,,,0.00,,,,,"2026-06-09 11:08:45","2026-06-09 11:08:45"
355,BM-260609-7416,TRUCK,,10,[114] 70-5673,862239,64,แจ้งซ่อมด่วน: ฟิล์มกระจกเสื่อมสภาพ,,"[""uploads\/quick_repairs\/2026\/06\/20260609111329_102.jpg""]",PENDING,UNBILLED,,,0,INTERNAL,,,,0.00,,,,,"2026-06-09 11:13:29","2026-06-09 11:13:29"
356,BM-260609-9257,TRUCK,,25,[N26] 71-0077,264093,44,แจ้งซ่อมด่วน: เช็คระยะเครื่องแอร์ฟิตและถ่ายน้ำมันเครื่อง,,"[""uploads\/quick_repairs\/2026\/06\/20260609123800_358.jpg""]",PENDING,UNBILLED,,,0,INTERNAL,,,,0.00,,,,,"2026-06-09 12:38:00","2026-06-09 12:38:00"
357,BM-260611-3170,TRUCK,,39,[N40] 71-1465,96931,39,"แจ้งซ่อมด่วน: น็อตยึดที่ล็อคซีนและกลอนประตูท้ายคลายออกชำรุดและที่ยึดท่อสาย GPS
หางเบ้าในตู้หลุด",,"[""uploads\/quick_repairs\/2026\/06\/20260611093354_580.jpg"",""uploads\/quick_repairs\/2026\/06\/20260611093354_305.jpg""]",PENDING,UNBILLED,,,0,INTERNAL,,,,0.00,,,,,"2026-06-11 09:33:54","2026-06-11 09:33:54"
358,BM-260611-4078,TRUCK,,44,[602] 70-6356,802742,30,แจ้งซ่อมด่วน: เช็คระบบไฟแอร์แอร์ทำความเย็นติดๆดับๆ,,"[""uploads\/quick_repairs\/2026\/06\/20260611132403_765.jpg"",""uploads\/quick_repairs\/2026\/06\/20260611132403_340.jpg""]",PENDING,UNBILLED,,,0,INTERNAL,,,,0.00,,,,,"2026-06-11 13:24:03","2026-06-11 13:24:03"
359,BM-260615-3021,TRUCK,,34,[N35] 71-1426,118505,161,แจ้งซ่อมด่วน: เหล็กค้ำท่อหัก,,"[""uploads\/quick_repairs\/2026\/06\/20260615140338_349.jpg"",""uploads\/quick_repairs\/2026\/06\/20260615140339_801.jpg""]",PENDING,UNBILLED,,,0,INTERNAL,,,,0.00,,,,,"2026-06-15 14:03:39","2026-06-15 14:03:39"
360,BM-260616-0010,TRUCK,,53,[216] 2ฒญ-4896,386384,79,แจ้งซ่อมด่วน: ไฟหรี่ ไม่ติดข้าง1+ไฟหัวตู้ ไม่ติด หลอด1,,"[""uploads\/quick_repairs\/2026\/06\/20260616065532_332.jpg"",""uploads\/quick_repairs\/2026\/06\/20260616065532_351.jpg""]",PENDING,UNBILLED,,,0,INTERNAL,,,,0.00,,,,,"2026-06-16 06:55:32","2026-06-16 06:55:32"
361,BM-260616-3341,TRUCK,,27,[N28] 71-0236,249582,94,แจ้งซ่อมด่วน: แตรไม่ดัง,,"[""uploads\/quick_repairs\/2026\/06\/20260616123700_507.jpg""]",PENDING,UNBILLED,,,0,INTERNAL,,,,0.00,,,,,"2026-06-16 12:37:00","2026-06-16 12:37:00"
362,BM-260617-8427,TRUCK,,8,[112] 70-2982,254380,67,แจ้งซ่อมด่วน: เครื่องยนต์แอร์ฟรีสพัง น้ำยาแอร์ฟรีสรั่ว,,"[""uploads\/quick_repairs\/2026\/06\/20260617102842_704.jpeg"",""uploads\/quick_repairs\/2026\/06\/20260617102842_483.jpeg""]",PENDING,UNBILLED,,,0,INTERNAL,,,,0.00,,,,,"2026-06-17 10:28:42","2026-06-17 10:28:42"
363,BM-260617-7529,TRUCK,,10,[114] 70-5673,863861,44,แจ้งซ่อมด่วน: เช็คระบบทำความเย็นเครื่องแอร์ฟิตปั่นอุณหภูมิไม่ลงไฟส่องสว่างด้านหน้าไฟมุมตู้ไฟหัวหมวกไฟถอย,,"[""uploads\/quick_repairs\/2026\/06\/20260617110129_290.jpg"",""uploads\/quick_repairs\/2026\/06\/20260617110129_759.jpg"",""uploads\/quick_repairs\/2026\/06\/20260617110129_724.jpg"",""uploads\/quick_repairs\/2026\/06\/20260617110129_491.jpg"",""uploads\/quick_repairs\/2026\/06\/20260617110129_993.jpg"",""uploads\/quick_repairs\/2026\/06\/20260617110129_185.jpg""]",PENDING,UNBILLED,,,0,INTERNAL,,,,0.00,,,,,"2026-06-17 11:01:29","2026-06-17 11:01:29"
364,BM-260618-2315,TRUCK,,54,[217] 2ฒญ-4897,416206,78,แจ้งซ่อมด่วน: ซีนฝาเครื่องน้ำมันรั่ว เช็กบูทเกียร์,,"[""uploads\/quick_repairs\/2026\/06\/20260618090146_774.jpeg""]",PENDING,UNBILLED,,,0,INTERNAL,,,,0.00,,,,,"2026-06-18 09:01:46","2026-06-18 09:01:46"
365,BM-260619-1599,TRUCK,,15,[N16] 70-6993,600613,47,"แจ้งซ่อมด่วน: ครบระยะถ่ายน้ำมันเครื่อง
ไดสตาร์ทเครื่องแอร์ไม่ค่อยทำงานต้องเคาะเหมือนถ่านหมด",,"[""uploads\/quick_repairs\/2026\/06\/20260619111615_185.jpg"",""uploads\/quick_repairs\/2026\/06\/20260619111615_330.jpg"",""uploads\/quick_repairs\/2026\/06\/20260619111615_756.jpg"",""uploads\/quick_repairs\/2026\/06\/20260619111615_599.jpg""]",PENDING,UNBILLED,,,0,INTERNAL,,,,0.00,,,,,"2026-06-19 11:16:15","2026-06-19 11:16:15"
366,BM-260620-4212,TRUCK,,18,[N19] 70-7296,69035,59,แจ้งซ่อมด่วน: สายพานแอร์บนเสื่อมสภาพ,,"[""uploads\/quick_repairs\/2026\/06\/20260620074346_223.jpg""]",PENDING,UNBILLED,,,0,INTERNAL,,,,0.00,,,,,"2026-06-20 07:43:46","2026-06-20 07:43:46"
367,BM-260620-5570,TRUCK,,25,[N26] 71-0077,267129,44,แจ้งซ่อมด่วน: มีเสียงดังตรงหัวหมูเกียร์มีควันขึ้นตรงคลัช,,"[""uploads\/quick_repairs\/2026\/06\/20260620105226_478.jpg""]",PENDING,UNBILLED,,,0,INTERNAL,,,,0.00,,,,,"2026-06-20 10:52:26","2026-06-20 10:52:26"
368,BM-260623-2717,TRUCK,,27,[N28] 71-0236,251353,94,แจ้งซ่อมด่วน: ครบรอบถ่ายน้ำมันเครื่อง,,"[""uploads\/quick_repairs\/2026\/06\/20260623090104_546.jpg"",""uploads\/quick_repairs\/2026\/06\/20260623090104_643.jpg""]",PENDING,UNBILLED,,,0,INTERNAL,,,,0.00,,,,,"2026-06-23 09:01:05","2026-06-23 09:01:05"
369,BM-260623-5888,TRUCK,,41,[N42] 71-1538,79009,41,แจ้งซ่อมด่วน: ครบรอบเช็กระยะฮีโน่ ถ่าย น้ำมันเครื่อง แก้ไขระบบเบรกมีเสียงดังตลอด ทุกครั้งที่เบรก,,"[""uploads\/quick_repairs\/2026\/06\/20260623151748_993.jpeg""]",PENDING,UNBILLED,,,0,INTERNAL,,,,0.00,,,,,"2026-06-23 15:17:48","2026-06-23 15:17:48"
370,BM-260624-0478,TRUCK,,18,[N19] 70-7296,619837,59,แจ้งซ่อมด่วน: ยางเสื่อมสภาพล้อพ่วง 4 เส้น,,"[""uploads\/quick_repairs\/2026\/06\/20260624065144_973.jpg""]",PENDING,UNBILLED,,,0,INTERNAL,,,,0.00,,,,,"2026-06-24 06:51:44","2026-06-24 06:51:44"
371,BM-260624-2088,TRUCK,,16,[N17] 70-6994,609694,94,แจ้งซ่อมด่วน: หม้อน้ำเครื่องแอร์เหมือนตันน้ำชอบหาย,,"[""uploads\/quick_repairs\/2026\/06\/20260624083041_799.jpg""]",PENDING,UNBILLED,,,0,INTERNAL,,,,0.00,,,,,"2026-06-24 08:30:41","2026-06-24 08:30:41"
372,BM-260624-9307,TRUCK,,16,[N17] 70-6994,645386,94,แจ้งซ่อมด่วน: ครบกำหนดถ่ายน้ำมันเครื่องแอร์,,"[""uploads\/quick_repairs\/2026\/06\/20260624085944_472.jpg""]",PENDING,UNBILLED,,,0,INTERNAL,,,,0.00,,,,,"2026-06-24 08:59:44","2026-06-24 08:59:44"
373,BM-260624-2884,TRUCK,,15,[N16] 70-6993,601411,158,แจ้งซ่อมด่วน: เปลี่ยนถ่ายน้ำมันเฟืองท้ายและเฟืองเกียร์,,"[""uploads\/quick_repairs\/2026\/06\/20260624102041_775.jpg""]",PENDING,UNBILLED,,,0,INTERNAL,,,,0.00,,,,,"2026-06-24 10:20:41","2026-06-24 10:20:41"
374,BM-260625-0752,TRUCK,,27,[N28] 71-0236,251734,94,แจ้งซ่อมด่วน: ตัวยึดท่อขาด,,"[""uploads\/quick_repairs\/2026\/06\/20260625062626_119.jpg""]",PENDING,UNBILLED,,,0,INTERNAL,,,,0.00,,,,,"2026-06-25 06:26:26","2026-06-25 06:26:26"
375,BM-260625-4335,TRUCK,,41,[N42] 71-1538,79108,41,"แจ้งซ่อมด่วน: ครบรอบเช็กระยะถ่ายน้ำมันเครื่อง เช็คอาการเบรกมีเสียงตลอดเวลาขณะเบรก
ศูนย์ฮีโน่",,"[""uploads\/quick_repairs\/2026\/06\/20260625070842_804.jpeg""]",PENDING,UNBILLED,,,0,INTERNAL,,,,0.00,,,,,"2026-06-25 07:08:42","2026-06-25 07:08:42"
376,BM-260625-7140,TRUCK,,14,[C4] 70-5575,817331,72,แจ้งซ่อมด่วน: น้ำยาแอร์ขาด,,"[""uploads\/quick_repairs\/2026\/06\/20260625171003_359.jpg""]",PENDING,UNBILLED,,,0,INTERNAL,,,,0.00,,,,,"2026-06-25 17:10:03","2026-06-25 17:10:03"
377,BM-260626-3176,TRUCK,,10,[114] 70-5673,865710,44,แจ้งซ่อมด่วน: แป๊บน้ำมันพาวเวอร์สายกับรั่ว,,"[""uploads\/quick_repairs\/2026\/06\/20260626184931_634.jpg""]",PENDING,UNBILLED,,,0,INTERNAL,,,,0.00,,,,,"2026-06-26 18:49:31","2026-06-26 18:49:31"
378,BM-260627-2150,TRUCK,,19,[N20] 70-7703,522302,56,แจ้งซ่อมด่วน: ครบรอบถ่ายน้ำมันเครื่อง อัดจาระบีล้อ เปลี่ยนบังโคลนล้อหน้าขวา และ เปลี่ยนมือเปิดประตูข้างซ้าย ครับ,,"[""uploads\/quick_repairs\/2026\/06\/20260627082949_196.jpeg""]",PENDING,UNBILLED,,,0,INTERNAL,,,,0.00,,,,,"2026-06-27 08:29:49","2026-06-27 08:29:49"
379,BM-260627-0005,TRUCK,,63,[N51] 64-5207,497015,160,แจ้งซ่อมด่วน: เบรคแข็ง หม้อพักน้ำมีปัญหา,,"[""uploads\/quick_repairs\/2026\/06\/20260627091314_349.jpg""]",PENDING,UNBILLED,,,0,INTERNAL,,,,0.00,,,,,"2026-06-27 09:13:14","2026-06-27 09:13:14"
380,BM-260629-0376,TRUCK,,33,[N34] 71-1425,120319,47,แจ้งซ่อมด่วน: ทุกระยะถ่ายน้ำมันเครื่อง,,"[""uploads\/quick_repairs\/2026\/06\/20260629123949_114.jpg"",""uploads\/quick_repairs\/2026\/06\/20260629123949_257.jpg""]",PENDING,UNBILLED,,,0,INTERNAL,,,,0.00,,,,,"2026-06-29 12:39:49","2026-06-29 12:39:49"
381,BM-260629-7527,TRUCK,,28,[N29] 71-0621,212978,57,แจ้งซ่อมด่วน: แอร์ไม่เย็นครับ ขอด่วนครับ,,"[""uploads\/quick_repairs\/2026\/06\/20260629145529_875.jpg"",""uploads\/quick_repairs\/2026\/06\/20260629145529_876.jpg""]",PENDING,UNBILLED,,,0,INTERNAL,,,,0.00,,,,,"2026-06-29 14:55:29","2026-06-29 14:55:29"
382,BM-260630-7827,TRUCK,,8,[112] 70-2982,255349,67,แจ้งซ่อมด่วน: เช็คแบต เช็คได แอร์ฟรีส,,"[""uploads\/quick_repairs\/2026\/06\/20260630083331_937.jpeg""]",PENDING,UNBILLED,,,0,INTERNAL,,,,0.00,,,,,"2026-06-30 08:33:31","2026-06-30 08:33:31"
383,BM-260630-8856,TRUCK,,16,[N17] 70-6994,646981,94,แจ้งซ่อมด่วน: อุณหภูมิปั่นไม่ขึ้น,,"[""uploads\/quick_repairs\/2026\/06\/20260630095340_344.jpg""]",PENDING,UNBILLED,,,0,INTERNAL,,,,0.00,,,,,"2026-06-30 09:53:40","2026-06-30 09:53:40"
384,BM-260701-9319,TRUCK,,15,[N16] 70-6993,602604,158,แจ้งซ่อมด่วน: เปลี่ยนที่ปัดน้ำฝน,,"[""uploads\/quick_repairs\/2026\/07\/20260701121507_637.jpg""]",PENDING,UNBILLED,,,0,INTERNAL,,,,0.00,,,,,"2026-07-01 12:15:07","2026-07-01 12:15:07"
385,BM-260701-4128,TRUCK,,15,[N16] 70-6993,602604,158,แจ้งซ่อมด่วน: เปลี่ยนที่ปัดน้ำฝน,,"[""uploads\/quick_repairs\/2026\/07\/20260701121542_830.jpg""]",PENDING,UNBILLED,,,0,INTERNAL,,,,0.00,,,,,"2026-07-01 12:15:42","2026-07-01 12:15:42"
386,FL-260702-0936-32,FORKLIFT,2579,33,MITSUBISHI  (SN: MTR6193),123456,93,"หัวหน้างานอนุมัติแจ้งซ่อมจากผลการตรวจเช็ค:
- แจ้งซ่อมฉุกเฉิน / ระหว่างวัน (ล้อพัง)

หมายเหตุจากหัวหน้า: ทดสอบล้อหลุด",,,COMPLETED,UNBILLED,,,0,INTERNAL,,,,0.00,93,"",,"2026-07-02 02:37:54","2026-07-02 09:36:38","2026-07-02 02:37:54"
387,FL-260702-0952-78,FORKLIFT,2577,26,NICHIYU FBRW25 (SN: MTR64103),123456,109,"หัวหน้างานอนุมัติแจ้งซ่อมจากผลการตรวจเช็ค:
- สภาพสายไฮดรอลิค
- พวงมาลัย

หมายเหตุจากหัวหน้า: พวงมาลัยหมุนไม่ไป",,,COMPLETED,UNBILLED,,,0,INTERNAL,,,,0.00,93,"",,"2026-07-02 03:19:47","2026-07-02 09:52:23","2026-07-02 03:19:47"
388,FL-260702-0952-65,FORKLIFT,2576,46,TOYOTA 8FB25 (SN: MTR62219),20377017,113,"หัวหน้างานอนุมัติแจ้งซ่อมจากผลการตรวจเช็ค:
- สภาพล้อ + ยาง (ดอกยางหมดสภาพ)
- ระดับน้ำมันไฮดรอลิค (รั่วซึมใต้ท้องรถ)
- ระบบไฟสัญญาณ + แตร (ไฟหน้าด้านซ้ายไม่ติด)

หมายเหตุจากหัวหน้า: สาบไ ดนอลิคแตก",,,COMPLETED,UNBILLED,,,0,INTERNAL,,,,0.00,93,"",,"2026-07-02 03:19:36","2026-07-02 09:52:57","2026-07-02 03:19:36"
389,FL-260702-0953-50,FORKLIFT,2554,46,TOYOTA 8FB25 (SN: MTR62219),20361018,113,"หัวหน้างานอนุมัติแจ้งซ่อมจากผลการตรวจเช็ค:
- สภาพล้อ + ยาง (ดอกยางหมดสภาพ)
- ระดับน้ำมันไฮดรอลิค (รั่วซึมใต้ท้องรถ)
- ระบบไฟสัญญาณ + แตร (ไฟหน้าด้านซ้ายไม่ติด)

หมายเหตุจากหัวหน้า: ยน้ำมันไฮดรอลิคขาด",,,COMPLETED,UNBILLED,,,0,INTERNAL,,,,0.00,93,"",,"2026-07-02 03:19:27","2026-07-02 09:53:26","2026-07-02 03:19:27"
390,FL-260702-0954-57,FORKLIFT,2552,36,HELI  (SN: No.8),123456,109,"หัวหน้างานอนุมัติแจ้งซ่อมจากผลการตรวจเช็ค:
- สภาพสายไฮดรอลิค

หมายเหตุจากหัวหน้า: พวงมาลัยหมุนไม่ไป",,,CANCELLED,UNBILLED,,,0,INTERNAL,,,,0.00,93,"",,,"2026-07-02 09:54:04","2026-07-30 02:16:38"
391,FL-260702-0954-81,FORKLIFT,2551,26,NICHIYU FBRW25 (SN: MTR64103),123456,109,"หัวหน้างานอนุมัติแจ้งซ่อมจากผลการตรวจเช็ค:
- สภาพสายไฮดรอลิค

หมายเหตุจากหัวหน้า: ลูกปืนล้อประคองแตก",,,COMPLETED,UNBILLED,,,0,INTERNAL,,,,0.00,93,"",,"2026-07-02 03:19:05","2026-07-02 09:54:35","2026-07-02 03:19:05"
392,FL-260702-0954-90,FORKLIFT,2550,22,TOYOTA TT8FBRE20/6.3M รถสำรอง (SN: MTR6005),123456,93,"หัวหน้างานอนุมัติแจ้งซ่อมจากผลการตรวจเช็ค:
- แจ้งซ่อมฉุกเฉิน / ระหว่างวัน (แผงวงจรพัง)

หมายเหตุจากหัวหน้า: ลูกปืนล้อหลังแตก",,,COMPLETED,UNBILLED,,,0,INTERNAL,,,,0.00,93,"",,"2026-07-02 03:18:56","2026-07-02 09:54:57","2026-07-02 03:18:56"
393,FL-260702-0955-83,FORKLIFT,2532,36,HELI  (SN: No.8),123456,109,"หัวหน้างานอนุมัติแจ้งซ่อมจากผลการตรวจเช็ค:
- สภาพสายไฮดรอลิค

หมายเหตุจากหัวหน้า: วิ่งช้า",,,CANCELLED,UNBILLED,,,0,INTERNAL,,,,0.00,93,"",,,"2026-07-02 09:55:27","2026-07-30 02:16:24"
394,FL-260702-0955-85,FORKLIFT,2531,26,NICHIYU FBRW25 (SN: MTR64103),123456,109,"หัวหน้างานอนุมัติแจ้งซ่อมจากผลการตรวจเช็ค:
- สภาพสายไฮดรอลิค

หมายเหตุจากหัวหน้า: พวงมาลัยหมุนไม่ไแ",,,COMPLETED,UNBILLED,,,0,INTERNAL,,,,0.00,93,"",,"2026-07-02 03:18:34","2026-07-02 09:55:46","2026-07-02 03:18:34"
395,FL-260702-0956-78,FORKLIFT,2530,46,TOYOTA 8FB25 (SN: MTR62219),20350800,113,"หัวหน้างานอนุมัติแจ้งซ่อมจากผลการตรวจเช็ค:
- สภาพล้อ + ยาง (ดอกยางหมดสภาพ)
- ระดับน้ำมันไฮดรอลิค (รั่วซึมใต้ท้องรถ)
- ระบบไฟสัญญาณ + แตร (ไฟหน้าด้านซ้ายไม่ติด)

หมายเหตุจากหัวหน้า: น้ำมันไฮดรอลิคไม่พอ",,,COMPLETED,UNBILLED,,,0,INTERNAL,,,,0.00,93,"",,"2026-07-02 03:18:24","2026-07-02 09:56:16","2026-07-02 03:18:24"
396,FL-260702-0957-46,FORKLIFT,2526,29,TOYOTA TT8FBRE20/8.5M (SN: MTR63002),123456,93,"หัวหน้างานอนุมัติแจ้งซ่อมจากผลการตรวจเช็ค:
- แจ้งซ่อมฉุกเฉิน / ระหว่างวัน (ระบบเปิดไท่ได้)

หมายเหตุจากหัวหน้า: วิ่งช้า",,,COMPLETED,UNBILLED,,,0,INTERNAL,,,,0.00,93,"",,"2026-07-02 03:18:09","2026-07-02 09:57:08","2026-07-02 03:18:09"
397,FL-260702-0957-97,FORKLIFT,2522,40,TOYOTA 8FBRE20 (SN: MTR63006),123456,93,"หัวหน้างานอนุมัติแจ้งซ่อมจากผลการตรวจเช็ค:
- แจ้งซ่อมฉุกเฉิน / ระหว่างวัน (กล่องระบบพัง)

หมายเหตุจากหัวหน้า: ยกงาขึ้นไม่ได้",,,COMPLETED,UNBILLED,,,0,INTERNAL,,,,0.00,93,"",,"2026-07-02 03:18:00","2026-07-02 09:57:26","2026-07-02 03:18:00"
398,FL-260702-0958-58,FORKLIFT,2516,32,TOYOTA  (SN: MTR62302),123456,93,"หัวหน้างานอนุมัติแจ้งซ่อมจากผลการตรวจเช็ค:
- สภาพโซ่ / รางเสา (โซ่ขาด)

หมายเหตุจากหัวหน้า: ชักงาเข้าออกช้า",,,COMPLETED,UNBILLED,,,0,INTERNAL,,,,0.00,93,"",,"2026-07-02 03:17:51","2026-07-02 09:58:07","2026-07-02 03:17:51"
399,FL-260702-0959-89,FORKLIFT,2515,41,NY FBR AW25 (SN: MTR58146),123456,93,"หัวหน้างานอนุมัติแจ้งซ่อมจากผลการตรวจเช็ค:
- พวงมาลัย (หมุนไม่ได้)

หมายเหตุจากหัวหน้า: พวงมาลัยหนัก",,,COMPLETED,UNBILLED,,,0,INTERNAL,,,,0.00,93,"",,"2026-07-02 03:17:41","2026-07-02 09:59:02","2026-07-02 03:17:41"
400,FL-260702-0959-44,FORKLIFT,2506,46,TOYOTA 8FB25 (SN: MTR62219),20335103,113,"หัวหน้างานอนุมัติแจ้งซ่อมจากผลการตรวจเช็ค:
- สภาพล้อ + ยาง (ดอกยางหมดสภาพ)
- ระดับน้ำมันไฮดรอลิค (รั่วซึมใต้ท้องรถ)
- ระบบไฟสัญญาณ + แตร (ไฟหน้าด้านซ้ายไม่ติด)

หมายเหตุจากหัวหน้า: แตรไม่ดัง",,,COMPLETED,UNBILLED,,,0,INTERNAL,,,,0.00,93,"",,"2026-07-02 03:17:31","2026-07-02 09:59:45","2026-07-02 03:17:31"
401,FL-260702-1000-60,FORKLIFT,2500,37,HELI  (SN: No.6),123456,109,"หัวหน้างานอนุมัติแจ้งซ่อมจากผลการตรวจเช็ค:
- สภาพสายไฮดรอลิค

หมายเหตุจากหัวหน้า: สายไฮดรอลิคแตก",,,COMPLETED,UNBILLED,,,0,INTERNAL,,,,0.00,93,"",,"2026-07-02 03:17:21","2026-07-02 10:00:15","2026-07-02 03:17:21"
402,FL-260702-1000-13,FORKLIFT,2499,26,NICHIYU FBRW25 (SN: MTR64103),123456,109,"หัวหน้างานอนุมัติแจ้งซ่อมจากผลการตรวจเช็ค:
- สภาพสายไฮดรอลิค

หมายเหตุจากหัวหน้า: แปปไฮดรอลิครั่ว",,,COMPLETED,UNBILLED,,,0,INTERNAL,,,,0.00,93,"",,"2026-07-02 03:17:02","2026-07-02 10:00:41","2026-07-02 03:17:02"
403,FL-260702-1001-47,FORKLIFT,2497,19,TOYOTA TT8FBRE20/8.5M รถสำรอง (SN: MTR63003),123456,93,"หัวหน้างานอนุมัติแจ้งซ่อมจากผลการตรวจเช็ค:
- แจ้งซ่อมฉุกเฉิน / ระหว่างวัน (ระบบเปิดไม่ได้)

หมายเหตุจากหัวหน้า: วิ่งช้า",,,COMPLETED,UNBILLED,,,0,INTERNAL,,,,0.00,93,"",,"2026-07-02 03:16:53","2026-07-02 10:01:07","2026-07-02 03:16:53"
404,FL-260702-1001-55,FORKLIFT,2473,36,HELI  (SN: No.8),123456,109,"หัวหน้างานอนุมัติแจ้งซ่อมจากผลการตรวจเช็ค:
- สภาพสายไฮดรอลิค

หมายเหตุจากหัวหน้า: สายตัาสไลงาเข้าออกรั่ว",,,CANCELLED,UNBILLED,,,0,INTERNAL,,,,0.00,93,"",,,"2026-07-02 10:01:44","2026-07-30 02:16:12"
405,FL-260702-1002-45,FORKLIFT,2472,26,NICHIYU FBRW25 (SN: MTR64103),123456,109,"หัวหน้างานอนุมัติแจ้งซ่อมจากผลการตรวจเช็ค:
- สภาพสายไฮดรอลิค

หมายเหตุจากหัวหน้า: แปปเกลียวน้ำมันไหลออก",,,COMPLETED,UNBILLED,,,0,INTERNAL,,,,0.00,93,"",,"2026-07-02 03:16:33","2026-07-02 10:02:21","2026-07-02 03:16:33"
406,FL-260702-1003-91,FORKLIFT,2468,46,TOYOTA 8FB25 (SN: MTR62219),20321901,113,"หัวหน้างานอนุมัติแจ้งซ่อมจากผลการตรวจเช็ค:
- สภาพล้อ + ยาง (ดอกยางหมดสภาพ)
- ระดับน้ำมันไฮดรอลิค (รั่วซึมใต้ท้องรถ)
- ระบบไฟสัญญาณ + แตร (ไฟหน้าด้านซ้ายไม่ติด)

หมายเหตุจากหัวหน้า: น้ำมันไฮดรอลิคไม่พอยกงาขึ้นไม่สุด",,,COMPLETED,UNBILLED,,,0,INTERNAL,,,,0.00,93,"",,"2026-07-02 03:16:16","2026-07-02 10:03:02","2026-07-02 03:16:16"
407,FL-260702-1004-61,FORKLIFT,2444,23,TOYOTA TT8FBRE20/6.3M (SN: MTR63007),7654321,93,"หัวหน้างานอนุมัติแจ้งซ่อมจากผลการตรวจเช็ค:
- แจ้งซ่อมฉุกเฉิน / ระหว่างวัน (ระบบเปิดไม่ได้)

หมายเหตุจากหัวหน้า: สไลงาเข้าช้า",,,COMPLETED,UNBILLED,,,0,INTERNAL,,,,0.00,93,"",,"2026-07-02 03:16:07","2026-07-02 10:04:19","2026-07-02 03:16:07"
408,FL-260702-1004-74,FORKLIFT,2442,46,TOYOTA 8FB25 (SN: MTR62219),20307153,113,"หัวหน้างานอนุมัติแจ้งซ่อมจากผลการตรวจเช็ค:
- สภาพล้อ + ยาง (ดอกยางหมดสภาพ)
- ระดับน้ำมันไฮดรอลิค (รั่วซึมใต้ท้องรถ)
- ระบบไฟสัญญาณ + แตร (ไฟหน้าด้านซ้ายไม่ติด)

หมายเหตุจากหัวหน้า: ยางเสื่อมสภาพ",,,COMPLETED,UNBILLED,,,0,INTERNAL,,,,0.00,93,"",,"2026-07-02 03:15:58","2026-07-02 10:04:55","2026-07-02 03:15:58"
409,FL-260702-1005-66,FORKLIFT,2440,36,HELI  (SN: No.8),123456,109,"หัวหน้างานอนุมัติแจ้งซ่อมจากผลการตรวจเช็ค:
- สภาพสายไฮดรอลิค

หมายเหตุจากหัวหน้า: น้ำมันไม่พอยกงาขึ้นไม่สุด",,,CANCELLED,UNBILLED,,,0,INTERNAL,,,,0.00,93,"",,,"2026-07-02 10:05:19","2026-07-30 02:16:01"
410,FL-260702-1005-56,FORKLIFT,2439,26,NICHIYU FBRW25 (SN: MTR64103),123456,109,"หัวหน้างานอนุมัติแจ้งซ่อมจากผลการตรวจเช็ค:
- สภาพสายไฮดรอลิค

หมายเหตุจากหัวหน้า: น้ำมันไฮดรอลิคขาด",,,COMPLETED,UNBILLED,,,0,INTERNAL,,,,0.00,93,"",,"2026-07-02 03:15:31","2026-07-02 10:05:54","2026-07-02 03:15:31"
411,FL-260702-1006-60,FORKLIFT,2409,46,TOYOTA 8FB25 (SN: MTR62219),20294120,113,"หัวหน้างานอนุมัติแจ้งซ่อมจากผลการตรวจเช็ค:
- สภาพล้อ + ยาง (ดอกยางหมดสภาพ)
- ระดับน้ำมันไฮดรอลิค (รั่วซึมใต้ท้องรถ)
- ระบบไฟสัญญาณ + แตร (ไฟหน้าด้านซ้ายไม่ติด)

หมายเหตุจากหัวหน้า: แตรไม่ดัง",,,COMPLETED,UNBILLED,,,0,INTERNAL,,,,0.00,93,"",,"2026-07-02 03:13:45","2026-07-02 10:06:21","2026-07-02 03:13:45"
412,FL-260702-1006-61,FORKLIFT,2406,36,HELI  (SN: No.8),123456,109,"หัวหน้างานอนุมัติแจ้งซ่อมจากผลการตรวจเช็ค:
- สภาพสายไฮดรอลิค

หมายเหตุจากหัวหน้า: น้ำมันไม่พอ",,,CANCELLED,UNBILLED,,,0,INTERNAL,,,,0.00,93,"",,,"2026-07-02 10:06:35","2026-07-30 02:15:49"
413,FL-260702-1007-97,FORKLIFT,2405,26,NICHIYU FBRW25 (SN: MTR64103),123456,109,"หัวหน้างานอนุมัติแจ้งซ่อมจากผลการตรวจเช็ค:
- สภาพสายไฮดรอลิค

หมายเหตุจากหัวหน้า: พบสายไฮดริลิคสายถลอก",,,COMPLETED,UNBILLED,,,0,INTERNAL,,,,0.00,93,"",,"2026-07-02 03:13:20","2026-07-02 10:07:06","2026-07-02 03:13:20"
414,FL-260702-1007-10,FORKLIFT,2383,46,TOYOTA 8FB25 (SN: MTR62219),20280831,113,"หัวหน้างานอนุมัติแจ้งซ่อมจากผลการตรวจเช็ค:
- สภาพล้อ + ยาง (ดอกยางหมดสภาพ)
- ระดับน้ำมันไฮดรอลิค (รั่วซึมใต้ท้องรถ)
- ระบบไฟสัญญาณ + แตร (ไฟหน้าด้านซ้ายไม่ติด)

หมายเหตุจากหัวหน้า: ล้อสึก",,,COMPLETED,UNBILLED,,,0,INTERNAL,,,,0.00,93,"",,"2026-07-02 03:13:07","2026-07-02 10:07:23","2026-07-02 03:13:07"
415,FL-260702-1007-84,FORKLIFT,2379,36,HELI  (SN: No.8),123456,109,"หัวหน้างานอนุมัติแจ้งซ่อมจากผลการตรวจเช็ค:
- สภาพสายไฮดรอลิค

หมายเหตุจากหัวหน้า: น้ำมันไฮดรอลิคไม่พอ",,,CANCELLED,UNBILLED,,,0,INTERNAL,,,,0.00,93,"",,,"2026-07-02 10:07:47","2026-07-30 02:15:37"
416,FL-260702-1008-60,FORKLIFT,2378,26,NICHIYU FBRW25 (SN: MTR64103),123456,109,"หัวหน้างานอนุมัติแจ้งซ่อมจากผลการตรวจเช็ค:
- สภาพสายไฮดรอลิค

หมายเหตุจากหัวหน้า: สายแตกตัวสไล",,,COMPLETED,UNBILLED,,,0,INTERNAL,,,,0.00,93,"",,"2026-07-02 03:11:46","2026-07-02 10:08:08","2026-07-02 03:11:46"
417,FL-260702-1008-20,FORKLIFT,2352,46,TOYOTA 8FB25 (SN: MTR62219),20265132,113,"หัวหน้างานอนุมัติแจ้งซ่อมจากผลการตรวจเช็ค:
- สภาพล้อ + ยาง (ดอกยางหมดสภาพ)
- ระดับน้ำมันไฮดรอลิค (รั่วซึมใต้ท้องรถ)
- ระบบไฟสัญญาณ + แตร (ไฟหน้าด้านซ้ายไม่ติด)

หมายเหตุจากหัวหน้า: แตรไม่ดัง",,,COMPLETED,UNBILLED,,,0,INTERNAL,,,,0.00,93,"",,"2026-07-02 03:11:35","2026-07-02 10:08:23","2026-07-02 03:11:35"
418,FL-260702-1009-90,FORKLIFT,2351,36,HELI  (SN: No.8),123456,109,"หัวหน้างานอนุมัติแจ้งซ่อมจากผลการตรวจเช็ค:
- สภาพสายไฮดรอลิค

หมายเหตุจากหัวหน้า: สายไฮดรอลิคตัวเกลียวหัวน็อตหลวม",,,CANCELLED,UNBILLED,,,0,INTERNAL,,,,0.00,93,"",,,"2026-07-02 10:09:12","2026-07-30 02:15:24"
419,FL-260702-1009-81,FORKLIFT,2350,26,NICHIYU FBRW25 (SN: MTR64103),123456,109,"หัวหน้างานอนุมัติแจ้งซ่อมจากผลการตรวจเช็ค:
- สภาพสายไฮดรอลิค

หมายเหตุจากหัวหน้า: น้ำมันไม่พอ",,,COMPLETED,UNBILLED,,,0,INTERNAL,,,,0.00,93,"",,"2026-07-02 03:11:18","2026-07-02 10:09:29","2026-07-02 03:11:18"
420,FL-260702-1010-72,FORKLIFT,2322,36,HELI  (SN: No.8),123456,109,"หัวหน้างานอนุมัติแจ้งซ่อมจากผลการตรวจเช็ค:
- สภาพสายไฮดรอลิค

หมายเหตุจากหัวหน้า: สายไฮดรอลิคตัวยกซึมตรงน็อตเกลียว",,,CANCELLED,UNBILLED,,,0,INTERNAL,,,,0.00,93,"",,,"2026-07-02 10:10:19","2026-07-30 02:15:10"
421,REP-2607-002618,TRUCK,2618,22,[N23] 70-8334,489433,37,"หัวหน้างานอนุมัติแจ้งซ่อมจากผลการตรวจเช็ค:
- ไฟสูง-ต่ำ/ไฟท้าย/ไฟเบรก/ไฟเลี้ยว/ไฟถอย (ติดครบทุกดวง)

หมายเหตุจากหัวหน้า: เห็นสมควรซ่อม ที่แจ้งปัญหาเรื่องไฟส่องป้ายทะเบียน","",[],PENDING,UNBILLED,,,0,INTERNAL,,,,0.00,,,,,"2026-07-03 11:48:43","2026-07-03 11:48:43"
422,FL-260704-0902-81,FORKLIFT,2641,36,HELI  (SN: No.8),123456,109,"หัวหน้างานอนุมัติแจ้งซ่อมจากผลการตรวจเช็ค:
- สภาพสายไฮดรอลิค

หมายเหตุจากหัวหน้า: ระบบไม่ทำงาน",,,CANCELLED,UNBILLED,,,0,INTERNAL,,,,0.00,93,"",,,"2026-07-04 09:02:45","2026-07-30 02:14:58"
423,FL-260704-0903-21,FORKLIFT,2640,26,NICHIYU FBRW25 (SN: MTR64103),123456,109,"หัวหน้างานอนุมัติแจ้งซ่อมจากผลการตรวจเช็ค:
- ระบบไฟสัญญาณ + แตร
- พวงมาลัย

หมายเหตุจากหัวหน้า: แตรไม่ดัง",,,COMPLETED,UNBILLED,,,0,INTERNAL,,,,0.00,93,"",,"2026-07-04 07:02:19","2026-07-04 09:03:13","2026-07-04 07:02:19"
424,FL-260704-0903-58,FORKLIFT,2632,29,TOYOTA TT8FBRE20/8.5M (SN: MTR63002),123456,93,"หัวหน้างานอนุมัติแจ้งซ่อมจากผลการตรวจเช็ค:
- แจ้งซ่อมฉุกเฉิน / ระหว่างวัน (ระบบเปิดไม่ได้)

หมายเหตุจากหัวหน้า: เดินหน้าช้า",,,COMPLETED,UNBILLED,,,0,INTERNAL,,,,0.00,93,"",,"2026-07-04 02:11:02","2026-07-04 09:03:50","2026-07-04 02:11:02"
425,FL-260704-0904-47,FORKLIFT,2609,36,HELI  (SN: No.8),123456,109,"หัวหน้างานอนุมัติแจ้งซ่อมจากผลการตรวจเช็ค:
- สภาพสายไฮดรอลิค

หมายเหตุจากหัวหน้า: ตรวจสอบสายไฮดรอลิค",,,CANCELLED,UNBILLED,,,0,INTERNAL,,,,0.00,93,"",,,"2026-07-04 09:04:18","2026-07-30 02:14:44"
426,BM-260704-2185,TRUCK,,54,[217] 2ฒญ-4897,418578,78,แจ้งซ่อมด่วน: เบาะนั่งคนขับชำรุดครับ,,"[""uploads\/quick_repairs\/2026\/07\/20260704120834_860.jpeg""]",PENDING,UNBILLED,,,0,INTERNAL,,,,0.00,,,,,"2026-07-04 12:08:34","2026-07-04 12:08:34"
427,BM-260707-5239,TRUCK,,19,[N20] 70-7703,553562,56,แจ้งซ่อมด่วน: โซลินอย ไม่ทำงานครับ,,"[""uploads\/quick_repairs\/2026\/07\/20260707083527_143.jpeg""]",PENDING,UNBILLED,,,0,INTERNAL,,,,0.00,,,,,"2026-07-07 08:35:27","2026-07-07 08:35:27"
428,FL-260707-0910-85,FORKLIFT,2698,36,HELI  (SN: No.8),123456,109,"หัวหน้างานอนุมัติแจ้งซ่อมจากผลการตรวจเช็ค:
- สภาพสายไฮดรอลิค

หมายเหตุจากหัวหน้า: ล้อหลุด",,,CANCELLED,UNBILLED,,,0,INTERNAL,,,,0.00,93,"",,,"2026-07-07 09:10:25","2026-07-30 02:14:34"
429,FL-260707-0910-34,FORKLIFT,2666,36,HELI  (SN: No.8),123456,109,"หัวหน้างานอนุมัติแจ้งซ่อมจากผลการตรวจเช็ค:
- สภาพสายไฮดรอลิค

หมายเหตุจากหัวหน้า: ล้อหลุด",,,CANCELLED,UNBILLED,,,0,INTERNAL,,,,0.00,93,"",,,"2026-07-07 09:10:56","2026-07-30 02:14:20"
430,REP-2607-002601,TRUCK,2601,22,[N23] 70-8334,489328,37,"หัวหน้างานอนุมัติแจ้งซ่อมจากผลการตรวจเช็ค:
- ไฟสูง-ต่ำ/ไฟท้าย/ไฟเบรก/ไฟเลี้ยว/ไฟถอย (ติดครบทุกดวง)

หมายเหตุจากหัวหน้า: เห็นสมควรซ่อม ( นำรถเข้าซ่อมเรียบร้อยแล้ว )","",[],PENDING,UNBILLED,,,0,INTERNAL,,,,0.00,,,,,"2026-07-08 13:21:04","2026-07-08 13:21:04"
431,FL-260708-1334-76,FORKLIFT,2727,36,HELI  (SN: No.8),123456,109,"หัวหน้างานอนุมัติแจ้งซ่อมจากผลการตรวจเช็ค:
- สภาพสายไฮดรอลิค

หมายเหตุจากหัวหน้า: ตรวจเช็จงคสายไฮดรอลิค",,,CANCELLED,UNBILLED,,,0,INTERNAL,,,,0.00,93,"",,,"2026-07-08 13:34:16","2026-07-30 02:14:06"
432,FL-260708-1334-10,FORKLIFT,2716,47,TOYOTA TT8FBRE20/6.3M (SN: MTR63183),123456,93,"หัวหน้างานอนุมัติแจ้งซ่อมจากผลการตรวจเช็ค:
- สภาพสายไฮดรอลิค (สายไฮดรอลิคตกลอก)

หมายเหตุจากหัวหน้า: สายไฮดรอลิคตกลอก",,,COMPLETED,UNBILLED,,,0,INTERNAL,,,,0.00,93,"",,"2026-07-08 06:35:13","2026-07-08 13:34:53","2026-07-08 06:35:13"
433,REP-2607-002570,TRUCK,2570,22,[N23] 70-8334,489076,37,"หัวหน้างานอนุมัติแจ้งซ่อมจากผลการตรวจเช็ค:
- ไฟสูง-ต่ำ/ไฟท้าย/ไฟเบรก/ไฟเลี้ยว/ไฟถอย (ติดครบทุกดวง)

หมายเหตุจากหัวหน้า: เห็นสมควรนำรถเข้าซ่อม ( ดำเนินการแล้ว )","",[],PENDING,UNBILLED,,,0,INTERNAL,,,,0.00,,,,,"2026-07-08 13:49:25","2026-07-08 13:49:25"
434,REP-2607-002550,TRUCK,2550,22,[N23] 70-8334,489027,37,"หัวหน้างานอนุมัติแจ้งซ่อมจากผลการตรวจเช็ค:
- ไฟสูง-ต่ำ/ไฟท้าย/ไฟเบรก/ไฟเลี้ยว/ไฟถอย (ติดครบทุกดวง)

หมายเหตุจากหัวหน้า: เห็นสมควรเข้าซ่อม ( ดำเนินการเรียบร้อยแล้ว )","",[],PENDING,UNBILLED,,,0,INTERNAL,,,,0.00,,,,,"2026-07-08 13:50:34","2026-07-08 13:50:34"
435,REP-2607-002531,TRUCK,2531,22,[N23] 70-8334,488814,37,"หัวหน้างานอนุมัติแจ้งซ่อมจากผลการตรวจเช็ค:
- ไฟสูง-ต่ำ/ไฟท้าย/ไฟเบรก/ไฟเลี้ยว/ไฟถอย (ติดครบทุกดวง)

หมายเหตุจากหัวหน้า: เห็นสมควรดำเนินการซ่อม ( ดำเนินการแล้ว )",เบาะขาด,"[""uploads/inspections/2026/06/1782548076_d478fd1f.jpg""]",PENDING,UNBILLED,,,0,INTERNAL,,,,0.00,,,,,"2026-07-08 13:51:31","2026-07-08 13:51:31"
436,REP-2607-002499,TRUCK,2499,22,[N23] 70-8334,488795,37,"หัวหน้างานอนุมัติแจ้งซ่อมจากผลการตรวจเช็ค:
- ไฟสูง-ต่ำ/ไฟท้าย/ไฟเบรก/ไฟเลี้ยว/ไฟถอย (ติดครบทุกดวง)

หมายเหตุจากหัวหน้า: เห็นสมควรเข้าซ่อม ( ดำเนินการแล้ว )","ถ่ายน้ํามันเครื่องแอร์ฟรีส
เปลี่ยนไฟส่องป้ายทะเบียน","[""uploads/inspections/2026/06/1782433984_2f11605b.jpg"", ""uploads/inspections/2026/06/1782433984_e04d61be.jpg""]",PENDING,UNBILLED,,,0,INTERNAL,,,,0.00,,,,,"2026-07-08 13:52:36","2026-07-08 13:52:36"
437,REP-2607-002481,TRUCK,2481,22,[N23] 70-8334,488587,37,"หัวหน้างานอนุมัติแจ้งซ่อมจากผลการตรวจเช็ค:
- ไฟสูง-ต่ำ/ไฟท้าย/ไฟเบรก/ไฟเลี้ยว/ไฟถอย (ติดครบทุกดวง)

หมายเหตุจากหัวหน้า: เห็นสมควรเข้าซ่อม ( ดำเนินการแล้ว )","",[],PENDING,UNBILLED,,,0,INTERNAL,,,,0.00,,,,,"2026-07-08 13:53:22","2026-07-08 13:53:22"
438,REP-2607-002454,TRUCK,2454,22,[N23] 70-8334,488334,37,"หัวหน้างานอนุมัติแจ้งซ่อมจากผลการตรวจเช็ค:
- ไฟสูง-ต่ำ/ไฟท้าย/ไฟเบรก/ไฟเลี้ยว/ไฟถอย (ติดครบทุกดวง)

หมายเหตุจากหัวหน้า: เห็นสมควรเข้าซ่อม ( ดำเนินการแล้ว )","",[],PENDING,UNBILLED,,,0,INTERNAL,,,,0.00,,,,,"2026-07-08 13:54:56","2026-07-08 13:54:56"
439,REP-2607-002440,TRUCK,2440,22,[N23] 70-8334,488198,37,"หัวหน้างานอนุมัติแจ้งซ่อมจากผลการตรวจเช็ค:
- ไฟสูง-ต่ำ/ไฟท้าย/ไฟเบรก/ไฟเลี้ยว/ไฟถอย (ติดครบทุกดวง)

หมายเหตุจากหัวหน้า: ดำเนินการแล้ว","",[],PENDING,UNBILLED,,,0,INTERNAL,,,,0.00,,,,,"2026-07-08 13:55:16","2026-07-08 13:55:16"
440,REP-2607-002399,TRUCK,2399,22,[N23] 70-8334,487957,37,"หัวหน้างานอนุมัติแจ้งซ่อมจากผลการตรวจเช็ค:
- ไฟสูง-ต่ำ/ไฟท้าย/ไฟเบรก/ไฟเลี้ยว/ไฟถอย (ติดครบทุกดวง)

หมายเหตุจากหัวหน้า: ดำเนินการแล้ว","",[],PENDING,UNBILLED,,,0,INTERNAL,,,,0.00,,,,,"2026-07-08 13:55:50","2026-07-08 13:55:50"
441,REP-2607-002371,TRUCK,2371,22,[N23] 70-8334,487668,37,"หัวหน้างานอนุมัติแจ้งซ่อมจากผลการตรวจเช็ค:
- ไฟสูง-ต่ำ/ไฟท้าย/ไฟเบรก/ไฟเลี้ยว/ไฟถอย (ติดครบทุกดวง)

หมายเหตุจากหัวหน้า: ดำเนินการแล้ว","",[],PENDING,UNBILLED,,,0,INTERNAL,,,,0.00,,,,,"2026-07-08 13:56:05","2026-07-08 13:56:05"
442,REP-2607-002354,TRUCK,2354,22,[N23] 70-8334,487638,37,"หัวหน้างานอนุมัติแจ้งซ่อมจากผลการตรวจเช็ค:
- ไฟสูง-ต่ำ/ไฟท้าย/ไฟเบรก/ไฟเลี้ยว/ไฟถอย (ติดครบทุกดวง)

หมายเหตุจากหัวหน้า: ดำเนินการแล้ว","",[],PENDING,UNBILLED,,,0,INTERNAL,,,,0.00,,,,,"2026-07-08 13:56:21","2026-07-08 13:56:21"
443,REP-2607-002325,TRUCK,2325,22,[N23] 70-8334,487361,37,"หัวหน้างานอนุมัติแจ้งซ่อมจากผลการตรวจเช็ค:
- ไฟสูง-ต่ำ/ไฟท้าย/ไฟเบรก/ไฟเลี้ยว/ไฟถอย (ติดครบทุกดวง)

หมายเหตุจากหัวหน้า: ดำเนินการแล้ว","",[],PENDING,UNBILLED,,,0,INTERNAL,,,,0.00,,,,,"2026-07-08 13:56:39","2026-07-08 13:56:39"
444,REP-2607-002305,TRUCK,2305,22,[N23] 70-8334,486979,37,"หัวหน้างานอนุมัติแจ้งซ่อมจากผลการตรวจเช็ค:
- ไฟสูง-ต่ำ/ไฟท้าย/ไฟเบรก/ไฟเลี้ยว/ไฟถอย (ติดครบทุกดวง)

หมายเหตุจากหัวหน้า: ดำเเนินการแล้ว","",[],PENDING,UNBILLED,,,0,INTERNAL,,,,0.00,,,,,"2026-07-08 13:56:55","2026-07-08 13:56:55"
445,REP-2607-002254,TRUCK,2254,22,[N23] 70-8334,486687,37,"หัวหน้างานอนุมัติแจ้งซ่อมจากผลการตรวจเช็ค:
- ไฟสูง-ต่ำ/ไฟท้าย/ไฟเบรก/ไฟเลี้ยว/ไฟถอย (ติดครบทุกดวง)

หมายเหตุจากหัวหน้า: ดำเนินการแล้ว","",[],PENDING,UNBILLED,,,0,INTERNAL,,,,0.00,,,,,"2026-07-08 13:57:13","2026-07-08 13:57:13"
446,REP-2607-002211,TRUCK,2211,22,[N23] 70-8334,486621,37,"หัวหน้างานอนุมัติแจ้งซ่อมจากผลการตรวจเช็ค:
- ไฟสูง-ต่ำ/ไฟท้าย/ไฟเบรก/ไฟเลี้ยว/ไฟถอย (ติดครบทุกดวง)

หมายเหตุจากหัวหน้า: ดำเนินการแล้ว","",[],PENDING,UNBILLED,,,0,INTERNAL,,,,0.00,,,,,"2026-07-08 13:57:25","2026-07-08 13:57:25"
447,REP-2607-002190,TRUCK,2190,22,[N23] 70-8334,486151,37,"หัวหน้างานอนุมัติแจ้งซ่อมจากผลการตรวจเช็ค:
- ไฟสูง-ต่ำ/ไฟท้าย/ไฟเบรก/ไฟเลี้ยว/ไฟถอย (ติดครบทุกดวง)

หมายเหตุจากหัวหน้า: ดำเนินการแล้ว","",[],PENDING,UNBILLED,,,0,INTERNAL,,,,0.00,,,,,"2026-07-08 13:57:42","2026-07-08 13:57:42"
448,REP-2607-001841,TRUCK,1841,26,[N27] 71-0078,230917,33,"หัวหน้างานอนุมัติแจ้งซ่อมจากผลการตรวจเช็ค:
- ไฟสูง-ต่ำ/ไฟท้าย/ไฟเบรก/ไฟเลี้ยว/ไฟถอย (ติดครบทุกดวง) (ไฟถ่อยขาก)

หมายเหตุจากหัวหน้า: เห็นสมควรเข้าซ่อม เปลี่ยนอะไหล่ ( ดำเนินการแล้ว )",ขอเปลี่ยนยาง10เส้นหมดสภาพ,[],PENDING,UNBILLED,,,0,INTERNAL,,,,0.00,,,,,"2026-07-08 14:05:17","2026-07-08 14:05:17"
449,REP-2607-002118,TRUCK,2118,22,[N23] 70-8334,485871,37,"หัวหน้างานอนุมัติแจ้งซ่อมจากผลการตรวจเช็ค:
- ไฟสูง-ต่ำ/ไฟท้าย/ไฟเบรก/ไฟเลี้ยว/ไฟถอย (ติดครบทุกดวง)

หมายเหตุจากหัวหน้า: ดำเนินการแล้ว","",[],PENDING,UNBILLED,,,0,INTERNAL,,,,0.00,,,,,"2026-07-08 14:08:16","2026-07-08 14:08:16"
450,REP-2607-002040,TRUCK,2040,22,[N23] 70-8334,485206,37,"หัวหน้างานอนุมัติแจ้งซ่อมจากผลการตรวจเช็ค:
- ไฟสูง-ต่ำ/ไฟท้าย/ไฟเบรก/ไฟเลี้ยว/ไฟถอย (ติดครบทุกดวง)

หมายเหตุจากหัวหน้า: ดำเนินการแล้ว",ไฟส่องป้ายทะเบียน2ดวงไฟถอย 1คู่ เบาะขาด,"[""uploads/inspections/2026/06/1780620309_c3813405.jpg"", ""uploads/inspections/2026/06/1780620309_1efdbdcd.jpg"", ""uploads/inspections/2026/06/1780620310_c8f46a9b.jpg"", ""uploads/inspections/2026/06/1780620310_4f85b5fe.jpg""]",PENDING,UNBILLED,,,0,INTERNAL,,,,0.00,,,,,"2026-07-08 14:08:35","2026-07-08 14:08:35"
451,REP-2607-002145,TRUCK,2145,22,[N23] 70-8334,486099,37,"หัวหน้างานอนุมัติแจ้งซ่อมจากผลการตรวจเช็ค:
- ไฟสูง-ต่ำ/ไฟท้าย/ไฟเบรก/ไฟเลี้ยว/ไฟถอย (ติดครบทุกดวง)

หมายเหตุจากหัวหน้า: ดำเนินการแล้ว","",[],PENDING,UNBILLED,,,0,INTERNAL,,,,0.00,,,,,"2026-07-08 14:09:22","2026-07-08 14:09:22"
452,REP-2607-002112,TRUCK,2112,22,[N23] 70-8334,485621,37,"หัวหน้างานอนุมัติแจ้งซ่อมจากผลการตรวจเช็ค:
- ไฟสูง-ต่ำ/ไฟท้าย/ไฟเบรก/ไฟเลี้ยว/ไฟถอย (ติดครบทุกดวง)

หมายเหตุจากหัวหน้า: ดำเนินการแล้ว","",[],PENDING,UNBILLED,,,0,INTERNAL,,,,0.00,,,,,"2026-07-08 14:09:42","2026-07-08 14:09:42"
453,REP-2607-002080,TRUCK,2080,22,[N23] 70-8334,485471,37,"หัวหน้างานอนุมัติแจ้งซ่อมจากผลการตรวจเช็ค:
- ไฟสูง-ต่ำ/ไฟท้าย/ไฟเบรก/ไฟเลี้ยว/ไฟถอย (ติดครบทุกดวง)

หมายเหตุจากหัวหน้า: ดำเนินการแล้ว","",[],PENDING,UNBILLED,,,0,INTERNAL,,,,0.00,,,,,"2026-07-08 14:10:11","2026-07-08 14:10:11"
454,REP-2607-002184,TRUCK,2184,57,[220] 3ฒน-313,5501122,63,"หัวหน้างานอนุมัติแจ้งซ่อมจากผลการตรวจเช็ค:
- ระดับน้ำมันพวงมาลัยเพาเวอร์ (ระดับปกติ)

หมายเหตุจากหัวหน้า: ดำเนินการแล้ว",พวงมาลัยพาวเวอร์หนัก,[],PENDING,UNBILLED,,,0,INTERNAL,,,,0.00,,,,,"2026-07-08 16:08:36","2026-07-08 16:08:36"
455,REP-2607-002575,TRUCK,2575,16,[N17] 70-6994,646981,94,"หัวหน้างานอนุมัติแจ้งซ่อมจากผลการตรวจเช็ค:
- ระดับน้ำยาคอมพ์ (ระดับน้ำยาตาแมว)

หมายเหตุจากหัวหน้า: ดำเนินการแล้ว","",[],COMPLETED,UNBILLED,,,0,INTERNAL,,,,0.00,163,"",,"2026-07-20 03:23:18","2026-07-08 16:11:08","2026-07-20 03:23:18"
456,REP-2607-002470,TRUCK,2470,29,[N30] 71-0622,196392,159,"หัวหน้างานอนุมัติแจ้งซ่อมจากผลการตรวจเช็ค:
- ไฟสูง-ต่ำ/ไฟท้าย/ไฟเบรก/ไฟเลี้ยว/ไฟถอย (ติดครบทุกดวง) (ไฟหรี่รอบคันช็อต)
- ความลึกของดอกยาง (มากกว่าสะพานยาง) (มียางบวม1เส้น)

หมายเหตุจากหัวหน้า: ดำเนินการแล้ว",แอร์ห้องคนขับไม่ทำงานมัแต่ลมออกไม่มีความเย็น,[],PENDING,UNBILLED,,,0,INTERNAL,,,,0.00,,,,,"2026-07-08 16:11:23","2026-07-08 16:11:23"
457,REP-2607-002386,TRUCK,2386,63,[N51] 64-5207,496449,4,"หัวหน้างานอนุมัติแจ้งซ่อมจากผลการตรวจเช็ค:
- ระดับน้ำมันเบรค (ระดับปกติ)
- แรงดันลมยาง (ถูกต้องตามคู่มือรถ)
- ภายในตู้บรรทุก ใช้น้ำยา B-CLEAR (สะอาด)

หมายเหตุจากหัวหน้า: ดำเนินการแล้ว","",[],PENDING,UNBILLED,,,0,INTERNAL,,,,0.00,,,,,"2026-07-08 16:11:37","2026-07-08 16:11:37"
458,REP-2607-002368,TRUCK,2368,17,[N18] 70-7295,910414,54,"หัวหน้างานอนุมัติแจ้งซ่อมจากผลการตรวจเช็ค:
- ระดับน้ำในหม้อน้ำและถังพักน้ำสำรอง (ระดับปกติ)

หมายเหตุจากหัวหน้า: ดำเนินการแล้ว","",[],PENDING,UNBILLED,,,0,INTERNAL,,,,0.00,,,,,"2026-07-08 16:11:48","2026-07-08 16:11:48"
459,REP-2607-002363,TRUCK,2363,18,[N19] 70-7296,619034,59,"หัวหน้างานอนุมัติแจ้งซ่อมจากผลการตรวจเช็ค:
- สายพานทุกเส้น (สภาพปกติ)

หมายเหตุจากหัวหน้า: ดำเนินการแล้ว",สายพานไดชาร์จแอร์บนหมดสภาพ,[],PENDING,UNBILLED,,,0,INTERNAL,,,,0.00,,,,,"2026-07-08 16:12:02","2026-07-08 16:12:02"
460,REP-2607-002297,TRUCK,2297,38,[N39] 71-1464,101567,46,"หัวหน้างานอนุมัติแจ้งซ่อมจากผลการตรวจเช็ค:
- ความลึกของดอกยาง (มากกว่าสะพานยาง) (ดอกยางมีกินด้านขวารอการสลับยางครับ)

หมายเหตุจากหัวหน้า: ดำเนินการแล้ว",ครบถ่ายน้ำมันเครื่องยนต์,[],PENDING,UNBILLED,,,0,INTERNAL,,,,0.00,,,,,"2026-07-08 16:12:19","2026-07-08 16:12:19"
461,REP-2607-002291,TRUCK,2291,29,[N30] 71-0622,194464,159,"หัวหน้างานอนุมัติแจ้งซ่อมจากผลการตรวจเช็ค:
- ไฟสูง-ต่ำ/ไฟท้าย/ไฟเบรก/ไฟเลี้ยว/ไฟถอย (ติดครบทุกดวง) (ไฟหรี่ช็อตใช้ไม่ได้ในเวลากลางคืนไม่ติด)
- ความลึกของดอกยาง (มากกว่าสะพานยาง) (มียางบวม1เส้น)

หมายเหตุจากหัวหน้า: ดำเนินการแล้ว",ยางบวม1เส้น,"[""uploads/inspections/2026/06/1781658423_05f3748e.jpg""]",COMPLETED,UNBILLED,,,0,INTERNAL,,,,0.00,163,"",,"2026-07-20 03:17:03","2026-07-08 16:12:35","2026-07-20 03:17:03"
462,REP-2607-002285,TRUCK,2285,63,[N51] 64-5207,496251,160,"หัวหน้างานอนุมัติแจ้งซ่อมจากผลการตรวจเช็ค:
- รอยรั่วซึมตามจุดต่างๆ (ไม่มีจุดรั่ว) (หม้อพักน้ำ)
- ความลึกของดอกยาง (มากกว่าสะพานยาง) (สึกเห็นลวด)
- ระดับน้ำในหม้อน้ำและถังพักน้ำสำรอง (ระดับปกติ) (หม้อพักน้ำรั่ว)

หมายเหตุจากหัวหน้า: ดำเนินการแล้ว","",[],PENDING,UNBILLED,,,0,INTERNAL,,,,0.00,,,,,"2026-07-08 16:12:48","2026-07-08 16:12:48"
463,REP-2607-002255,TRUCK,2255,34,[N35] 71-1426,118505,161,"หัวหน้างานอนุมัติแจ้งซ่อมจากผลการตรวจเช็ค:
- ความลึกของดอกยาง (มากกว่าสะพานยาง)

หมายเหตุจากหัวหน้า: ดำเนินการแล้ว",เหล็กค้ำท่อหักดำเนินการแจ้งซ่อมเรียบร้อย,"[""uploads/inspections/2026/06/1781506965_a82f0b48.jpg"", ""uploads/inspections/2026/06/1781506965_fafe6129.jpg""]",PENDING,UNBILLED,,,0,INTERNAL,,,,0.00,,,,,"2026-07-08 16:17:44","2026-07-08 16:17:44"
464,REP-2607-002246,TRUCK,2246,38,[N39] 71-1464,101293,46,"หัวหน้างานอนุมัติแจ้งซ่อมจากผลการตรวจเช็ค:
- ความลึกของดอกยาง (มากกว่าสะพานยาง) (ยางหน้าด้านขวามีการกินยางยังไม่ได้สลับครับ)

หมายเหตุจากหัวหน้า: ดำเนินการแล้ว",ครบเช็คระยะน้ำมันเครื่อง,"[""uploads/inspections/2026/06/1781486775_15c24b32.jpg""]",PENDING,UNBILLED,,,0,INTERNAL,,,,0.00,,,,,"2026-07-08 16:18:27","2026-07-08 16:18:27"
465,REP-2607-002219,TRUCK,2219,38,[N39] 71-1464,101095,46,"หัวหน้างานอนุมัติแจ้งซ่อมจากผลการตรวจเช็ค:
- ความลึกของดอกยาง (มากกว่าสะพานยาง) (ยางหน้าขวามีการกินยางยังไม่ได้สลับครับ)

หมายเหตุจากหัวหน้า: ดำเนินการแล้ว",ครบเช็คระยะน้ำมันเครื่องยนต์,"[""uploads/inspections/2026/06/1781316777_4deb1113.jpg""]",COMPLETED,UNBILLED,,,0,INTERNAL,,,,0.00,163,"",,"2026-07-20 03:18:36","2026-07-08 16:18:44","2026-07-20 03:18:36"
466,REP-2607-002173,TRUCK,2173,29,[N30] 71-0622,193491,159,"หัวหน้างานอนุมัติแจ้งซ่อมจากผลการตรวจเช็ค:
- ไฟสูง-ต่ำ/ไฟท้าย/ไฟเบรก/ไฟเลี้ยว/ไฟถอย (ติดครบทุกดวง)

หมายเหตุจากหัวหน้า: ดำเนินการแล้ว",ไฟหรี่ช็อตไม่สามารถเปิดได,[],COMPLETED,UNBILLED,,,0,INTERNAL,,,,0.00,163,"",,"2026-07-20 03:29:12","2026-07-08 16:18:57","2026-07-20 03:29:12"
467,REP-2607-002161,TRUCK,2161,57,[220] 3ฒน-313,5501111,63,"หัวหน้างานอนุมัติแจ้งซ่อมจากผลการตรวจเช็ค:
- กรวยจราจร (ถ้ามี) (ไม่มี)
- ระดับน้ำมันพวงมาลัยเพาเวอร์ (ระดับปกติ)

หมายเหตุจากหัวหน้า: ดำเนินการแล้ว",พวงมาลัยพาวเวอร์หนัก,[],COMPLETED,UNBILLED,,,0,INTERNAL,,,,0.00,163,"",,"2026-07-20 03:18:08","2026-07-08 16:19:09","2026-07-20 03:18:08"
468,REP-2607-002131,TRUCK,2131,38,[N39] 71-1464,100582,46,"หัวหน้างานอนุมัติแจ้งซ่อมจากผลการตรวจเช็ค:
- ความลึกของดอกยาง (มากกว่าสะพานยาง) (ดอกยางมีกินด้านขวาหน้า)

หมายเหตุจากหัวหน้า: ดำเนินการแล้ว","",[],COMPLETED,UNBILLED,,,0,INTERNAL,,,,0.00,163,"",,"2026-07-20 03:18:27","2026-07-08 16:21:20","2026-07-20 03:18:27"
469,REP-2607-002085,TRUCK,2085,38,[N39] 71-1464,100394,46,"หัวหน้างานอนุมัติแจ้งซ่อมจากผลการตรวจเช็ค:
- ความลึกของดอกยาง (มากกว่าสะพานยาง) (ยางหน้าด้านขวากินยาง)

หมายเหตุจากหัวหน้า: ดำเนินการแล้ว","",[],COMPLETED,UNBILLED,,,0,INTERNAL,,,,0.00,163,"",,"2026-07-20 03:18:21","2026-07-08 16:21:30","2026-07-20 03:18:21"
470,REP-2607-002047,TRUCK,2047,9,[113] 70-4653,8812232,70,"หัวหน้างานอนุมัติแจ้งซ่อมจากผลการตรวจเช็ค:
- ระดับน้ำมันเบรค (ระดับปกติ)

หมายเหตุจากหัวหน้า: ดำเนินการแล้ว",เบรครั่วล้อหลังด้านขวา,[],COMPLETED,UNBILLED,,,0,INTERNAL,,,,0.00,163,"",,"2026-07-20 03:18:14","2026-07-08 16:21:39","2026-07-20 03:18:14"
471,REP-2607-002045,TRUCK,2045,38,[N39] 71-1464,99960,46,"หัวหน้างานอนุมัติแจ้งซ่อมจากผลการตรวจเช็ค:
- ความลึกของดอกยาง (มากกว่าสะพานยาง) (ยางหน้าขวามีการกินยางแจ้งไปประมาณ 2 เดือนแล้วยังไม่ได้รับการตอบรับให้เข้าซ่อม)

หมายเหตุจากหัวหน้า: ดำเนินการแล้ว","",[],COMPLETED,UNBILLED,,,0,INTERNAL,,,,0.00,163,"",,"2026-07-20 03:17:47","2026-07-08 16:21:49","2026-07-20 03:17:47"
472,REP-2607-002028,TRUCK,2028,16,[N17] 70-6994,642554,94,"หัวหน้างานอนุมัติแจ้งซ่อมจากผลการตรวจเช็ค:
- ระดับน้ำในหม้อน้ำแอร์ (ระดับน้ำกึ่งกลาง) (เกิดจากฝาปิดหม้อน้ำเสื่อมสภาพมีน้ำซึมออก)

หมายเหตุจากหัวหน้า: ดำเนินการแล้ว","",[],PENDING,UNBILLED,,,0,INTERNAL,,,,0.00,,,,,"2026-07-08 16:21:58","2026-07-08 16:21:58"
473,REP-2607-002008,TRUCK,2008,16,[N17] 70-6994,642472,94,"หัวหน้างานอนุมัติแจ้งซ่อมจากผลการตรวจเช็ค:
- ฝาปิดหม้อน้ำ (มีและใช้งานได้) (น้ำซึมออก)

หมายเหตุจากหัวหน้า: ดำเนินการแล้ว","","[""uploads/inspections/2026/06/1780396938_b1b99a15.jpg""]",COMPLETED,UNBILLED,,,0,INTERNAL,,,,0.00,163,"",,"2026-07-20 03:17:18","2026-07-08 16:22:10","2026-07-20 03:17:18"
474,REP-2607-001973,TRUCK,1973,26,[N27] 71-0078,232161,33,"หัวหน้างานอนุมัติแจ้งซ่อมจากผลการตรวจเช็ค:
- สภาพแก้มยาง (ปกติ)

หมายเหตุจากหัวหน้า: ดำเนินการแล้ว",ขอเปลี่ยนยาง10เส้น,"[""uploads/inspections/2026/05/1780049237_4cb584ba.jpg""]",COMPLETED,UNBILLED,,,0,INTERNAL,,,,0.00,163,"",,"2026-07-20 02:49:35","2026-07-08 16:22:50","2026-07-20 02:49:35"
475,REP-2607-001962,TRUCK,1962,38,[N39] 71-1464,98946,46,"หัวหน้างานอนุมัติแจ้งซ่อมจากผลการตรวจเช็ค:
- ความลึกของดอกยาง (มากกว่าสะพานยาง) (ดอกยางด้านหน้าขวามีการกินยาง)

หมายเหตุจากหัวหน้า: ดำเนินการแล้ว","",[],COMPLETED,UNBILLED,,,0,INTERNAL,,,,0.00,163,"",,"2026-07-20 02:49:11","2026-07-08 16:23:00","2026-07-20 02:49:11"
476,REP-2607-001934,TRUCK,1934,8,[112] 70-2982,252676,67,"หัวหน้างานอนุมัติแจ้งซ่อมจากผลการตรวจเช็ค:
- ระดับน้ำยาคอมพ์ (ระดับน้ำยาตาแมว)

หมายเหตุจากหัวหน้า: ดำเนินการแล้ว","",[],COMPLETED,UNBILLED,,,0,INTERNAL,,,,0.00,163,"",,"2026-07-20 02:48:49","2026-07-08 16:23:16","2026-07-20 02:48:49"
477,REP-2607-001899,TRUCK,1899,38,[N39] 71-1464,98412,46,"หัวหน้างานอนุมัติแจ้งซ่อมจากผลการตรวจเช็ค:
- ความลึกของดอกยาง (มากกว่าสะพานยาง)

หมายเหตุจากหัวหน้า: ดำเนินการแล้ว","",[],COMPLETED,UNBILLED,,,0,INTERNAL,,,,0.00,163,"",,"2026-07-20 02:48:34","2026-07-08 16:23:27","2026-07-20 02:48:34"
478,REP-2607-001867,TRUCK,1867,38,[N39] 71-1464,97982,46,"หัวหน้างานอนุมัติแจ้งซ่อมจากผลการตรวจเช็ค:
- ความลึกของดอกยาง (มากกว่าสะพานยาง) (ยางหน้าด้านขวามีการกินดอก)

หมายเหตุจากหัวหน้า: ดำเนินการแล้ว","",[],COMPLETED,UNBILLED,,,0,INTERNAL,,,,0.00,163,"",,"2026-07-20 02:48:23","2026-07-08 16:23:36","2026-07-20 02:48:23"
479,REP-2607-001846,TRUCK,1846,51,[214] 2ฒง-6932,461385,58,"หัวหน้างานอนุมัติแจ้งซ่อมจากผลการตรวจเช็ค:
- รอยรั่วซึมตามจุดต่างๆ (ไม่มีจุดรั่ว) (มีน้ำมันรั่วซึมออกจากแผงแอร์ด้านหน้ารถแอร์ของห้องโดยสาร)

หมายเหตุจากหัวหน้า: ดำเนินการแล้ว","","[""uploads/inspections/2026/05/1779330544_f4a7c6e0.jpg""]",COMPLETED,UNBILLED,,,0,INTERNAL,,,,0.00,163,"",,"2026-07-20 03:17:55","2026-07-08 16:23:54","2026-07-20 03:17:55"
480,REP-2607-001842,TRUCK,1842,38,[N39] 71-1464,97933,46,"หัวหน้างานอนุมัติแจ้งซ่อมจากผลการตรวจเช็ค:
- ความลึกของดอกยาง (มากกว่าสะพานยาง) (ยังกินด้านขวายังไม่ได้มีการสลับยาง)

หมายเหตุจากหัวหน้า: ดำเนินการแล้ว",ยังกินด้านขวายังไม่ได้มีการสลับยาง,"[""uploads/inspections/2026/05/1779327583_03568c6c.jpg""]",COMPLETED,UNBILLED,,,0,INTERNAL,,,,0.00,163,"",,"2026-07-20 02:48:07","2026-07-08 16:24:04","2026-07-20 02:48:07"
481,REP-2607-001804,TRUCK,1804,38,[N39] 71-1464,97498,46,"หัวหน้างานอนุมัติแจ้งซ่อมจากผลการตรวจเช็ค:
- ความลึกของดอกยาง (มากกว่าสะพานยาง)

หมายเหตุจากหัวหน้า: ดำเนินการแล้ว",ดอกยางกินด้านขวารอสลับอยู่,"[""uploads/inspections/2026/05/1779243707_9a67eaec.jpg""]",COMPLETED,UNBILLED,,,0,INTERNAL,,,"",0.00,163,"",,"2026-07-20 02:48:00","2026-07-08 16:24:15","2026-09-03 10:09:43"
482,BM-260708-3596,TRUCK,,16,[N17] 70-6994,648124,94,แจ้งซ่อมด่วน: พื้นตู้เป็นคลื่นหน้างานแจ้งขึ้นลงงานลำบาก,,"[""uploads\/quick_repairs\/2026\/07\/20260708180533_219.jpg"",""uploads\/quick_repairs\/2026\/07\/20260708180533_163.jpg""]",PENDING,UNBILLED,,,0,INTERNAL,,,,0.00,,,,,"2026-07-08 18:05:33","2026-07-08 18:05:33"
483,FL-260710-1124-47,FORKLIFT,2788,36,HELI  (SN: No.8),123456,109,"หัวหน้างานอนุมัติแจ้งซ่อมจากผลการตรวจเช็ค:
- สภาพสายไฮดรอลิค

หมายเหตุจากหัวหน้า: ล้อหลุด",,,CANCELLED,UNBILLED,,,0,INTERNAL,,,,0.00,93,"",,,"2026-07-10 11:24:05","2026-07-30 02:13:40"
484,FL-260710-1124-31,FORKLIFT,2755,36,HELI  (SN: No.8),123456,109,"หัวหน้างานอนุมัติแจ้งซ่อมจากผลการตรวจเช็ค:
- สภาพสายไฮดรอลิค

หมายเหตุจากหัวหน้า: ล้แหลุด",,,CANCELLED,UNBILLED,,,0,INTERNAL,,,,0.00,93,"",,,"2026-07-10 11:24:27","2026-07-30 02:13:13"
485,FL-260710-1136-42,FORKLIFT,2792,32,TOYOTA  (SN: MTR62302),123456,93,"หัวหน้างานอนุมัติแจ้งซ่อมจากผลการตรวจเช็ค:
- แจ้งซ่อมฉุกเฉิน / ระหว่างวัน (สายเบรคขาด)

หมายเหตุจากหัวหน้า: สายเบรคขาด",,,COMPLETED,UNBILLED,,,0,INTERNAL,,,,0.00,93,"",,"2026-07-13 09:21:41","2026-07-10 11:36:06","2026-07-13 09:21:41"
486,BM-260711-4156,TRUCK,,15,[N16] 70-6993,604510,47,แจ้งซ่อมด่วน: ไดสตาร์ทเครื่องแอร์บนไม่ทำงาน,,"[""uploads\/quick_repairs\/2026\/07\/20260711110635_949.jpg""]",COMPLETED,UNBILLED,,,0,INTERNAL,,,,0.00,163,"",,"2026-07-20 02:49:23","2026-07-11 11:06:35","2026-07-20 02:49:23"
487,FL-260713-1614-48,FORKLIFT,2846,36,HELI  (SN: No.8),123456,109,"หัวหน้างานอนุมัติแจ้งซ่อมจากผลการตรวจเช็ค:
- สภาพสายไฮดรอลิค

หมายเหตุจากหัวหน้า: ล้อหลุด",,,CANCELLED,UNBILLED,,,0,INTERNAL,,,,0.00,93,"",,,"2026-07-13 16:14:48","2026-07-30 02:13:00"
488,FL-260713-1615-64,FORKLIFT,2818,36,HELI  (SN: No.8),123456,109,"หัวหน้างานอนุมัติแจ้งซ่อมจากผลการตรวจเช็ค:
- สภาพสายไฮดรอลิค

หมายเหตุจากหัวหน้า: ล้อหลุด",,,CANCELLED,UNBILLED,,,0,INTERNAL,,,,0.00,93,"",,,"2026-07-13 16:15:00","2026-07-27 06:54:54"
489,FL-260713-1615-44,FORKLIFT,2816,46,TOYOTA 8FB25 (SN: MTR62219),20484003,113,"หัวหน้างานอนุมัติแจ้งซ่อมจากผลการตรวจเช็ค:
- สภาพล้อ + ยาง (ดอกยางเริ่มหมดสภาพ นำของเก่ามาใส่แทน)
- ระดับน้ำมันไฮดรอลิค (รั่วซึมใต้ท้องรถ ไม่มีการแก้ไขแค่เติมน้ำไฮดรอลิค)
- ระบบไฟสัญญาณ + แตร (ไฟหน้าด้านซ้ายไม่ติด ไฟเลนก็ไม่ติด)

หมายเหตุจากหัวหน้า: ล้อหลุด",,,COMPLETED,UNBILLED,,,0,INTERNAL,,,,0.00,93,"",,"2026-07-13 09:21:21","2026-07-13 16:15:30","2026-07-13 09:21:21"
490,BM-260714-1748,TRUCK,,45,[603] 70-6390,779238,61,แจ้งซ่อมด่วน: ครบรอบเช็คระยะเครื่องยนต์ ของเหลวรอบคัน ตบจารบีล้อ,,"[""uploads\/quick_repairs\/2026\/07\/20260714061421_844.jpg""]",COMPLETED,UNBILLED,,,0,INTERNAL,,,,0.00,163,"",,"2026-07-20 02:47:12","2026-07-14 06:14:21","2026-07-20 02:47:12"
491,FL-260714-1037-37,FORKLIFT,2870,36,HELI  (SN: No.8),123456,109,"หัวหน้างานอนุมัติแจ้งซ่อมจากผลการตรวจเช็ค:
- สภาพสายไฮดรอลิค

หมายเหตุจากหัวหน้า: ล้อหลุด",,,CANCELLED,UNBILLED,,,0,INTERNAL,,,,0.00,93,"",,,"2026-07-14 10:37:43","2026-07-15 06:25:21"
492,BM-260715-7893,TRUCK,,18,[N19] 70-7296,622474,59,แจ้งซ่อมด่วน: ไฟเพดานตู้หลัง+ไฟถอย+แตร,,"[""uploads\/quick_repairs\/2026\/07\/20260715090503_701.jpg""]",COMPLETED,UNBILLED,,,0,INTERNAL,,,,0.00,163,ดำเนินการเรียบร้อย ,"2026-07-15 02:14:05","2026-07-18 04:57:52","2026-07-15 09:05:03","2026-07-18 04:57:52"
493,FL-260715-1326-11,FORKLIFT,2900,36,HELI  (SN: No.8),123456,109,"หัวหน้างานอนุมัติแจ้งซ่อมจากผลการตรวจเช็ค:
- สภาพสายไฮดรอลิค

หมายเหตุจากหัวหน้า: ล้อหลุดไม่ซ่อมแล้ว",,,CANCELLED,UNBILLED,,,0,INTERNAL,,,,0.00,93,"",,,"2026-07-15 13:26:49","2026-07-15 06:27:17"
494,BM-260715-7325,TRUCK,,54,[217] 2ฒญ-4897,420346,78,แจ้งซ่อมด่วน: ไฟในตู้ขาด,,"[""uploads\/quick_repairs\/2026\/07\/20260715134738_471.jpeg""]",COMPLETED,UNBILLED,,,0,INTERNAL,,,,0.00,163,"",,"2026-07-20 02:47:02","2026-07-15 13:47:38","2026-07-20 02:47:02"
495,BM-260716-0143,TRUCK,,44,[602] 70-6356,818404,30,"แจ้งซ่อมด่วน: ครบรอบถ่ายน้ำมันเครื่อง
อัดจารบีล้อ
เช็ควาล์ว
เช็คเบรคเช็คคลัชแก่นเสาอากาศวิทยุใหม่ยางปัดน้ำฝนหมดอายุ",,"[""uploads\/quick_repairs\/2026\/07\/20260716092944_870.jpg"",""uploads\/quick_repairs\/2026\/07\/20260716092944_608.jpg"",""uploads\/quick_repairs\/2026\/07\/20260716092944_250.jpg"",""uploads\/quick_repairs\/2026\/07\/20260716092945_876.jpg""]",COMPLETED,UNBILLED,,,0,INTERNAL,,,,0.00,163,ส่งซ่อม  Hino ชัยรัชกิจแม่กลอง เปลี่ยนถ่ายชุดใหญ่ ป.จารบีล้อ,"2026-07-18 04:57:09","2026-07-20 02:42:26","2026-07-16 09:29:45","2026-07-20 02:42:26"
496,BM-260718-2245,TRUCK,,39,[N40] 71-1465,103329,39,แจ้งซ่อมด่วน: ม่านท้ายตู้หลุดขาด,,"[""uploads\/quick_repairs\/2026\/07\/20260718093237_683.jpg""]",WAITING_PARTS,UNBILLED,,,0,INTERNAL,,,,0.00,163,รอออะไหล่มาส่ง พขรเปลี่ยนเอง,,,"2026-07-18 09:32:37","2026-07-18 04:40:04"
497,REP-2607-002846,TRUCK,2846,44,[602] 70-6356,1810638,30,"หัวหน้างานอนุมัติแจ้งซ่อมจากผลการตรวจเช็ค:
- ระดับน้ำมันพวงมาลัยเพาเวอร์ (ระดับปกติ) (น้ำมันเครื่อง เพาเวอร์หายผิดปกติ)

หมายเหตุจากหัวหน้า: ส่งตรวจเช็คปั๊มเพาเวอร์ กับเครื่องยนต์","",[],COMPLETED,UNBILLED,,,0,INTERNAL,,,,0.00,163,"",,"2026-07-20 02:46:55","2026-07-18 14:14:48","2026-07-20 02:46:55"
498,BM-260721-2697,TRUCK,,8,[112] 70-2982,258209,67,แจ้งซ่อมด่วน: น้ำยาแอร์ฟรีสขาด,,"[""uploads\/quick_repairs\/2026\/07\/20260721084523_898.png""]",PENDING,UNBILLED,,,0,INTERNAL,,,,0.00,,,,,"2026-07-21 08:45:24","2026-07-21 08:45:24"
499,FL-260721-1539-82,FORKLIFT,3067,14,TOYOTA 8FB25 (SN: MTR62220),7654321,93,"หัวหน้างานอนุมัติแจ้งซ่อมจากผลการตรวจเช็ค:
- แจ้งซ่อมฉุกเฉิน / ระหว่างวัน (สายแตก)

หมายเหตุจากหัวหน้า: สายแตก",,,COMPLETED,UNBILLED,,,0,INTERNAL,,,,0.00,93,"",,"2026-07-27 06:54:11","2026-07-21 15:39:45","2026-07-27 06:54:11"
500,FL-260721-1541-99,FORKLIFT,3057,46,TOYOTA 8FB25 (SN: MTR62219),20578000,113,"หัวหน้างานอนุมัติแจ้งซ่อมจากผลการตรวจเช็ค:
- แบตเตอรี่หลังจากนำลงไปชาร์จ (ดอกยางโล้นหมดสภาพ)
- สภาพล้อ + ยาง (ดอกยางหมดสภาพ)
- ระดับน้ำมันไฮดรอลิค (รั่วซึมใต้ท้องรถ)
- ระบบไฟสัญญาณ + แตร (ไฟด้านหน้าข้างซ้ายไม่ติด)

หมายเหตุจากหัวหน้า: น้ำมะนไฮดรอลิคและดอกยาง",,,COMPLETED,UNBILLED,,,0,INTERNAL,,,,0.00,93,"",,"2026-07-22 07:22:29","2026-07-21 15:41:00","2026-07-22 07:22:29"
501,BM-260722-4558,TRUCK,,39,[N40] 71-1465,103825,39,แจ้งซ่อมด่วน: ไฟหมวกไม่ติดหรือหลอดไฟขาด1อัน,,"[""uploads\/quick_repairs\/2026\/07\/20260722091558_926.jpg""]",PENDING,UNBILLED,,,0,INTERNAL,,,,0.00,,,,,"2026-07-22 09:15:59","2026-07-22 09:15:59"
502,BM-260723-1877,TRUCK,,6,[110] 70-2878,323880,55,แจ้งซ่อมด่วน: ลูกปืนไดชาร์จแอร์ฟิตแตก,,"[""uploads\/quick_repairs\/2026\/07\/20260723074251_570.jpg""]",PENDING,UNBILLED,,,0,INTERNAL,,,,0.00,,,,,"2026-07-23 07:42:51","2026-07-23 07:42:51"
503,FL-260723-0907-97,FORKLIFT,3146,19,TOYOTA TT8FBRE20/8.5M รถสำรอง (SN: MTR63003),123456,93,"หัวหน้างานอนุมัติแจ้งซ่อมจากผลการตรวจเช็ค:
- แจ้งซ่อมฉุกเฉิน / ระหว่างวัน (เดิรหน้าถอยหลังไม่ได้)

หมายเหตุจากหัวหน้า: เดินหน้าถอยหลังไม่ได้",,,COMPLETED,UNBILLED,,,0,INTERNAL,,,,0.00,93,"",,"2026-07-24 02:59:16","2026-07-23 09:07:54","2026-07-24 02:59:16"
504,FL-260723-0908-59,FORKLIFT,3089,46,TOYOTA 8FB25 (SN: MTR62219),20587000,113,"หัวหน้างานอนุมัติแจ้งซ่อมจากผลการตรวจเช็ค:
- แบตเตอรี่หลังจากนำลงไปชาร์จ (ดอกยางโล้นหมดสภาพ)
- สภาพล้อ + ยาง (ดอกยางหมดสภาพ)
- ระดับน้ำมันไฮดรอลิค (รั่วซึมใต้ท้องรถ)
- ระบบไฟสัญญาณ + แตร (ไฟด้านหน้าข้างซ้ายไม่ติด)

หมายเหตุจากหัวหน้า: สภาพล้อ",,,COMPLETED,UNBILLED,,,0,INTERNAL,,,,0.00,93,"",,"2026-07-24 02:59:06","2026-07-23 09:08:17","2026-07-24 02:59:06"
505,FL-260725-1439-19,FORKLIFT,3163,41,NY FBR AW25 (SN: MTR58146),123456,93,"หัวหน้างานอนุมัติแจ้งซ่อมจากผลการตรวจเช็ค:
- สภาพล้อ + ยาง (ล้อหลุด)

หมายเหตุจากหัวหน้า: สภาพล้อและยาง",,,COMPLETED,UNBILLED,,,0,INTERNAL,,,,0.00,93,"",,"2026-07-25 07:40:39","2026-07-25 14:39:35","2026-07-25 07:40:39"
506,FL-260725-1439-31,FORKLIFT,3161,25,TOYOTA FBRW25 (SN: MTR65058),123456,93,"หัวหน้างานอนุมัติแจ้งซ่อมจากผลการตรวจเช็ค:
- ระดับน้ำมันไฮดรอลิค (สายรั่ว)

หมายเหตุจากหัวหน้า: น้ำมันไฉดรอลิค",,,COMPLETED,UNBILLED,,,0,INTERNAL,,,,0.00,93,"",,"2026-07-25 07:40:25","2026-07-25 14:39:59","2026-07-25 07:40:25"
507,BM-260727-8262,TRUCK,,10,[114] 70-5673,866499,64,แจ้งซ่อมด่วน: ระบบแอร์ห้องคนขับ เติมน้ำยามา1รอบแต่ไม่เย็นเหมือนเดิม พัดลมแอร์ก็เบา ลมออกเบา,,"[""uploads\/quick_repairs\/2026\/07\/20260727085142_310.jpg""]",PENDING,UNBILLED,,,0,INTERNAL,,,,0.00,,,,,"2026-07-27 08:51:42","2026-07-27 08:51:42"
508,FL-260727-0935-77,FORKLIFT,3204,37,HELI  (SN: No.6),123456,93,"หัวหน้างานอนุมัติแจ้งซ่อมจากผลการตรวจเช็ค:
- แจ้งซ่อมฉุกเฉิน / ระหว่างวัน (แป๊ปน้ำมันรั่ว. แต่ใช้งานได้)

หมายเหตุจากหัวหน้า: แป๊ปนัมันรัวแต่ใช้งานได้",,,COMPLETED,UNBILLED,,,0,INTERNAL,,,,0.00,93,"",,"2026-09-04 06:56:10","2026-07-27 09:35:43","2026-09-04 06:56:10"
509,BM-260727-0763,TRUCK,,10,[114] 70-5673,866449,44,แจ้งซ่อมด่วน: เช็คแอร์ไม่เย็นเช็คฟรีปั๊มพัดลมเช็คน้ำมันที่ไหลหน้าเครื่องยนต์เช็คระบบเบรค,,"[""uploads\/quick_repairs\/2026\/07\/20260727152838_604.jpg""]",PENDING,UNBILLED,,,0,INTERNAL,,,,0.00,,,,,"2026-07-27 15:28:39","2026-07-27 15:28:39"
510,BM-260729-8733,TRUCK,,30,[N31] 71-0900,50120,159,แจ้งซ่อมด่วน: ไดสตาร์ทเสีย,,"[""uploads\/quick_repairs\/2026\/07\/20260729123434_744.jpeg"",""uploads\/quick_repairs\/2026\/07\/20260729123434_494.jpeg""]",WAITING_PARTS,UNBILLED,,,0,INTERNAL,,,,0.00,163,แบตเตอรี่เสื่อม เบิกทาง hino แล้วอะไหล่มาวันจันทร์,,,"2026-07-29 12:34:34","2026-08-01 13:31:05"
511,FL-260730-1056-83,FORKLIFT,3227,29,TOYOTA TT8FBRE20/8.5M (SN: MTR63002),126456,93,"หัวหน้างานอนุมัติแจ้งซ่อมจากผลการตรวจเช็ค:
- กระบอกงา (งารถสไลไม่ได้)

หมายเหตุจากหัวหน้า: กระบอกงาชักเข้า ออกช้า",,,COMPLETED,UNBILLED,,,0,INTERNAL,,,,0.00,93,"",,"2026-07-31 02:20:09","2026-07-30 10:56:33","2026-07-31 02:20:09"
512,FL-260730-1057-61,FORKLIFT,3223,47,TOYOTA TT8FBRE20/6.3M (SN: MTR63183),123456,93,"หัวหน้างานอนุมัติแจ้งซ่อมจากผลการตรวจเช็ค:
- ระบบไฮดรอลิค (น้ำมันรั่วตรงโคลนเสาหัวน็อต)

หมายเหตุจากหัวหน้า: น้ำมันไฮดรอลิคหมด",,,COMPLETED,UNBILLED,,,0,INTERNAL,,,,0.00,93,"",,"2026-07-31 02:20:00","2026-07-30 10:57:17","2026-07-31 02:20:00"
513,BM-260801-2188,TRUCK,,29,[N30] 71-0622,50120,161,แจ้งซ่อมด่วน: ระบบไฟช็อตทั้งคันทำให้ต้องนำเข้าศูนย์ซ่อม,,"[""uploads\/quick_repairs\/2026\/08\/20260801115209_281.jpg""]",COMPLETED,UNBILLED,,,0,INTERNAL,,,,0.00,163,สายไฟมัดหน้าคอนโซนได้รับความเสียหาย กับเซ็นเซอร์วัดแรงดันลม ,"2026-08-01 13:30:14","2026-08-19 08:48:46","2026-08-01 11:52:09","2026-08-19 08:48:46"
514,REP-2608-003012,TRUCK,3012,12,[C1] 70-3133,270905,167,"หัวหน้างานอนุมัติแจ้งซ่อมจากผลการตรวจเช็ค:
- สภาพแก้มยาง (ปกติ)

หมายเหตุจากหัวหน้า: อนุมัติเปลี่ยนยางคู่หน้า L/R","",[],PENDING,UNBILLED,,,0,INTERNAL,,,,0.00,,,,,"2026-08-01 20:37:11","2026-08-01 20:37:11"
515,BM-260804-0318,TRUCK,,25,[N26] 71-0077,277181,64,แจ้งซ่อมด่วน: พื้นตู้แตก เชื่อมพื้นตู้,,"[""uploads\/quick_repairs\/2026\/08\/20260804181034_674.jpg"",""uploads\/quick_repairs\/2026\/08\/20260804181034_749.jpg""]",PENDING,UNBILLED,,,0,INTERNAL,,,,0.00,,,,,"2026-08-04 18:10:34","2026-08-04 18:10:34"
516,BM-260807-0530,TRUCK,,25,[N26] 71-0077,277623,64,แจ้งซ่อมด่วน: ไฟเบรคท้ายไม่ติด2ดวง,,"[""uploads\/quick_repairs\/2026\/08\/20260807164618_474.jpg""]",PENDING,UNBILLED,,,0,INTERNAL,,,,0.00,,,,,"2026-08-07 16:46:18","2026-08-07 16:46:18"
517,BM-260808-2445,TRUCK,,54,[217] 2ฒญ-4897,424610,78,แจ้งซ่อมด่วน: ครบรอบเช็กระยะถ่ายน้ำมันเครื่อง + เช็คช่วงล่าง,,"[""uploads\/quick_repairs\/2026\/08\/20260808075653_269.jpeg"",""uploads\/quick_repairs\/2026\/08\/20260808075653_118.jpeg""]",PENDING,UNBILLED,,,0,INTERNAL,,,,0.00,,,,,"2026-08-08 07:56:53","2026-08-08 07:56:53"
518,BM-260809-6814,TRUCK,,27,[N28] 71-0236,261662,94,แจ้งซ่อมด่วน: ครบกำหนดถ่ายน้ำมันเครื่อง,,"[""uploads\/quick_repairs\/2026\/08\/20260809072228_648.jpg"",""uploads\/quick_repairs\/2026\/08\/20260809072228_677.jpg""]",PENDING,UNBILLED,,,0,INTERNAL,,,,0.00,,,,,"2026-08-09 07:22:28","2026-08-09 07:22:28"
519,BM-260809-7857,TRUCK,,14,[C4] 70-5575,820135,72,"แจ้งซ่อมด่วน: 1) เช็คระยะเครื่องยนต์
2) เช็คระยะเครื่องยนต์แอร์ฟรีส
3) ล้างลูกปืนจารบีล้อ
4) เช็คหัวเทียน
5) เช็คคอยล์หัวเทียน",,"[""uploads\/quick_repairs\/2026\/08\/20260809101903_582.jpg"",""uploads\/quick_repairs\/2026\/08\/20260809101903_342.jpg"",""uploads\/quick_repairs\/2026\/08\/20260809101903_231.jpg""]",COMPLETED,UNBILLED,,,0,INTERNAL,,,,0.00,163,"",,"2026-09-08 05:47:03","2026-08-09 10:19:03","2026-09-08 05:47:03"
520,FL-260811-1623-43,FORKLIFT,3503,46,TOYOTA 8FB25 (SN: MTR62219),20744001,113,"หัวหน้างานอนุมัติแจ้งซ่อมจากผลการตรวจเช็ค:
- ระดับน้ำมันไฮดรอลิค (รั่วซึมใต้ท้องรถ)
- ระบบไฟสัญญาณ + แตร (ไฟหน้าด้านซ้ายไม่ติด)

หมายเหตุจากหัวหน้า: น้ำมันไฮดรอลิค",,,COMPLETED,UNBILLED,,,0,INTERNAL,,,,0.00,93,"",,"2026-08-11 09:31:05","2026-08-11 16:23:18","2026-08-11 09:31:05"
521,FL-260811-1623-63,FORKLIFT,3496,31,TOYOTA 8FBR18 (SN: MRT6112),123456,93,"หัวหน้างานอนุมัติแจ้งซ่อมจากผลการตรวจเช็ค:
- สภาพล้อ + ยาง (ล้อหลุด)

หมายเหตุจากหัวหน้า: ล้อหลุด",,,COMPLETED,UNBILLED,,,0,INTERNAL,,,,0.00,93,"",,"2026-08-11 09:30:02","2026-08-11 16:23:37","2026-08-11 09:30:02"
522,FL-260813-0837-12,FORKLIFT,3535,46,TOYOTA 8FB25 (SN: MTR62219),20755001,113,"หัวหน้างานอนุมัติแจ้งซ่อมจากผลการตรวจเช็ค:
- ระดับน้ำมันไฮดรอลิค (รั่วซึมใต้ท้องรถ)
- ระบบไฟสัญญาณ + แตร (ไฟหน้าด้านซ้ายไม่ติด)

หมายเหตุจากหัวหน้า: ระบบไฟ. สัญาญแตร",,,COMPLETED,UNBILLED,,,0,INTERNAL,,,,0.00,93,"",,"2026-08-17 08:14:13","2026-08-13 08:37:52","2026-08-17 08:14:13"
523,BM-260814-7280,TRUCK,,17,[N18] 70-7295,624678,54,"แจ้งซ่อมด่วน: เครื่องยนต์แอร์ฟิตสตาร์ทไม่ติด
ปลั๊กไฟแอร์ฟิตใช้ไม่ได้",,"[""uploads\/quick_repairs\/2026\/08\/20260814093121_886.jpg"",""uploads\/quick_repairs\/2026\/08\/20260814093121_349.jpg""]",PENDING,UNBILLED,,,0,INTERNAL,,,,0.00,,,,,"2026-08-14 09:31:21","2026-08-14 09:31:21"
524,FL-260815-0846-14,FORKLIFT,3571,46,TOYOTA 8FB25 (SN: MTR62219),20781000,113,"หัวหน้างานอนุมัติแจ้งซ่อมจากผลการตรวจเช็ค:
- ระดับน้ำมันไฮดรอลิค (รั่วซึมใต้ท้องรถ)
- ระบบไฟสัญญาณ + แตร (ไฟหน้าด้านซ้ายไม่ติด)

หมายเหตุจากหัวหน้า: น้ำมันรั่วซึมใต้ท้องรถ",,,COMPLETED,UNBILLED,,,0,INTERNAL,,,,0.00,93,"",,"2026-08-17 08:13:25","2026-08-15 08:46:35","2026-08-17 08:13:25"
525,BM-260819-7003,TRUCK,,10,[114] 70-5673,866598,44,แจ้งซ่อมด่วน: น้ำเข้าหัวเก๋งให้ช่างเช็คว่าเข้าตรงขอบกระจกหรือเปล่าเป็นงานแก้จากรอบที่แล้ว,,"[""uploads\/quick_repairs\/2026\/08\/20260819091815_937.jpg"",""uploads\/quick_repairs\/2026\/08\/20260819091815_402.jpg""]",COMPLETED,UNBILLED,,,0,INTERNAL,,,,0.00,163,"ตรวจเช็คน้ำรั่ว , เช็คถังน้ำมัน","2026-08-19 08:50:00","2026-09-08 05:35:59","2026-08-19 09:18:15","2026-09-08 05:35:59"
526,BM-260820-6000,TRUCK,,15,[N16] 70-6993,607503,47,แจ้งซ่อมด่วน: แบตเตอรี่เครื่องแอร์บนน่าจะเสื่อมสภาพทำให้เครื่องสตาร์ทไม่ติดน้ำกลั่นก็ไม่แห้ง,,"[""uploads\/quick_repairs\/2026\/08\/20260820042845_417.jpg""]",PENDING,UNBILLED,,,0,INTERNAL,,,,0.00,,,,,"2026-08-20 04:28:45","2026-08-20 04:28:45"
527,BM-260821-4338,TRUCK,,10,[114] 70-5673,866648,44,แจ้งซ่อมด่วน: เครื่องแอร์บนปั่นอุณหภูมิไม่ลงครับ,,"[""uploads\/quick_repairs\/2026\/08\/20260821174539_716.jpg""]",PENDING,UNBILLED,,,0,INTERNAL,,,,0.00,,,,,"2026-08-21 17:45:39","2026-08-21 17:45:39"
528,REP-2608-003202,TRUCK,3202,15,[N16] 70-6993,6075030,47,"หัวหน้างานอนุมัติแจ้งซ่อมจากผลการตรวจเช็ค:
- ไดร์สตาร์ท (ทำงานปกติ)

หมายเหตุจากหัวหน้า: นำรถเข้าซ่อมด่วน",เครื่องแอร์บนสตาร์ทไม่ติดน้ำกลั่นไม่แห้งแบบอาจจะเสื่อมสภาพนานแล้ว,[],WAITING_PARTS,UNBILLED,,,0,INTERNAL,,,,0.00,163,ขออนุมัติเรียบร้อยแล้วรอจัดซื้อดำเนินการ,,,"2026-08-24 15:39:39","2026-09-11 09:02:09"
529,BM-260825-8065,TRUCK,,63,[N51] 64-5207,117015,160,แจ้งซ่อมด่วน: ลมหาง(ซาลาเปารั่ว),,"[""uploads\/quick_repairs\/2026\/08\/20260825105334_384.jpg"",""uploads\/quick_repairs\/2026\/08\/20260825105334_605.jpg""]",COMPLETED,UNBILLED,,,0,INTERNAL,,,,0.00,163,"",,"2026-09-08 05:45:35","2026-08-25 10:53:34","2026-09-08 05:45:35"
530,BM-260826-9109,TRUCK,,16,[N17] 70-6994,652511,94,แจ้งซ่อมด่วน: หม้อน้ำเสียฝาปิดไม่อยู่,,"[""uploads\/quick_repairs\/2026\/08\/20260826091657_677.jpg"",""uploads\/quick_repairs\/2026\/08\/20260826091657_602.jpg""]",COMPLETED,UNBILLED,,,0,INTERNAL,,,,0.00,163,"",,"2026-09-08 05:45:28","2026-08-26 09:16:57","2026-09-08 05:45:28"
531,BM-260827-5593,TRUCK,,10,[114] 70-5673,867343,44,แจ้งซ่อมด่วน: สับยางหน้าซ้ายขวาตั้งศูนย์ถ่วงล้อเช็คหน้ายางดอกยางล้อจักรด้านซ้ายมีแผลเช็คดอกยางหลังขวาล้อตามทั้งคู่ดอกหมดแล้วและเช็คลมยางและเช็คยางที่เหลือ,,"[""uploads\/quick_repairs\/2026\/08\/20260827145617_672.jpg"",""uploads\/quick_repairs\/2026\/08\/20260827145617_350.jpg"",""uploads\/quick_repairs\/2026\/08\/20260827145617_896.jpg"",""uploads\/quick_repairs\/2026\/08\/20260827145617_518.jpg"",""uploads\/quick_repairs\/2026\/08\/20260827145617_905.jpg"",""uploads\/quick_repairs\/2026\/08\/20260827145617_308.jpg"",""uploads\/quick_repairs\/2026\/08\/20260827145617_665.jpg"",""uploads\/quick_repairs\/2026\/08\/20260827145617_928.jpg""]",PENDING,UNBILLED,,,0,INTERNAL,,,,0.00,,,,,"2026-08-27 14:56:17","2026-08-27 14:56:17"
532,BM-260828-4092,TRUCK,,6,[110] 70-2878,327027,55,แจ้งซ่อมด่วน: แอร์หัวเก๋งรั่ว,,"[""uploads\/quick_repairs\/2026\/08\/20260828153455_830.jpg""]",COMPLETED,UNBILLED,,,0,INTERNAL,,,,0.00,163,"",,"2026-09-08 05:45:18","2026-08-28 15:34:55","2026-09-08 05:45:18"
533,FL-260829-1527-82,FORKLIFT,3902,48,HELI  (SN: No.7),123456,93,"หัวหน้างานอนุมัติแจ้งซ่อมจากผลการตรวจเช็ค:
- ระบบไฮดรอลิค (ปั๊มไฮดรอลิคทำงานผิดปกติ)

หมายเหตุจากหัวหน้า: ป้มไฮดรอลิคพัง",,,COMPLETED,UNBILLED,,,0,INTERNAL,,,,0.00,93,"",,"2026-09-04 06:55:56","2026-08-29 15:27:36","2026-09-04 06:55:56"
534,BM-260829-1629,TRUCK,,28,[N29] 71-0621,226052,57,แจ้งซ่อมด่วน: เช็คระยะ เปลี่ยนถ่ายน้ำมันเครื่อง,,"[""uploads\/quick_repairs\/2026\/08\/20260829163337_112.jpg"",""uploads\/quick_repairs\/2026\/08\/20260829163337_807.jpg""]",COMPLETED,UNBILLED,,,0,INTERNAL,,,,0.00,163,"",,"2026-09-08 05:45:04","2026-08-29 16:33:37","2026-09-08 05:45:04"
535,BM-260829-1073,TRUCK,,18,[N19] 70-7296,629175,59,แจ้งซ่อมด่วน: ครบรอบถ่ายน้ำมันเครื่องยนต์และแอร์ฟิตบน,,"[""uploads\/quick_repairs\/2026\/08\/20260829164741_528.jpg""]",IN_PROGRESS,UNBILLED,,,0,INTERNAL,,,,0.00,163,รอคิวรถว่าง เข้าซ่อม ชัยรัชกิจ ขอใบเสนอราคาไว้แล้ว,"2026-09-08 05:44:29",,"2026-08-29 16:47:41","2026-09-08 05:44:30"
536,BM-260831-8025,TRUCK,,52,[215] 2ฒง-6987,247291,170,แจ้งซ่อมด่วน: ทดสอบระบบ,,"[""uploads\/quick_repairs\/2026\/08\/20260831163837_643.jpeg""]",CANCELLED,UNBILLED,,,0,INTERNAL,,,,0.00,163,"",,,"2026-08-31 16:38:37","2026-09-08 05:45:11"
537,FL-260903-1002-82,FORKLIFT,4024,42,BT RRE200 (SN: MTR64022),87654321,123,"หัวหน้างานอนุมัติแจ้งซ่อมจากผลการตรวจเช็ค:
- ระบบไฟสัญญาณ + แตร

หมายเหตุจากหัวหน้า: ระบบไฟ",,,COMPLETED,UNBILLED,,,0,INTERNAL,,,,0.00,93,"",,"2026-09-04 06:55:46","2026-09-03 10:02:51","2026-09-04 06:55:46"
538,FL-260903-1003-71,FORKLIFT,4023,48,HELI  (SN: No.7),123456,109,"หัวหน้างานอนุมัติแจ้งซ่อมจากผลการตรวจเช็ค:
- ระบบไฮดรอลิค (ปั๊มไฮดรอลิคทำงานผิดปกติ)

หมายเหตุจากหัวหน้า: น้ำมันไฮดรอลิคซึม",,,COMPLETED,UNBILLED,,,0,INTERNAL,,,,0.00,93,"",,"2026-09-04 06:55:31","2026-09-03 10:03:51","2026-09-04 06:55:31"
539,FL-260903-1004-41,FORKLIFT,4023,48,HELI  (SN: No.7),123456,109,"หัวหน้างานอนุมัติแจ้งซ่อมจากผลการตรวจเช็ค:
- ระบบไฮดรอลิค (ปั๊มไฮดรอลิคทำงานผิดปกติ)

หมายเหตุจากหัวหน้า: น้ำมันไฮดรอลิคซึม",,,COMPLETED,UNBILLED,,,0,INTERNAL,,,,0.00,93,"",,"2026-09-03 06:11:00","2026-09-03 10:04:00","2026-09-03 06:11:00"
540,BM-260904-9867,TRUCK,,44,[602] 70-6356,819186,30,แจ้งซ่อมด่วน: ระบบไฟแอร์ทำความเย็นรวนฟิวส์ขาดเสียบปลั๊กไม่ได้แอร์ไม่ติด/สายพานเสื่อมคุณภาพเช็คเปลี่ยน,,"[""uploads\/quick_repairs\/2026\/09\/20260904064708_346.jpg"",""uploads\/quick_repairs\/2026\/09\/20260904064708_895.jpg""]",COMPLETED,UNBILLED,,,0,INTERNAL,,,,0.00,163,"",,"2026-09-08 05:39:43","2026-09-04 06:47:08","2026-09-08 05:39:43"
541,BM-260904-0214,TRUCK,,19,[N20] 70-7703,562561,56,แจ้งซ่อมด่วน: แจ้งถ่ายน้ำมันเครื่องยนต์ มือจับประตูข้างซ้าย หัก และ บังโคลนล้อหน้าขวาแตกหัก ครับ,,"[""uploads\/quick_repairs\/2026\/09\/20260904070947_568.jpeg""]",IN_PROGRESS,UNBILLED,,,0,INTERNAL,,,,0.00,163,รอคิวรถว่าง เข้าอู่เอกชัย,"2026-09-08 05:39:25",,"2026-09-04 07:09:47","2026-09-08 05:39:25"
542,BM-260904-4890,TRUCK,,44,[602] 70-6356,819197,30,แจ้งซ่อมด่วน: ลูกปืนสายพาน 2 ลูกเสื่อมคุณภาพมีแต่เล็กน้อยเปลี่ยน,,"[""uploads\/quick_repairs\/2026\/09\/20260904084955_907.jpg"",""uploads\/quick_repairs\/2026\/09\/20260904084955_709.jpg""]",COMPLETED,UNBILLED,,,0,INTERNAL,,,,0.00,163,"",,"2026-09-08 03:43:56","2026-09-04 08:49:55","2026-09-08 03:43:56"
543,BM-260904-8569,TRUCK,,60,[223] 4ฒข8861,135133,60,"แจ้งซ่อมด่วน: เช็คระยะถ่ายน้ำมันเครื่อง
ตั้งศูนย์ล้อกินยาง
เช็คช่วงล่าง",,"[""uploads\/quick_repairs\/2026\/09\/20260904161453_751.jpg""]",COMPLETED,UNBILLED,,,0,INTERNAL,,,,0.00,163,"",,"2026-09-08 05:38:43","2026-09-04 16:14:53","2026-09-08 05:38:43"
544,BM-260907-7051,TRUCK,,39,[N40] 71-1465,110569,39,แจ้งซ่อมด่วน: แจ้งเปลี่ยนท่อน้ำทิ้งหัก,,"[""uploads\/quick_repairs\/2026\/09\/20260907065732_586.jpg""]",COMPLETED,UNBILLED,,,0,INTERNAL,,,,0.00,163,"",,"2026-09-08 03:42:54","2026-09-07 06:57:32","2026-09-08 03:42:54"
545,BM-260908-8978,TRUCK,,15,[N16] 70-6993,680082,47,แจ้งซ่อมด่วน: ลูกยางขอบประตูปิดบานท้ายหลุด,,"[""uploads\/quick_repairs\/2026\/09\/20260908072409_282.jpg""]",PENDING,UNBILLED,,,0,INTERNAL,,,,0.00,,,,,"2026-09-08 07:24:09","2026-09-08 07:24:09"
546,BM-260908-0751,TRUCK,,41,[N42] 71-1538,90393,41,แจ้งซ่อมด่วน: ครบรอบเช็กระยะถ่ายน้ำมันเครื่อง ฮีโน่,,"[""uploads\/quick_repairs\/2026\/09\/20260908090915_592.jpeg""]",IN_PROGRESS,UNBILLED,,,0,INTERNAL,,,,0.00,163,รอนำรถไปแก้ผนังตู้ก่อน,"2026-09-08 05:39:32",,"2026-09-08 09:09:15","2026-09-08 05:39:32"
547,REP-2609-003256,TRUCK,3256,44,[602] 70-6356,1816670,30,"หัวหน้างานอนุมัติแจ้งซ่อมจากผลการตรวจเช็ค:
- สายพานทุกเส้น (สภาพปกติ)

หมายเหตุจากหัวหน้า: นำรถเข้าซ่อม","",[],COMPLETED,UNBILLED,,,0,INTERNAL,,,,0.00,163,"",,"2026-09-08 05:36:37","2026-09-08 12:33:35","2026-09-08 05:36:37"
548,REP-2609-003293,TRUCK,3293,10,[114] 70-5673,867449,44,"หัวหน้างานอนุมัติแจ้งซ่อมจากผลการตรวจเช็ค:
- ความลึกของดอกยาง (มากกว่าสะพานยาง) (ล้อที่ 9 ที่ 10 ยางหมดดอกแล้วครับยางหน้าด้านขวากินดอกซ้ายขวา)

หมายเหตุจากหัวหน้า: รอสั่งยาง","","[""uploads/inspections/2026/08/1787902595_74fa52c7.jpg"", ""uploads/inspections/2026/08/1787902595_239a3cf5.jpg"", ""uploads/inspections/2026/08/1787902595_589db899.jpg""]",WAITING_PARTS,UNBILLED,,,0,INTERNAL,,,,0.00,163,"",,,"2026-09-08 12:34:51","2026-09-08 05:36:28"
549,BM-260908-0960,TRUCK,,10,[114] 70-5673,868359,44,แจ้งซ่อมด่วน: ไฟหัวหมวกขาด 1 หลอดไฟมุมตู้ด้านซ้ายมือขาด 1 หลอดไฟมุมตู้ท้ายรถซ้ายมือฝาครอบหลุด 1 ดวงไฟส่องป้ายทะเบียนขาด 1 หลอด,,"[""uploads\/quick_repairs\/2026\/09\/20260908182044_702.jpg"",""uploads\/quick_repairs\/2026\/09\/20260908182044_925.jpg"",""uploads\/quick_repairs\/2026\/09\/20260908182044_878.jpg"",""uploads\/quick_repairs\/2026\/09\/20260908182044_722.jpg""]",PENDING,UNBILLED,,,0,INTERNAL,,,,0.00,,,,,"2026-09-08 18:20:44","2026-09-08 18:20:44"
550,BM-260909-9451,TRUCK,,39,[N40] 71-1465,111098,39,แจ้งซ่อมด่วน: แจ้งครบรอบถ่ายน้ำมันเครื่องแอร์ฟิต,,"[""uploads\/quick_repairs\/2026\/09\/20260909125652_440.jpg"",""uploads\/quick_repairs\/2026\/09\/20260909125652_416.jpg""]",PENDING,UNBILLED,,,0,INTERNAL,,,,0.00,,,,,"2026-09-09 12:56:52","2026-09-09 12:56:52"
551,BM-260910-9877,TRUCK,,45,[603] 70-6390,789921,61,แจ้งซ่อมด่วน: ครบรอบเช็คระยะเครื่องยนต์,,"[""uploads\/quick_repairs\/2026\/09\/20260910153222_345.jpeg"",""uploads\/quick_repairs\/2026\/09\/20260910153222_129.jpeg""]",PENDING,UNBILLED,,,0,INTERNAL,,,,0.00,163,รับทราบ รอคิววิ่งงานว่าง ให้มาติดต่อนำรถเข้าซ่อม,,,"2026-09-10 15:32:22","2026-09-11 08:59:18"
552,BM-260911-0641,TRUCK,,19,[N20] 70-7703,563748,56,แจ้งซ่อมด่วน: แจ้งซ่อมระบบเบรค(เบรคไม่อยู่)และ ตั้งเบรค ครับ,,"[""uploads\/quick_repairs\/2026\/09\/20260911131937_874.jpeg""]",PENDING,UNBILLED,,,0,INTERNAL,,,,0.00,,,,,"2026-09-11 13:19:37","2026-09-11 13:19:37"
553,BM-260914-2199,TRUCK,,19,[N20] 70-7703,563949,56,แจ้งซ่อมด่วน: เครื่องทำความเย็น(แอร์ฟรีส)ไม่ทำงาน,,"[""uploads\/quick_repairs\/2026\/09\/20260914175119_289.jpeg""]",PENDING,UNBILLED,,,0,INTERNAL,,,,0.00,,,,,"2026-09-14 17:51:19","2026-09-14 17:51:19"
554,BM-260915-8470,TRUCK,,38,[N39] 71-1464,118212,46,แจ้งซ่อมด่วน: ประตูท้ายตู้ด้านซ้ายชำรุด,,"[""uploads\/quick_repairs\/2026\/09\/20260915184753_178.jpg"",""uploads\/quick_repairs\/2026\/09\/20260915184753_556.jpg""]",PENDING,UNBILLED,,,0,INTERNAL,,,,0.00,,,,,"2026-09-15 18:47:53","2026-09-15 18:47:53"
555,BM-260916-6663,TRUCK,,27,[N28] 71-0236,269611,44,แจ้งซ่อมด่วน: แบตเครื่องยนต์สตาร์ทไม่ติดน่าจะแบบเสื่อมครับต้องใช้วิธีลากกระตุกรถถึงจะติด,,"[""uploads\/quick_repairs\/2026\/09\/20260916101913_198.jpg"",""uploads\/quick_repairs\/2026\/09\/20260916101913_309.jpg"",""uploads\/quick_repairs\/2026\/09\/20260916101913_838.jpg"",""uploads\/quick_repairs\/2026\/09\/20260916101913_523.jpg""]",PENDING,UNBILLED,,,0,INTERNAL,,,,0.00,,,,,"2026-09-16 10:19:13","2026-09-16 10:19:13"
556,BM-260917-2273,TRUCK,,44,[602] 70-6356,821502,30,แจ้งซ่อมด่วน: ครบรอบถ่ายน้ำมันเครื่องแอนฟิสเปลี่ยนลูกปืนไดชาร์จเสีย,,"[""uploads\/quick_repairs\/2026\/09\/20260917080317_106.jpg"",""uploads\/quick_repairs\/2026\/09\/20260917080317_741.jpg"",""uploads\/quick_repairs\/2026\/09\/20260917080317_288.jpg""]",PENDING,UNBILLED,,,0,INTERNAL,,,,0.00,,,,,"2026-09-17 08:03:17","2026-09-17 08:03:17"
557,REP-2609-003520,TRUCK,3520,29,[N30] 71-0622,211422,161,"หัวหน้างานอนุมัติแจ้งซ่อมจากผลการตรวจเช็ค:
- สายรัดและแท่นรองแบตเตอรี่ (สภาพแน่น) (สายรัดผุ)

หมายเหตุจากหัวหน้า: สภาพแท่นรองเเบตชำรุด รบกวนซ่อมให้เพิ่มเติมค่ะ","",[],PENDING,UNBILLED,,,0,INTERNAL,,,,0.00,,,,,"2026-09-18 10:30:26","2026-09-18 10:30:26"
558,REP-2609-003488,TRUCK,3488,29,[N30] 71-0622,210580,161,"หัวหน้างานอนุมัติแจ้งซ่อมจากผลการตรวจเช็ค:
- สายรัดและแท่นรองแบตเตอรี่ (สภาพแน่น) (สายรัดผุครับ)

หมายเหตุจากหัวหน้า: แท่นรองแบตชำรุด","",[],PENDING,UNBILLED,,,0,INTERNAL,,,,0.00,,,,,"2026-09-18 10:31:07","2026-09-18 10:31:07"
559,REP-2609-003513,TRUCK,3513,29,[N30] 71-0622,211008,161,"หัวหน้างานอนุมัติแจ้งซ่อมจากผลการตรวจเช็ค:
- สายรัดและแท่นรองแบตเตอรี่ (สภาพแน่น) (สายรัดผุ)

หมายเหตุจากหัวหน้า: แท่นรองแบตชำรุด","",[],PENDING,UNBILLED,,,0,INTERNAL,,,,0.00,,,,,"2026-09-18 10:31:16","2026-09-18 10:31:16"
560,BM-260918-2767,TRUCK,,25,[N26] 71-0077,286914,94,แจ้งซ่อมด่วน: สายรัดถังน้ำมันขาด,,"[""uploads\/quick_repairs\/2026\/09\/20260918104638_614.jpg"",""uploads\/quick_repairs\/2026\/09\/20260918104638_519.jpg""]",PENDING,UNBILLED,,,0,INTERNAL,,,,0.00,,,,,"2026-09-18 10:46:38","2026-09-18 10:46:38"
561,BM-260919-0701,TRUCK,,10,[114] 70-5673,871151,44,แจ้งซ่อมด่วน: ลูกปืนปั๊มน้ำเครื่องแอร์บนแตกครับ,,"[""uploads\/quick_repairs\/2026\/09\/20260919133322_542.jpg""]",PENDING,UNBILLED,,,0,INTERNAL,,,,0.00,,,,,"2026-09-19 13:33:22","2026-09-19 13:33:22"
562,BM-260920-4121,TRUCK,,10,[114] 70-5673,871200,44,แจ้งซ่อมด่วน: เช็คระยะถ่ายน้ำมันเครื่องยนต์และถ่ายน้ำมันเครื่องแอร์บน,,"[""uploads\/quick_repairs\/2026\/09\/20260920131804_725.jpg""]",PENDING,UNBILLED,,,0,INTERNAL,,,,0.00,,,,,"2026-09-20 13:18:04","2026-09-20 13:18:04"
563,BM-260921-4678,TRUCK,,41,[N42] 71-1538,90696,41,แจ้งซ่อมด่วน: หูท่อไอเสียรถขาด,,"[""uploads\/quick_repairs\/2026\/09\/20260921075124_675.jpeg"",""uploads\/quick_repairs\/2026\/09\/20260921075124_490.jpeg""]",PENDING,UNBILLED,,,0,INTERNAL,,,,0.00,,,,,"2026-09-21 07:51:25","2026-09-21 07:51:25"
564,BM-260922-7344,TRUCK,,29,[N30] 71-0622,212358,161,แจ้งซ่อมด่วน: ตัวล็อคตู้หลุด,,"[""uploads\/quick_repairs\/2026\/09\/20260922090821_400.jpg""]",PENDING,UNBILLED,,,0,INTERNAL,,,,0.00,,,,,"2026-09-22 09:08:21","2026-09-22 09:08:21"
565,BM-260922-0009,TRUCK,,29,[N30] 71-0622,212358,161,แจ้งซ่อมด่วน: ตัวล็อคตู้หลุด ขารัดแบตเตอรี่ผุ,,"[""uploads\/quick_repairs\/2026\/09\/20260922091009_214.jpg"",""uploads\/quick_repairs\/2026\/09\/20260922091009_367.jpg"",""uploads\/quick_repairs\/2026\/09\/20260922091009_439.jpg""]",PENDING,UNBILLED,,,0,INTERNAL,,,,0.00,,,,,"2026-09-22 09:10:10","2026-09-22 09:10:10"
566,BM-260922-6611,TRUCK,,8,[112] 70-2982,265255,67,แจ้งซ่อมด่วน: น้ำยาแอร์ฟรีสรั่ว,,"[""uploads\/quick_repairs\/2026\/09\/20260922095251_170.png""]",PENDING,UNBILLED,,,0,INTERNAL,,,,0.00,,,,,"2026-09-22 09:52:51","2026-09-22 09:52:51"
