token,frequency,alias_of,search_query,lat,lon,place_id,formatted_address,geocode_source,geocode_confidence,verified,note,dup_coord_group,dup_coord_count,dup_coord_flag
PCS (ห้องเย็นแปซิฟิค),7432,,ห้องเย็นแปซิฟิค PCS,13.5845653,100.29124159999999,ChIJzz6wnnK54jARf8v9vQ0kQog,Unnamed Road H7MR+RFH ตำบล นาดี อำเภอเมืองสมุทรสาคร สมุทรสาคร 74000,places,high,,,D001,10,"same coords, same place_id"
JPK (เจพีเค โคลด์ สโตเรจ),2832,,เจพีเค โคลด์ สโตเรจ JPK,13.5636453,100.75716249999999,ChIJi8zc2ApbHTERRvfQLXZp0MA,"88, 89 ตำบล บางปลา อำเภอบางพลี สมุทรปราการ 10540",places,high,,,D002,3,"same coords, same place_id"
PACS (แปซิฟิค สระบุรี),2190,,แปซิฟิค สระบุรี PACS,14.7336831,100.7793616,ChIJP2yEciD9HTERFeSx5fZ9ZOs,หมู่ที่ 13 1 ถ. พหลโยธิน ตำบล พระพุทธบาท อำเภอพระพุทธบาท สระบุรี 18120,places,low,,,D005,2,"same coords, same place_id"
PACA (ALPHA Bangna KM. 22),2182,,ALPHA Bangna KM. 22 PACA,13.597183699999999,100.7956595,ChIJG3KRushDHTERdxS5Gt7oZnU,"Bangna-Trad Rd, ตำบล ศีรษะจรเข้ใหญ่ อำเภอบางเสาธง สมุทรปราการ 10540",places,high,,,D004,2,"same coords, same place_id"
BF (อาหารเบทเทอร์ อ้อมน้อย),2128,,อาหารเบทเทอร์ อ้อมน้อย BF,13.7140305,100.30722879999999,ChIJ__-_0Z2V4jARtpwKgIzzYBM,4 2 ซอยสุขาภิบาล2 ตำบล อ้อมน้อย อำเภอกระทุ่มแบน สมุทรสาคร 74130,places,high,,,,,
TUF,2089,,TUF,13.5688475,100.2711988,ChIJp9iY-IW44jARlizFR1XdQbk,H79C+GFP ตำบล ท่าทราย อำเภอเมืองสมุทรสาคร สมุทรสาคร 74000,places,low,,,D006,2,"same coords, same place_id"
UKF (สยาม ยูเคเอฟ),2057,,สยาม ยูเคเอฟ UKF,13.5440327,100.2182776,ChIJNde8ubrH4jARjJMp-lxZVng,39/91 ตำบลบางกระเจ้า อำเภอเมืองสมุทรสาคร สมุทรสาคร 74000,places,high,,,,,
Jpac สุวินทวงศ์,1919,,Jpac สุวินทวงศ์,13.770944799999999,100.98044259999999,ChIJJx85rFITHTERzs8-3ybiVa0,99 3 ถ. สุวินทวงศ์ ตำบลคลองนครเนื่องเขต อำเภอเมืองฉะเชิงเทรา ม.11 24000,places,medium,,,D003,5,"same coords, same place_id"
TFG (ไทยฟู้ดส์ กาญ),1757,,ไทยฟู้ดส์ กาญ TFG,14.036325199999999,99.7957828,ChIJT_QqdW0H4zAR1EMMCbFLMPk,169 ตำบล พระแท่น อำเภอท่ามะกา กาญจนบุรี 71130,places,medium,,,,,
โชคสมุทรมารีน,1611,,โชคสมุทรมารีน,13.5599296,100.30309919999999,ChIJPQAAAADH4jARRU3uAzpSsqs,57 40 ซอยสินชัย ตำบล โคกขาม อำเภอเมืองสมุทรสาคร สมุทรสาคร 74000,places,high,,,D007,4,"same coords, same place_id"
PACR รังสิต,1495,,PACR รังสิต,14.024784799999999,100.61520660000001,ChIJA5PNWACB4jARGUiEaA80nus,2JF8+X38 ถ. พหลโยธิน ตำบล คลองหนึ่ง อำเภอคลองหลวง ปทุมธานี 12120,places,high,,,D008,3,"same coords, same place_id"
Mars CHB,1477,มาร์ส เพ็ทแคร์ (ประเทศไทย) จำกัด - ชลบุรี,Mars CHB,13.808228199999999,100.55843109999999,ChIJZTl4evOc4jAR8sB73vr4q8o,123 อาคาร ซันทาวเวอร์ ถนน วิภาวดีรังสิต แขวงลาดยาว เขตจตุจักร กรุงเทพมหานคร 10900,places,high,,,,,
เซ็นทรัล แจ้งวัฒนะ,1228,,เซ็นทรัล แจ้งวัฒนะ,13.9038246,100.52815609999999,ChIJW4cpDp2E4jARIwiyr5fqAI4,"99, 99/9 หมู่ที่ 2 ถ. แจ้งวัฒนะ ตำบลบางตลาด อำเภอปากเกร็ด นนทบุรี 11120",places,high,,,D009,4,"same coords, DIFFERENT place_id"
ALLCOCO (ออล โคโค กรุ๊ป),1114,,ออล โคโค กรุ๊ป ALLCOCO,13.5914202,100.1284167,ChIJC0eeKV7E4jAR9xC33RTS9hs,"139/6 Moo2, Laksam, A Banpeaw, Samutsakorn, ตำบล หลักสาม อำเภอบ้านแพ้ว สมุทรสาคร 74120",places,high,,,,,
CW2,1084,CW2/G ครัวกลางแห้ง,CW2,15.636018799999999,100.10475439999999,ChIJt-Z-dd5N4DARz0qwIzFiULY,J4P3+CW2 ตำบล กลางแดด อำเภอเมืองนครสวรรค์ นครสวรรค์ 60000,places,low,,,,,
ไก่สดเซนทาโก,1060,,ไก่สดเซนทาโก,14.0369602,100.616631,ChIJ8_wwpeh_4jARTi6FPhZr2qw,"Phaholyothin Frontage Road, ตำบล คลองหนึ่ง อำเภอคลองหลวง ปทุมธานี 12120",places,high,,,,,
PACK (บางนา กม.19),1054,,บางนา กม.19 PACK,13.607418299999999,100.7687198,ChIJmzS98JJcHTER2LnePQ7ObJo,7 ทางคู่ขนาน ถนนบางนา-ตราด ตำบลบางโฉลง อำเภอบางพลี สมุทรปราการ 10540,places,medium,,,D010,2,"same coords, same place_id"
KGS (เคียวคุโย โกลบอล),905,,เคียวคุโย โกลบอล KGS,13.5569329,100.2621977,ChIJFfuCLR254jARt9FSBWNwVHQ,ตำบล ท่าทราย อำเภอเมืองสมุทรสาคร สมุทรสาคร 74000,places,high,,,,,
PACJ สุวินทวงศ์,901,Jpac สุวินทวงศ์,,,,,,,,,,,,
PACJ สุวิทวงศ์,836,Jpac สุวินทวงศ์,,,,,,,,,,,,
BKK/LKB,713,,BKK/LKB,13.7348611,100.7669706,ChIJ_-O7ymhnHTERz7j2vYdXtFo,33/4 ซ. ไอซีดี 7 แขวงคลองสามประเวศ เขตลาดกระบัง กรุงเทพมหานคร 10520,places,high,,,D011,5,"same coords, same place_id"
HHT (ฮาร์มเลส ฮาร์เวสท์),668,,ฮาร์มเลส ฮาร์เวสท์ HHT,13.5817041,100.2012438,ChIJ7R4DMBzH4jARTPbALjtXHBA,H6J2+MFQ ตำบล บ้านเกาะ อำเภอเมืองสมุทรสาคร สมุทรสาคร 74000,places,high,,,D013,2,"same coords, same place_id"
อินาบะ,595,,อินาบะ,14.362298799999998,100.84062949999999,ChIJn6JcX_-SHTER2erWcA2cFfE,"190, ถนน หนอง ปลา กระดี่, ตำบล หนองปลิง อำเภอหนองแค สระบุรี 18140",places,high,,,,,
DC Makro Wang Noi,588,,DC Makro Wang Noi,14.2260993,100.7057462,ChIJ-SGURNaHHTERGCRoKYDE2Gc,"245,245/2-3 ตำบล ลำไทร อำเภอวังน้อย จังหวัดพระนครศรีอยุธยา 13170",places,medium,,,D015,2,"same coords, same place_id"
ห้องเย็นรักชัย (มหาชัย),585,,มหาชัย ห้องเย็นรักชัย,13.563419,100.2924805,ChIJ3eX_P1i44jARAGJWzf6IN8g,57/6 หมู่ 4 ถนนเอกชัย โคกขาม เมือง สมุทรสาคร 74000,places,high,,,D014,4,"same coords, same place_id"
ไทย ออซัม,575,,ไทย ออซัม,13.594688399999999,99.7974983,ChIJO3R1qa4l4zARVFiheIb4pXM,91 หมู่ 1 ตำบล หนองกลางนา อำเภอเมืองราชบุรี ราชบุรี 70000,places,high,,,,,
สมายมีท,568,,สมายมีท,13.372760099999999,99.77226759999999,ChIJ21SrecIt4zARahdpSpXwiqA,309 ตำบลดอนทราย อำเภอปากท่อ ราชบุรี 70140,places,high,,,,,
CW2/G ครัวกลางแห้ง,531,,CW2/G ครัวกลางแห้ง,13.674626,100.631002,ChIJ0wPyGABfHTEREo7QsqtpsnY,45/13 ซอย บางนา-ตราด 19 แยก 24 แขวงบางนาเหนือ เขตบางนา กรุงเทพมหานคร 10260,places,high,,,,,
มาร์ส เพ็ทแคร์ (ประเทศไทย) จำกัด - ชลบุรี,509,,ประเทศไทย มาร์ส เพ็ทแคร์ จำกัด - ชลบุรี,13.4561789,101.1005037,ChIJnakg8OwwHTERUTn4MMvtW5I,F442+F6C ตำบล มาบโป่ง อำเภอพานทอง ชลบุรี 20160,places,high,,,D017,3,"same coords, same place_id"
DC Makro Mahachai,493,,DC Makro Mahachai,13.5003258,100.1285835,ChIJo0kG6grP4jARQQOh1ErWZ9E,"64/2 64/2, ตำบล กาหลง อำเภอเมืองสมุทรสาคร สมุทรสาคร 74000",manual,high,y,"was geocoded to the wrong ""DC Makro Mahachai"" candidate (a Makro/Lotus mall ~1km from origin) instead of the real distribution center; corrected 2026-09-23, see sum.md",D012,9,"same coords, same place_id"
JWD ฉะเชิงเทรา,472,,JWD ฉะเชิงเทรา,13.770944799999999,100.98044259999999,ChIJJx85rFITHTERzs8-3ybiVa0,99 3 ถ. สุวินทวงศ์ ตำบลคลองนครเนื่องเขต อำเภอเมืองฉะเชิงเทรา ม.11 24000,places,high,,,D003,5,"same coords, same place_id"
TUF โรงหมึก,464,,TUF โรงหมึก,12.709393299999999,101.2381302,ChIJ7cSGKXH7AjERtV4j7K7z8f4,29 ซอย โรงหมึก 1 ตำบลทับมา อำเภอเมืองระยอง ระยอง 21000,places,medium,,,D018,2,"same coords, same place_id"
PCS,441,PCS (ห้องเย็นแปซิฟิค),PCS,13.689980600000002,100.61136669999999,ChIJZ-u2dfmf4jAR6om2bZHwMSk,234 ซอย สุขุมวิท 101 แขวงบางจาก เขตพระโขนง กรุงเทพมหานคร 10260,places,low,,,,,
LKB - ICD1,388,,ICD ลาดกระบัง,13.741135,100.7620529,ChIJ029WkVdnHTER-Fz8kxSd9do,33/4 ซอย ไอซีดี แขวงคลองสามประเวศ เขตลาดกระบัง กรุงเทพมหานคร 10520,places,high,,,D021,3,"same coords, same place_id"
TAKO (ทาโกฟู้ดส์),383,,ทาโกฟู้ดส์ TAKO,13.6963257,100.08046639999999,ChIJ8f76aPXq4jARCZUYNyU-z_g,"50/10 หมู่ 3 ถนนพระประโทน-บ้านแพ้ว, ตำบล ตลาดจินดา อำเภอสามพราน นครปฐม 73110",places,high,,,D023,2,"same coords, same place_id"
LUF (ลัคกี้ ยูเนี่ยน ฟู้ดส์),382,,ลัคกี้ ยูเนี่ยน ฟู้ดส์ LUF,13.5511278,100.23099289999999,ChIJNSgKFbvH4jARBl9s3fLfmqM,"1, 74-75 ตำบล ท่าทราย อำเภอเมืองสมุทรสาคร สมุทรสาคร 74000",places,high,,,,,
โอคินอสฟู้ด (OKF),377,,OKF โอคินอสฟู้ด,13.570111299999999,100.2989623,ChIJz79Nevu44jARealzzY_bheY,"85, 85/2, 30/2, 42/1 ตำบล นาดี อำเภอเมืองสมุทรสาคร สมุทรสาคร 74000",places,high,,,D019,6,"same coords, same place_id"
นิฮอนอิจิ,377,,นิฮอนอิจิ,14.389500199999999,100.832866,ChIJlaa5F2yTHTERNjWyFxFygFw,9RQM+R45 ตำบล บัวลอย อำเภอหนองแค สระบุรี 18230,places,high,,,,,
สุวรรณภูมิ,371,,สุวรรณภูมิ,13.6818969,100.7468694,ChIJTydCFXdnHTERB3oVT1UZDRI,999 หมู่ที่ 1 หนองปรือ อำเภอบางพลี สมุทรปราการ 10540,places,high,,,D022,2,"same coords, same place_id"
Nestle ระยอง,361,,Nestle ระยอง,12.9562682,101.1132657,ChIJXwuN82DCAjERjVf7OKWFs2k,7/279 Mabyangporn ตำบล มาบยางพร อำเภอปลวกแดง ระยอง 21140,places,medium,,,D024,2,"same coords, same place_id"
TUM,340,,TUM,13.592211299999999,100.2809635,ChIJ80OJdzq54jARSdrsqDSr9Rs,8/8 นาดี ตำบล นาดี อำเภอเมืองสมุทรสาคร สมุทรสาคร 74000,places,low,,,,,
Havi (Bangna),340,,Bangna Havi,13.5709863,100.7744519,ChIJlXeFDVVDHTER8ANMemLr_Ag,989 ตำบลบางเสาธง อำเภอบางเสาธง สมุทรปราการ 10570,places,high,,,D020,7,"same coords, same place_id"
KONOIKE (โคโนอิเกะ),339,,โคโนอิเกะ KONOIKE,13.5984973,100.7695177,ChIJ0S7FD19cHTERAWZIr2BXxac,335 29 หมู่ ที่ 9 กม .19 ทางคู่ขนาน ถนนบางนา-ตราด ตำบลบางโฉลง อำเภอบางพลี สมุทรปราการ 10540,places,medium,,,D026,4,"same coords, same place_id"
I - Tail,337,,ไอเทล คอร์ปอเรชั่น สมุทรสาคร,13.5694942,100.27786619999999,ChIJJZzr82G54jAREj9hdBwXQdI,30 24 ตำบล ท่าทราย อำเภอเมืองสมุทรสาคร สมุทรสาคร 74000,places,high,,,D028,2,"same coords, same place_id"
ไทยโยโกเร วังน้อย,331,,ไทยโยโกเร วังน้อย,14.263730599999999,100.78289099999999,ChIJi_DB2-2PHTERHadw7I6uVqY,"1 Phaholyothin Frontage Road, ตำบล สนับทึบ อำเภอวังน้อย จังหวัดพระนครศรีอยุธยา 13170",places,high,,,D016,3,"same coords, same place_id"
PACR/PACS,328,,PACR/PACS,13.8578564,100.6427286,ChIJDYPqMc9iHTERjJYY40LUxJg,PAC Eco Center วิชั่น บิสิเนส พาร์ค เฟส 2 แขวงท่าแร้ง เขตบางเขน กรุงเทพมหานคร 10230,places,medium,,,,,
MK (เอ็มเคห้องเย็น),324,,เอ็มเคห้องเย็น MK,13.585645500000002,100.2916652,ChIJ5byu8G644jARZvPr_wm_NNc,69 1 ตำบล นาดี อำเภอเมืองสมุทรสาคร สมุทรสาคร 74000,places,high,,,D030,2,"same coords, same place_id"
PAT 1,317,,PAT 1,13.8304966,100.5916266,ChIJx2CNUIGd4jARLCEMaSEDvW0,RHJR+5MR โกยีข้าวผัดปูสี่แยก ถ. ลาดพร้าววังหิน แขวงลาดพร้าว ลาดพร้าว กรุงเทพมหานคร 10230,places,high,,,,,
TUF โรงกุ้ง,311,,TUF โรงกุ้ง,13.570086799999999,100.29893949999999,ChIJAbWge_u44jARbSRF7D5xoq0,"85 2, ตำบล นาดี อำเภอเมืองสมุทรสาคร สมุทรสาคร 74000",places,high,,,D029,2,"same coords, same place_id"
มนต์โลจิสติกส์,308,,มนต์โลจิสติกส์,13.120202500000001,100.9732319,ChIJ7YEATAK4AjERurfdGKUh9aU,4XCF+37Q ทางคู่ขนานทางหลวงหมายเลข 7 ถนนหน้าบ้าน ตำบล หนองขาม อำเภอศรีราชา ชลบุรี 20110,places,high,,,,,
เมกกะ บางนา,297,,เมกกะ บางนา,13.6460422,100.68115069999999,ChIJB63oElteHTERGde4uax1oZ0,38/1-3 39 หมู่ที่ 6 ทางคู่ขนาน ถนนบางนา-ตราด ตำบล บางแก้ว อำเภอบางพลี สมุทรปราการ 10540,places,high,,,D027,2,"same coords, same place_id"
ครัวกลางมากุโระ,295,,ครัวกลางมากุโระ,13.6725327,100.65338930000001,ChIJbZkkz-RfHTERUEOSfTkhvn0,5/2 เฉลิมพระเกียรติรัชกาลที่ 9 ซอย 6 แขวง หนองบอน เขต ประเวศ กรุงเทพมหานคร แขวงหนองบอน เขตประเวศ กรุงเทพมหานคร 10250,places,high,,,D034,2,"same coords, same place_id"
เทอมินอล พระราม3,291,,เทอมินอล พระราม3,13.6895305,100.5059357,ChIJGRzQ52Sj4jARbBtNZ_DgFWg,356 ถ. พระรามที่ 3 แขวงบางโคล่ เขตบางคอแหลม กรุงเทพมหานคร 10120,places,high,,,D036,2,"same coords, same place_id"
ครัวกลาง CW2,289,CW2/G ครัวกลางแห้ง,ครัวกลาง CW2,13.5498008,100.23763369999999,ChIJNbKxKpbH4jARjj9sQzXAdcE,ตำบล ท่าทราย อำเภอเมืองสมุทรสาคร สมุทรสาคร 74000 ประเทศไทย,places,high,,,,,
Pakfood (แพ็คฟู้ด),288,,แพ็คฟู้ด Pakfood,13.570064499999999,100.30206129999999,ChIJPRR1jAy54jAReOcp5d5Ce6o,49 12 ตำบล นาดี อำเภอเมืองสมุทรสาคร สมุทรสาคร 74000,places,high,,,D032,4,"same coords, same place_id"
อยุธยา ซิตี้พาร์ค,287,,อยุธยา ซิตี้พาร์ค,14.3359754,100.61124430000001,ChIJ-7vO__p14jARxnUJyMdyH-k,126 หมู่ที่ 3 ถนน สายเอเชีย ตำบลคลองสวนพลู อำเภอ พระนครศรีอยุธยา จังหวัดพระนครศรีอยุธยา 13000,places,high,,,,,
ซีคอน บางแค,284,,ซีคอน บางแค,13.711445999999999,100.4341056,ChIJacymdfSX4jARija6OZrv3Y4,607 ถ. เพชรเกษม แขวงบางหว้า เขตภาษีเจริญ กรุงเทพมหานคร 10160,places,high,,,D033,3,"same coords, same place_id"
LKB 1,270,,LKB 1,13.726275,100.7188364,ChIJKV-2gLRnHTERpSGhs5Z6_PM,119 แขวงลาดกระบัง เขตลาดกระบัง กรุงเทพมหานคร 10520,places,medium,,,,,
GFPT,269,,GFPT,13.6825879,100.4780833,ChIJsbEBzYWi4jARk_c0tKKYvC4,312 ถ. พระรามที่ 2 แขวงบางมด เขตจอมทอง กรุงเทพมหานคร 10150,places,low,,,,,
เทอมินอล 21,264,,เทอมินอล 21,13.7379635,100.5604058,ChIJuWuZbh6f4jAReZMEm2xxgzM,88 ซอย สุขุมวิท 19 แขวงคลองเตยเหนือ เขตวัฒนา กรุงเทพมหานคร 10110,places,high,,,D038,2,"same coords, same place_id"
PACS,257,PACS (แปซิฟิค สระบุรี),PACS,9.7350967,99.9869528,ChIJBZEzP5P9VDAR6_kqq8lswfI,14/1 เกาะพะงัน ตำบลเกาะพะงัน อำเภอเกาะพะงัน สุราษฎร์ธานี 84280,places,low,,,,,
SCGN (Phase1),253,,Phase1 SCGN,13.083490999999999,100.89191400000001,ChIJBXUsXIC5AjERA8FSXhb_KY0,ตำบลทุ่งสุขลา อำเภอศรีราชา ชลบุรี 20230,places,low,,,,,
มารีน โกลด์,247,,มารีน โกลด์,13.5632665,100.30060119999999,ChIJEwxGU5XH4jARGlUxgaJwPCA,57 37 หมู่ที่ 4 ถ. เอกชัย ตำบล โคกขาม อำเภอเมืองสมุทรสาคร สมุทรสาคร 74000,places,high,,,D025,3,"same coords, same place_id"
สุรเชษฐ์ (กาญจนบุรี),246,,กาญจนบุรี สุรเชษฐ์,13.8087553,99.6146609,ChIJb8w3VwAV4zAR3voGr8-LGzk,RJ57+GV3 ตำบล หนองตากยา อำเภอท่าม่วง กาญจนบุรี 71110,places,medium,,,,,
TYC วังน้อย,245,,TYC วังน้อย,14.263730599999999,100.78289099999999,ChIJi_DB2-2PHTERHadw7I6uVqY,"1 Phaholyothin Frontage Road, ตำบล สนับทึบ อำเภอวังน้อย จังหวัดพระนครศรีอยุธยา 13170",places,high,,,D016,3,"same coords, same place_id"
โลตัส บางบ่อ,241,,โลตัส บางบ่อ,13.581510399999999,100.8355315,ChIJN4AadINEHTERLB0fhjMqDtw,328 ถนน รัตนราช ตำบล บางบ่อ อำเภอบางบ่อ สมุทรปราการ 10560,places,high,,,D042,2,"same coords, same place_id"
สยามไบโอไซเอนซ์,238,,สยามไบโอไซเอนซ์,13.843929,100.3378899,ChIJ3z1-BTCS4jARe8df06zuKw8,99 บ้านใหม่ อำเภอบางใหญ่ นนทบุรี 11140,places,high,,,D043,3,"same coords, same place_id"
โลตัส พระราม4,238,,โลตัส พระราม4,13.717412,100.5682889,ChIJL4b0yw6f4jARsrCRvv0q02k,3300 ถ. พระรามที่ 4 แขวงคลองตัน เขตคลองเตย กรุงเทพมหานคร 10110,places,high,,,D040,2,"same coords, same place_id"
ซีคอนสแควร์,231,,ซีคอนสแควร์,13.694205000000002,100.64877880000002,ChIJ34KO_dNfHTERDPb7GoTQw-w,55 ถ. ศรีนครินทร์ แขวงหนองบอน เขตประเวศ กรุงเทพมหานคร 10250,places,high,,,D044,2,"same coords, same place_id"
SPF Diana (บางกระเจ้า),230,,บางกระเจ้า SPF Diana,13.538616200000002,100.2018679,ChIJXxiVoTnG4jARoKfWBLcXvSo,"68/5 Moo.8 Bangkrachao, Bangkrachao, อำเภอเมืองสมุทรสาคร สมุทรสาคร 74000",places,high,,,D037,4,"same coords, same place_id"
แฟชั่น ไอซ์แลนด์,229,,แฟชั่น ไอซ์แลนด์,13.82629,100.679017,ChIJd57HEQRjHTERG_xSTcdQoYs,587-589/7-9 ถ. รามอินทรา แขวงคันนายาว เขตคันนายาว กรุงเทพมหานคร 10230,places,high,,,,,
สยามพารากอน,229,,สยามพารากอน,13.747078199999999,100.5353086,ChIJXV3hsTWf4jARAkDDObOMNI4,451 ถ. พระรามที่ 1 แขวงปทุมวัน เขตปทุมวัน กรุงเทพมหานคร 10330,places,high,,,,,
โคแพค,222,,โคแพค,13.644525199999999,100.6475973,ChIJVe3xRqJfHTERfJVIiIuZWYo,"44 Moo16 Tambon, ตำบล บางแก้ว อำเภอบางพลี สมุทรปราการ 10540",places,high,,,,,
DC Makro Mahachai (แมคโครมหาชัย),218,,แมคโครมหาชัย DC Makro Mahachai,13.5003258,100.1285835,ChIJo0kG6grP4jARQQOh1ErWZ9E,"64/2 64/2, ตำบล กาหลง อำเภอเมืองสมุทรสาคร สมุทรสาคร 74000",manual,high,y,"was geocoded to the wrong ""DC Makro Mahachai"" candidate (a Makro/Lotus mall ~1km from origin) instead of the real distribution center; corrected 2026-09-23, see sum.md",D012,9,"same coords, same place_id"
เทอมินอล พัทยา (TPY),218,,TPY เทอมินอล พัทยา,12.949901599999999,100.8900113,ChIJvRvtdP69AjERCLaTm5r-r6c,777 777/1 ตำบล เมืองพัทยา อำเภอบางละมุง ชลบุรี 20150,places,high,,,D039,2,"same coords, same place_id"
บริษัท ทิมฟู้ด จำกัด,213,,บริษัท ทิมฟู้ด จำกัด,14.2487781,101.1564767,ChIJL5No84O6HTERTfTflCLBQ0E,65X4+GH9 ตำบล พรหมณี อำเภอเมืองนครนายก นครนายก 26000,places,high,,,,,
(CP RAM) ซีพีแรม ลาดกระบัง,212,,CP RAM  ซีพีแรม ลาดกระบัง,13.7701595,100.78611289999999,ChIJEyi5LxlmHTERv0nTe7DA2Ds,"149 31 Soi Chalong Krung, แขวงลำปลาทิว เขตลาดกระบัง กรุงเทพมหานคร 10520",places,high,,,D035,2,"same coords, same place_id"
บางกอกซีฟู้ด,211,,บางกอกซีฟู้ด,13.5751479,100.30760959999999,ChIJAQBUBzG_4jARc0Ex6_9_QEk,66 8 ถ. เอกชัย ตำบล นาดี อำเภอเมืองสมุทรสาคร สมุทรสาคร 74000,places,high,,,D047,3,"same coords, same place_id"
เซ็นทรัลศาลายา,208,,เซ็นทรัลศาลายา,13.787275999999999,100.276331,ChIJwVOzOqGU4jARLGBjcwdsB1U,99 21 ตำบล บางเตย อำเภอสามพราน นครปฐม 73210,places,high,,,D049,2,"same coords, same place_id"
เอสพานาด,200,,เอสพานาด,13.766522,100.5695168,ChIJLyx2oYie4jARs6hJxnwDq8A,99 ถ. รัชดาภิเษก แขวงดินแดง เขตดินแดง กรุงเทพมหานคร 10400,places,high,,,D048,2,"same coords, same place_id"
โลตัส สุขาภิบาล 3 (LS3),199,,LS3 โลตัส สุขาภิบาล 3,13.8067835,100.7250887,ChIJKX7j7XNkHTERiemVW0H9C9c,"101, 101/1 ถ. รามคำแหง แขวงมีนบุรี เขตมีนบุรี กรุงเทพมหานคร 10510",places,high,,,D051,2,"same coords, same place_id"
ฟิวเจอร์พาร์ค รังสิต,195,,ฟิวเจอร์พาร์ค รังสิต,13.9869185,100.6184471,ChIJi5ZK6tiB4jARHb2vVfz1VCE,94 ถ. พหลโยธิน ตำบล ประชาธิปัตย์ อำเภอธัญบุรี ปทุมธานี 12130,places,high,,,,,
CB COCONUTS ราชบุรี,187,,CB COCONUTS ราชบุรี,13.538950999999999,99.915483,ChIJ3dMyCRvY4jARHuaujpXIOCw,269 หมู่1 แพงพวย ตำบล แพงพวย อำเภอดำเนินสะดวก ราชบุรี 70130,places,high,,,D031,2,"same coords, same place_id"
ขอนแก่น,186,,ขอนแก่น,16.432153,102.8235572,ChIJL46YkStgIjERxpx5zwUIPwk,เทศบาลนครขอนแก่น อำเภอเมืองขอนแก่น ขอนแก่น 40000,places,high,,,,,
บริษัท ซิลลิค ฟาร์มา (บางนา กม.23),186,,บางนา กม.23 บริษัท ซิลลิค ฟาร์มา,13.6146582,100.80237819999999,ChIJE7hNmltDHTERkEVNccylaSQ,99 19 หมู่ที่ 3 ทางคู่ขนาน ถนนบางนา-ตราด ตำบลบางเสาธง อำเภอบางเสาธง สมุทรปราการ 10540,places,high,,,D050,5,"same coords, same place_id"
วังน้อย,184,,วังน้อย,14.2524816,100.7323332,ChIJK9JE0VCPHTERgFIMRTeSAQM,อำเภอวังน้อย จังหวัดพระนครศรีอยุธยา,places,high,,,,,
OKF/TUF,184,,OKF/TUF,13.571548199999999,100.2682159,ChIJ-6EP_4S44jAR3pF9sR3Cjzw,H7C9+J78 ตำบล ท่าทราย อำเภอเมืองสมุทรสาคร สมุทรสาคร 74000,places,medium,,,,,
ไทยโยโกเรสำโรง,183,,ไทยโยโกเรสำโรง,13.6592782,100.5736357,ChIJ_wq2uLSh4jARhvRisJWOqUo,MH5F+PF6 ตำบล สำโรง อำเภอพระประแดง สมุทรปราการ 10130,places,high,,,D054,6,"same coords, same place_id"
SPF (รับถัง),182,,รับถัง SPF,13.640403899999999,100.3092866,ChIJ9QhWMQC_4jARPL5a-D7aGXI,J8R5+6VF ตำบล แคราย อำเภอกระทุ่มแบน สมุทรสาคร 74110,places,low,,,,,
แหลมทองผลิตภัณฑ์อาหาร สาย5,174,,แหลมทองผลิตภัณฑ์อาหาร สาย5,13.7201971,100.29907879999999,ChIJ_7N3XXOV4jAR2SpBTuRmJRE,"บริษัท แหลมทองผลิตภัณฑ์อาหาร จำกัด, ตำบล ไร่ขิง อำเภอสามพราน นครปฐม 73220",places,high,,,,,
TUF 5 เกตุม,171,TUF,TUF 5 เกตุม,17.1693381,104.14142079999999,ChIJmdPmWlPzPDERFFMuIGVwICc,เลขที่ 263 ถนน ใสสว่าง ธาตุเชิงชุม อำเภอเมืองสกลนคร สกลนคร 47000,places,low,,,,,
เซ็นทรัล รามอินทรา (CRI),158,,CRI เซ็นทรัล รามอินทรา,13.8719433,100.60167829999999,ChIJMU0qiLSC4jARlkcUKOkqWUY,109 10 หมู่ที่ 3 ถ. รามอินทรา แขวง บางเขน เขตบางเขน กรุงเทพมหานคร 10220,places,high,,,D060,2,"same coords, same place_id"
เซ็นทรัล เวสต์เกต,150,เซ็นทรัล เวสเกต,,,,,,,,,,,,
Hatari,150,,Hatari,13.6226346,100.3844695,ChIJXaKWjSC94jARCgX2URrKB_A,11/7 พระรามที่ 2 ซอย 94 แขวงแสมดำ เขตบางขุนเทียน กรุงเทพมหานคร 10150,places,low,,,,,
อินเตอร์แพน พระราม4,148,,อินเตอร์แพน พระราม4,13.7189157,100.5738798,ChIJh2NGzJuf4jAR1I_0BZbxPnE,"107, 1 ซ สุขุมวิท 36 แขวงคลองตัน เขตคลองเตย กรุงเทพมหานคร 10110",places,high,,,D061,2,"same coords, same place_id"
สายนนทบุรี,146,,สายนนทบุรี,13.860147600000001,100.5132409,ChIJ92FP5EWb4jARigUFVDlBltc,"ถนน รัตนาธิเบศร์ บางกระสอ ตำบลตลาดขวัญ, นนทบุรี 11000",places,high,,,D065,2,"same coords, same place_id"
เซ็นทรัล รามอินทรา,145,เซ็นทรัล รามอินทรา (CRI),,,,,,,,,,,,
เซ็นทรัล เวสเกต,144,,เซ็นทรัล เวสเกต,13.8763218,100.4113708,ChIJX2AoriCQ4jAR7aglJz3j6YI,199/3 หมู่ที่ 6 ตำบล เสาธงหิน อำเภอบางใหญ่ นนทบุรี 11000,places,high,,,D059,5,"same coords, same place_id"
เซ็นทรัล ชลบุรี,144,,เซ็นทรัล ชลบุรี,13.337248899999999,100.96952929999999,ChIJHRZFgppKHTERiZn-u52F1Qs,"55/88-89, 55, 91, ถ. สุขุมวิท ตำบล เสม็ด อำเภอเมืองชลบุรี ชลบุรี 20000",places,high,,,D057,4,"same coords, same place_id"
สยามพรีเมี่ยม,142,,สยามพรีเมี่ยม,13.7042091,100.83793179999999,ChIJcQ3OT1ppHTER4-KgFGghqec,"989, แขวงขุมทอง เขตลาดกระบัง สมุทรปราการ 10570",places,high,,,D041,3,"same coords, same place_id"
โมบายโลจิสติกส์ (บางพลี),141,,บางพลี โมบายโลจิสติกส์,13.5708881,100.7637069,ChIJXxDdewBbHTERhM14oEPmd7o,"444/14 ,444/15 ตำบล บางปลา อำเภอบางพลี สมุทรปราการ 10540",places,medium,,,D063,3,"same coords, same place_id"
ชัยนาท,136,,ชัยนาท,15.091553699999999,99.99122539999999,ChIJIRWw6IqY4TARoEgIsFT7BAE,ชัยนาท,places,high,,,,,
Mars - CHB,133,มาร์ส เพ็ทแคร์ (ประเทศไทย) จำกัด - ชลบุรี,,,,,,,,,,,,
CB COCONUTS,131,,CB COCONUTS,13.538950999999999,99.915483,ChIJ3dMyCRvY4jARHuaujpXIOCw,269 หมู่1 แพงพวย ตำบล แพงพวย อำเภอดำเนินสะดวก ราชบุรี 70130,places,high,,,D031,2,"same coords, same place_id"
คาร์กิลล์ สระบุรี,130,,คาร์กิลล์ สระบุรี,14.669960600000001,100.8402792,ChIJPRq3GI_kHTERk5zI4VO40F0,MR9R+X4J ตำบล เขาวง อำเภอพระพุทธบาท สระบุรี 18120,places,medium,,,,,
เทพคินโช,129,,เทพคินโช,13.575646299999999,100.3076578,ChIJPbcOSXC44jARuBbvHMX8MLg,76/1-2 หมู่ที่ 3 ถ. เอกชัย ตำบล นาดี อำเภอเมืองสมุทรสาคร สมุทรสาคร 74000,places,high,,,D068,2,"same coords, same place_id"
PAT 2,127,,PAT 2,12.8142128,99.7969146,ChIJr4PWTADl_DARltIjmUjXJQk,"RQ7W+MQQ, 166, ตำบล ท่าไม้รวก อำเภอท่ายาง เพชรบุรี 76130",places,high,,,,,
โอสถสภา อยุธยา,127,,โอสถสภา อยุธยา,14.322037900000002,100.6140544,ChIJB-6cK7N34jAR3p9f4pqwQNo,8JC7+RJ7 ตำบล คุ้งลาน อำเภอบางปะอิน จังหวัดพระนครศรีอยุธยา 13160,places,high,,,D072,2,"same coords, same place_id"
โชคสมุทร,126,,โชคสมุทร,13.5599296,100.30309919999999,ChIJPQAAAADH4jARRU3uAzpSsqs,57 40 ซอยสินชัย ตำบล โคกขาม อำเภอเมืองสมุทรสาคร สมุทรสาคร 74000,places,high,,,D007,4,"same coords, same place_id"
TRC,126,,TRC,13.591433199999999,100.3275177,ChIJCyKxfUe54jARWdp_TyDBngU,TRC มหาชัย 72/26-27 หมู่2 ถ.เอกชัย-บางบอน คอกกระบือ อำเภอเมืองสมุทรสาคร สมุทรสาคร 74000,places,low,,,D071,3,"same coords, same place_id"
KF Foods,125,,KF Foods,13.578808299999999,100.2881752,ChIJpTD8ru644jARczh5mrXGb3E,1 หมู่ที่ 4 ซอยบ้านปลายคลองครุ ตำบล นาดี อำเภอเมืองสมุทรสาคร สมุทรสาคร 74000,places,high,,,D066,3,"same coords, same place_id"
TFG กบินทร์บุรี,125,,TFG กบินทร์บุรี,13.9930743,101.7161852,ChIJ68wG0haLHDERktUbtZPFqe4,490 ซอย เจ้าสำอางค์ ตำบลกบินทร์ อำเภอกบินทร์บุรี ปราจีนบุรี 25110,places,high,,,,,
LKB 2 ESCO,125,,LKB 2 ESCO,13.7370355,100.76198509999999,ChIJj0W4bFpmHTERX4Q0tAAvSZU,33/4 ซอย ไอซีดี แขวงคลองสามประเวศ เขตลาดกระบัง กรุงเทพมหานคร 10520,places,medium,,,,,
HIC,124,,HIC,13.5547992,100.2308853,ChIJQd3Om6TH4jARg1AgtMnXhsg,ตำบล ท่าทราย อำเภอเมืองสมุทรสาคร สมุทรสาคร 74000,places,low,,,,,
ล่ำสูง,122,,ล่ำสูง,13.5342463,100.65662789999999,ChIJfRsHNE5YHTERHw9Z1o_fcc0,GMM4+MMR ตำบล แพรกษา อำเภอเมืองสมุทรปราการ สมุทรปราการ 10280,places,high,,,,,
SCGN นวนคร ปทุมธานี,120,,SCGN นวนคร ปทุมธานี,14.104778999999999,100.58897859999999,ChIJV0IFegB_4jAR-ySDTw_0yII,"60, 132 ถนน นวนคร 15 ตำบล คลองหนึ่ง อำเภอคลองหลวง ปทุมธานี 12120",places,low,,,D074,2,"same coords, same place_id"
SATS Food (แซตฟู้ด (ปทุมธานี)),119,,SATS Food  แซตฟู้ด  ปทุมธานี,14.125204900000002,100.7080409,ChIJayOcXFiBHTERZC6wPZpaeJI,4PG5+36M ตำบล คลองห้า อำเภอคลองหลวง ปทุมธานี 12120,places,high,,,D075,2,"same coords, same place_id"
วินเนอร์,119,,วินเนอร์,13.609705799999999,100.25609709999999,ChIJFQAAAJC_4jARmrzE73sp4Ds,21/8 หมู่ที่ 2 ตำบล ท่าเสา อำเภอกระทุ่มแบน สมุทรสาคร 74110,places,high,,,,,
N&N,118,,N&N,13.5772639,100.2955963,ChIJL7lk-pG_4jARYVyIXNuHwSA,32 265 นาดี ตำบล นาดี เมือง สมุทรสาคร 74000,places,low,,,,,
LKB,117,,LKB,13.7348611,100.7669706,ChIJ_-O7ymhnHTERz7j2vYdXtFo,33/4 ซ. ไอซีดี 7 แขวงคลองสามประเวศ เขตลาดกระบัง กรุงเทพมหานคร 10520,places,low,,,D011,5,"same coords, same place_id"
All Coco,115,,All Coco,13.989564699999999,100.61688629999999,ChIJs3l339iB4jARtm4rQ2_Q_00,94 ล็อคPLZ.B.KIO085 โซนROBINSON ถ. พหลโยธิน ตำบล ประชาธิปัตย์ อำเภอธัญบุรี ปทุมธานี 12130,places,high,,,,,
คลังD&P (เวลโกรว์),113,,เวลโกรว์ คลังD&P,13.5885424,100.938643,ChIJXTmMAddAHTER3PDfpMTa55o,HWQQ+CF6 ตำบล บางสมัคร อำเภอบางปะกง ฉะเชิงเทรา 24180,places,low,,,,,
ตลาดยิ่งเจริญ,113,,ตลาดยิ่งเจริญ,13.897336,100.60832459999999,ChIJr0kR_5mC4jARWC_0chAzKSk,651 ถ. พหลโยธิน แขวงอนุสาวรีย์ เขตบางเขน กรุงเทพมหานคร 10220,places,high,,,,,
Marine Gold,112,,Marine Gold,13.5632665,100.30060119999999,ChIJEwxGU5XH4jARGlUxgaJwPCA,57 37 หมู่ที่ 4 ถ. เอกชัย ตำบล โคกขาม อำเภอเมืองสมุทรสาคร สมุทรสาคร 74000,places,high,,,D025,3,"same coords, same place_id"
ห้องเย็นปิติชัย วังน้อย,111,,ห้องเย็นปิติชัย วังน้อย,14.2725639,100.8002784,ChIJSegdqCqOHTERwgFiuABC-Hw,85 หมู่1 ถ. พหลโยธิน ตำบล สนับทึบ อำเภอวังน้อย จังหวัดพระนครศรีอยุธยา 13170,places,low,,,D055,3,"same coords, same place_id"
ห้องเย็นศักดิ์สวัส,110,,ห้องเย็นศักดิ์สวัส,13.5775148,100.3096417,ChIJNwT7Cxy54jARqZ0Smy2NSHE,H8H5+2V2 ตำบล นาดี อำเภอเมืองสมุทรสาคร สมุทรสาคร 74000,places,high,,,D067,2,"same coords, same place_id"
คาร์กิลล์ โคราช,109,,คาร์กิลล์ โคราช,14.730896800000002,102.40361519999999,ChIJwRi7VKVfGTERClkU96Mzdeo,"70 หมู่ ที่ 8, ถ.โชคชัย - เดชอุดม คลองเมือง ตำบล บ้านใหม่ อำเภอหนองบุญมาก นครราชสีมา 30410",places,medium,,,,,
เฟรชมีท (หมูซีก),107,,หมูซีก เฟรชมีท,13.8083238,100.19697409999999,ChIJF4brrm3s4jAR1VC2gQiOabw,91 ตำบล งิ้วราย อำเภอนครชัยศรี นครปฐม 73120,places,medium,,,D076,3,"same coords, same place_id"
เดอะมอลล์ไลฟ์สโตร์ ท่าพระ,107,,เดอะมอลล์ไลฟ์สโตร์ ท่าพระ,13.7135611,100.4800478,ChIJr7tapGCY4jARq1_kGCoQMf0,129 ถ. รัชดาภิเษก แขวงบุคคโล เขตธนบุรี กรุงเทพมหานคร 10600,places,high,,,,,
พนัสโพลทรี่,106,,พนัสโพลทรี่,13.3995295,101.21020779999999,ChIJ-_IWB4kuHTERrS31gkRwaHc,เทศบาลตำบลหมอนนาง อำเภอพนัสนิคม ชลบุรี 20140,places,high,,,D053,3,"same coords, same place_id"
Thai Beverage Can,105,,Thai Beverage Can,14.362036900000001,100.8424197,ChIJT4b_2a-THTERiyHFHTHXdPo,เขตประกอบการอุตสาหกรรม WHA 99/55 ตำบล หนองปลาหมอ อำเภอหนองแค สระบุรี 18140,places,high,,,,,
คลังชิน,102,,คลังชิน,13.5454473,99.8070602,ChIJl4kvAgEl4zARV2w58xWrsVE,118/1 ถ. เพชรเกษม ตำบล หน้าเมือง อำเภอเมืองราชบุรี ราชบุรี 70000,places,high,,,D064,4,"same coords, same place_id"
แพนฟู้ด (ท่าทราย),101,,ท่าทราย แพนฟู้ด,13.5672836,100.2595621,ChIJjRxFL37H4jAR0TCU5TKrulE,"71/9, 71/15 หมู่ 6 ซอยรุ่งปรีชา ถ. เศรษฐกิจ 1 ตำบล ท่าทราย อำเภอเมืองสมุทรสาคร สมุทรสาคร 74000",places,high,,,D073,4,"same coords, same place_id"
Siam Premium Outlet (SPO),100,,SPO Siam Premium Outlet,13.7042091,100.83793179999999,ChIJcQ3OT1ppHTER4-KgFGghqec,"989, แขวงขุมทอง เขตลาดกระบัง สมุทรปราการ 10570",places,high,,,D041,3,"same coords, same place_id"
เซ็นทรัลพลาซา ชลบุรี CCB,100,,เซ็นทรัลพลาซา ชลบุรี CCB,13.336603499999999,100.969624,ChIJ42gbgZpKHTER7AfbdSJkYy8,เซ็นทรัล พลาซา ชลบุรี ชั้น1 โซนธนาคาร ตำบล เสม็ด อำเภอเมืองชลบุรี ชลบุรี 20000,places,high,,,,,
TCT,100,,TCT,13.7335592,100.60876970000001,ChIJv-4dey2e4jARzAfMnTH8pFg,เลขที่ 3 ซอย พัฒนาการ 20 แยก 5 แขวงสวนหลวง เขตสวนหลวง กรุงเทพมหานคร 10250,places,low,,,,,
คลังแห้ง G2,99,,คลังแห้ง G2,13.7056787,100.751688,ChIJk1zma_ZnHTERj-EPuxgTOpk,PQ42+7MG หนองปรือ อำเภอบางพลี สมุทรปราการ 10540,places,low,,,,,
ฟิวเจอร์ พาร์ค รังสิต,97,ฟิวเจอร์พาร์ค รังสิต,,,,,,,,,,,,
SCT,96,,ท่าเรือ สหไทย เทอร์มินอล พระประแดง,13.6552381,100.5437766,ChIJzcjud5qh4jAREwO1EPXB0MM,51/1 หมู่ 3 ถ. ปู่เจ้าสมิงพราย ตำบล บางหญ้าแพรก อำเภอพระประแดง สมุทรปราการ 10130,places,high,,,D079,2,"same coords, same place_id"
M - senko (Sushiro),96,,Sushiro M - senko,13.729972199999999,100.56881899999999,ChIJ1R00cA2f4jARy1Kw70JLm3w,ศูนย์การค้า ดิ เอ็มโพเรียม ห้องเลขที่ 4P01 ชั้น 4 622 ถ. สุขุมวิท แขวงคลองตัน เขตคลองเตย กรุงเทพมหานคร 10110,places,medium,,,,,
มากุโระ Route007,93,,มากุโระ Route007,13.8266859,100.6769279,ChIJTb0y7IxjHTERmXjZZTZ5B3A,"589/7-9 ศูนย์การค้าเดอะพรอมานาด ห้องเลขที่ P-2037, P-2037T 2038T P-2038, P ชั้นที่ 2 ถ. รามอินทรา คันนายาว เขตคันนายาว กรุงเทพมหานคร 10230",places,low,,,D045,4,"same coords, same place_id"
แฟชั่น ไอซ์แลน,93,แฟชั่น ไอซ์แลนด์,,,,,,,,,,,,
NICD,92,,NICD,13.732908799999999,100.76727129999999,ChIJc5uuJyJnHTER5y2QmCJeR6Y,PQM8+5W6 แขวงคลองสามประเวศ เขตลาดกระบัง กรุงเทพมหานคร 10520,places,low,,,D062,3,"same coords, same place_id"
LCB B1,90,,LCB B1,13.0651757,100.89915769999999,ChIJW7hpr6a5AjERk7eGbeoMTm4,"1, Sukhumvit Road, Tambon Thungsukha, Amphoe Si Racha, Chon Buri, 20110, ตำบลทุ่งสุขลา อำเภอศรีราชา ชลบุรี 20230",places,high,,,D056,3,"same coords, same place_id"
เซ็นทรัล ศาลายา,89,เซ็นทรัลศาลายา,,,,,,,,,,,,
เมกกะ,89,,เมกกะ,13.9316447,100.53418459999999,ChIJU3iA04yE4jARHhQKotE0ciY,14/166 หมู่ที่ 5 ซอย ติวานนท์-ปากเกร็ด 40 ตำบลบ้านใหม่ อำเภอปากเกร็ด นนทบุรี 11120,places,high,,,,,
GREATING FORTUNE,89,,GREATING FORTUNE,13.692972999999999,100.72553459999999,ChIJz1ek90RnHTERixF_NfdFZJo,108 หมู่ 14 ซอย กิ่งแก้ว 33 ตำบลราชาเทวะ อำเภอบางพลี สมุทรปราการ 10540,places,high,,,D046,6,"same coords, same place_id"
SM.Great,87,,SM.Great,12.9124751,100.872304,ChIJoXJ24c2XAjERzrVB8rKAH1A,"378, 2 ถนนทัพพระยา เมืองพัทยา อำเภอบางละมุง ชลบุรี 20150",places,low,,,,,
ไทยเดลมาร์,84,,ไทยเดลมาร์,13.722752799999999,100.5645825,ChIJNad8Ruae4jARCoZb-AeTrCw,314 3 ซ. สุขุมวิท 22 แขวงคลองเตย เขตคลองเตย กรุงเทพมหานคร 10110,places,medium,,,D070,2,"same coords, same place_id"
โลตัส พระราม3,84,,โลตัส พระราม3,13.696696300000001,100.5405845,ChIJTftbelqf4jARdviz4ebQIuY,172 ถนน นราธิวาสราชนครินทร์ แขวงช่องนนทรี เขตยานนาวา กรุงเทพมหานคร 10120,places,high,,,,,
HHT,84,HHT (ฮาร์มเลส ฮาร์เวสท์),HHT,7.903806800000001,98.37935809999999,ChIJswAQ6NgxUDARJnSZhLU5IpE,266 ซอย เดชาณรงค์ ตำบลตลาดใหญ่ อำเภอเมืองภูเก็ต ภูเก็ต 83000,places,low,,,,,
SMART BKK (ซ.วัดหลวงพ่อโต),84,,ซ.วัดหลวงพ่อโต SMART BKK,13.6291058,100.7188034,ChIJlbOFeS5cHTERBBSLrAreEes,ตำบลราชาเทวะ อำเภอบางพลี สมุทรปราการ 10540 ประเทศไทย,places,medium,,,,,
CP ลาดกระบัง,83,,CP ลาดกระบัง,13.7701595,100.78611289999999,ChIJEyi5LxlmHTERv0nTe7DA2Ds,"149 31 Soi Chalong Krung, แขวงลำปลาทิว เขตลาดกระบัง กรุงเทพมหานคร 10520",places,high,,,D035,2,"same coords, same place_id"
G FORTUNE 2 (BKK),82,,BKK G FORTUNE 2,13.692972999999999,100.72553459999999,ChIJz1ek90RnHTERixF_NfdFZJo,108 หมู่ 14 ซอย กิ่งแก้ว 33 ตำบลราชาเทวะ อำเภอบางพลี สมุทรปราการ 10540,places,medium,,,D046,6,"same coords, same place_id"
คิงเวลล์,82,,คิงเวลล์,13.5674609,100.310397,ChIJSSrETa-54jARgzbti3CROvQ,ตำบล โคกขาม อำเภอเมืองสมุทรสาคร สมุทรสาคร 74000,places,high,,,D082,6,"same coords, same place_id"
Bambini,82,,Bambini,13.7193624,100.5704695,ChIJj5uk7Aif4jAR_6zaKz_3T68,18 ซอย อรรถกวี 1 แขวงคลองตัน เขตคลองเตย กรุงเทพมหานคร 10110,places,low,,,D081,2,"same coords, same place_id"
ยูนิคอร์ด,80,,ยูนิคอร์ด,13.5780508,100.275622,ChIJN8Lp_5C44jARqBzhGvjJc5c,39/3 ถนน เศรษฐกิจ 1 ตำบล ท่าทราย อำเภอเมืองสมุทรสาคร สมุทรสาคร 74000,places,high,,,D069,2,"same coords, same place_id"
Weeat,79,,Weeat,13.7448047,100.56235559999999,ChIJv-ra4SCf4jARGxbLt6pWztw,"205, 6-7 ชั้น 4 ซอย สุขุมวิท 21 แขวงคลองเตยเหนือ เขตวัฒนา กรุงเทพมหานคร 10110",places,low,,,D078,2,"same coords, same place_id"
อิ่มทรัพย์ อ่อนนุช,78,,อิ่มทรัพย์ อ่อนนุช,13.710434999999999,100.6122326,ChIJ_SQvEgCf4jARS34CoiXjzNg,927 ซอย อ่อนนุช 17/1 แขวงสวนหลวง เขตสวนหลวง กรุงเทพมหานคร 10250,places,high,,,,,
ไทยยูเนี่ยน,77,,ไทยยูเนี่ยน,13.569123999999999,100.269663,ChIJ5byu8G644jARZUUoDtkUAGc,72/1 Sethakit 1 Road Tambon Tarsrai Amphur Muangsamutsakorn สมุทรสาคร 74000,places,high,,,D088,2,"same coords, same place_id"
LKB 3 EVERGREEN (ICD),77,,ICD LKB 3 EVERGREEN,13.106912600000001,100.9881668,ChIJ2esecvHHAjERsMxTsEgvrPk,4X4Q+Q77 ตำบล หนองขาม อำเภอศรีราชา ชลบุรี 20230,places,medium,,,D058,4,"same coords, same place_id"
PC TUNA,77,,PC TUNA,13.6258774,100.3042352,ChIJu9dpb9--4jARWLUJd-RJCkw,"230, 1 ซอยเทพกาญจนา ตำบล คลองมะเดื่อ อำเภอกระทุ่มแบน สมุทรสาคร 74110",places,high,,,,,
SIAM DEPOT,77,,SIAM DEPOT,13.678862899999999,100.7231054,ChIJaSAbWutfHTER7j1YL5wRp5I,24/3 บางนา หมู่ 13 ตำบลราชาเทวะ อำเภอบางพลี สมุทรปราการ 10540,places,high,,,,,
มากุโระ Route001,76,,มากุโระ Route001,13.7449446,100.5334548,ChIJlbASagqf4jARhVY2qj5uKuk,"Unit SS 4005, 388 ถ. พระรามที่ 1 แขวงปทุมวัน เขตปทุมวัน กรุงเทพมหานคร 10330",places,low,,,D086,5,"same coords, same place_id"
M senko,76,,M senko,13.5953571,100.7848478,ChIJ9Wf2vFxdHTERtj1tfhqssKk,62 ตำบล ศีรษะจรเข้ใหญ่ อำเภอบางเสาธง สมุทรปราการ 10110,places,high,,,D080,5,"same coords, same place_id"
LCB KERRY,76,,LCB KERRY,13.720216899999999,100.51381339999999,ChIJe8EBIdSY4jARl6qqc3PPj0w,"804 8/F Chao Phya Tower, 89 Soi Wat Suan Plu, New Road,Bangrak, Bangkok 10500, แขวงบางรัก เขตบางรัก กรุงเทพมหานคร 10500",places,high,,,,,
LCB,75,,LCB,13.0651757,100.89915769999999,ChIJW7hpr6a5AjERk7eGbeoMTm4,"1, Sukhumvit Road, Tambon Thungsukha, Amphoe Si Racha, Chon Buri, 20110, ตำบลทุ่งสุขลา อำเภอศรีราชา ชลบุรี 20230",places,low,,,D056,3,"same coords, same place_id"
มากุโระ Route003,73,,มากุโระ Route003,13.8266859,100.6769279,ChIJTb0y7IxjHTERmXjZZTZ5B3A,"589/7-9 ศูนย์การค้าเดอะพรอมานาด ห้องเลขที่ P-2037, P-2037T 2038T P-2038, P ชั้นที่ 2 ถ. รามอินทรา คันนายาว เขตคันนายาว กรุงเทพมหานคร 10230",places,low,,,D045,4,"same coords, same place_id"
เซ็นทรัลเวิลด์,73,,เซ็นทรัลเวิลด์,13.746533699999999,100.53914879999999,ChIJ4VX0ws-e4jARBGaQ2IACrcQ,999/9 ถ. พระรามที่ 1 แขวงปทุมวัน เขตปทุมวัน กรุงเทพมหานคร 10330,places,high,,,D077,6,"same coords, DIFFERENT place_id"
Siam Foods Corp,73,,Siam Foods Corp,13.7267864,100.52093149999999,ChIJ604jzjKf4jARjbweTethziM,ชั้น 6 อาคาร ทีซีซี เลขที่ 290-290/1 ถ. สุรวงศ์ แขวงสี่พระยา เขตบางรัก กรุงเทพมหานคร 10500,places,high,,,,,
มากุโระ Route004,72,,มากุโระ Route004,13.8266859,100.6769279,ChIJTb0y7IxjHTERmXjZZTZ5B3A,"589/7-9 ศูนย์การค้าเดอะพรอมานาด ห้องเลขที่ P-2037, P-2037T 2038T P-2038, P ชั้นที่ 2 ถ. รามอินทรา คันนายาว เขตคันนายาว กรุงเทพมหานคร 10230",places,low,,,D045,4,"same coords, same place_id"
ไทย กรีน,72,,ไทย กรีน,13.5535258,100.3360175,ChIJ4dembJ654jARbOMVm7Zi1iI,30 85 หมู่ 1 ถ.เจษฎาวิถี ตำบล โคกขาม อำเภอเมืองสมุทรสาคร สมุทรสาคร 74000,places,high,,,D090,2,"same coords, same place_id"
ปิติฟู้ดส์วังน้อย,72,,ปิติฟู้ดส์วังน้อย,14.2725639,100.8002784,ChIJSegdqCqOHTERwgFiuABC-Hw,85 หมู่1 ถ. พหลโยธิน ตำบล สนับทึบ อำเภอวังน้อย จังหวัดพระนครศรีอยุธยา 13170,places,high,,,D055,3,"same coords, same place_id"
สยาม ไวเนอรี่ สำนักงานใหญ่,72,,สยาม ไวเนอรี่ สำนักงานใหญ่,13.5226612,100.14282999999999,ChIJtVO9YmfP4jAR-hqZKcTStpM,ตำบล บางโทรัด อำเภอเมืองสมุทรสาคร สมุทรสาคร 74000,places,medium,,,D089,3,"same coords, same place_id"
ห้องเย็นสินชัย (มหาชัย),72,,มหาชัย ห้องเย็นสินชัย,13.5623232,100.30041849999999,ChIJRxM_Q_-44jAR-vaJGfmO1zk,สินชัยห้องเย็น ตำบล โคกขาม อำเภอเมืองสมุทรสาคร สมุทรสาคร 74000,places,medium,,,,,
มากุโระ Route002,71,,มากุโระ Route002,13.766906899999999,100.44387379999999,ChIJEy6gfsSZ4jARdI6Jj7BqAyM,"39/1 The Circle Ratchapruk, ถ. ราชพฤกษ์ แขวงบางระมาด เขตตลิ่งชัน กรุงเทพมหานคร 10170",places,low,,,D052,6,"same coords, same place_id"
มากุโระ Route005,70,,มากุโระ Route005,13.766906899999999,100.44387379999999,ChIJEy6gfsSZ4jARdI6Jj7BqAyM,"39/1 The Circle Ratchapruk, ถ. ราชพฤกษ์ แขวงบางระมาด เขตตลิ่งชัน กรุงเทพมหานคร 10170",places,low,,,D052,6,"same coords, same place_id"
TID T.BANGCHALONG BANGPLEE,70,,TID T.BANGCHALONG BANGPLEE,13.6329303,100.7678487,ChIJg8E8hOJcHTER35ovQnvxyLU,6 1645/6 ทางหลวงชนบท สมุทรปราการ 2001 ตำบลบางโฉลง อำเภอบางพลี สมุทรปราการ 10540,places,low,,,,,
สีลม,69,,สีลม,13.728223,100.53513769999999,ChIJVcjmqy6f4jAR8IxVKD9-d2k,191 ถ.สีลม แขวงสีลม เขตบางรัก กรุงเทพมหานคร 10500,places,high,,,D084,2,"same coords, same place_id"
มากุโระ Route006,68,,มากุโระ Route006,13.8100652,100.619035,ChIJVaUhxFWd4jARoFNsDrwudzo,187 ถ. ประดิษฐ์มนูธรรม แขวงลาดพร้าว ลาดพร้าว กรุงเทพมหานคร 10230,places,low,,,D094,3,"same coords, same place_id"
ECD1,67,,ECD1,13.106912600000001,100.9881668,ChIJ2esecvHHAjERsMxTsEgvrPk,4X4Q+Q77 ตำบล หนองขาม อำเภอศรีราชา ชลบุรี 20230,places,low,,,D058,4,"same coords, same place_id"
"Rhenus Warehousing Solutions, Bangna KM.19 Warehouse",67,,"Rhenus Warehousing Solutions, Bangna KM.19 Warehouse",13.580379899999999,100.77071169999999,ChIJKwBca4FbHTERgwx5Rxrao0k,"396, Moo 15, Bang Sao Thong Sub-District, ตำบลบางเสาธง อำเภอบางเสาธง สมุทรปราการ 10570",places,high,,,D093,3,"same coords, same place_id"
มารีนโกลด์,66,มารีน โกลด์,,,,,,,,,,,,
GFPT (สมุทรปราการ),66,,สมุทรปราการ GFPT,13.5982898,100.5497937,ChIJe-cF50qh4jAR4la6oAhbL0c,ตำบล ในคลองบางปลากด อำเภอพระสมุทรเจดีย์ สมุทรปราการ 10290,places,low,,,D087,2,"same coords, same place_id"
บริษัท ไก่สดเซนทาโก จำกัด,65,ไก่สดเซนทาโก,,,,,,,,,,,,
CPF บางน้ำเปรี้ยว,64,,CPF บางน้ำเปรี้ยว,13.798408199999999,100.9401053,ChIJ8-6v6_lsHTER23edfa1ozUA,59 1 ตำบล คลองหลวงแพ่ง อำเภอเมืองฉะเชิงเทรา ฉะเชิงเทรา 24000,places,high,,,D095,2,"same coords, same place_id"
เชียงใหม่,64,,เชียงใหม่,18.7423503,98.9173241,ChIJvzLCOik32jARGvij4r7Ar8o,"33, ตำบล หนองควาย อำเภอหางดง เชียงใหม่ 50230",places,high,,,,,
คาร์กิลล์มีทส์ สระบุรี,64,,คาร์กิลล์มีทส์ สระบุรี,14.6701643,100.84159079999999,ChIJT8pfko3kHTERtLzPcndYQys,23 1 ตำบล เขาวง อำเภอพระพุทธบาท สระบุรี 18120,places,medium,,,D091,2,"same coords, same place_id"
ไทยโยโกเร บางประกง,63,,ไทยโยโกเร บางประกง,13.5195568,100.97492400000002,ChIJ22JZN5NHHTER7Y1LMeDzhF4,GX9F+RXF ตำบล บางปะกง อำเภอบางปะกง ฉะเชิงเทรา 24130,places,high,,,,,
ไทยเยอรมัน,63,,ไทยเยอรมัน,13.422471499999999,101.0024356,ChIJ08LgWT82HTERDEXgzbSr5NA,700/1 หมู่ 1 ถ.บางนา-ตราด กม.57 คลองตำหรุ อำเภอเมืองชลบุรี ชลบุรี 20000,places,high,,,,,
เซ็นทรัล ลาดพร้าว,63,,เซ็นทรัล ลาดพร้าว,13.8161396,100.56074319999999,ChIJq1rQU1qc4jARJKEVPTxTPTE,1693 ถ. พหลโยธิน แขวงจตุจักร เขตจตุจักร กรุงเทพมหานคร 10900,places,high,,,,,
Passione Shopping Destination ระยอง,63,,Passione Shopping Destination ระยอง,12.6838462,101.2488571,ChIJN5FUkov7AjERTeBtElgZ99A,554 ถ. สุขุมวิท ตำบลเนินพระ อำเภอเมืองระยอง ระยอง 21000,places,high,,,,,
D&P (เวลโกรว์),62,,เวลโกรว์ D&P,13.5975325,100.9452773,ChIJgZmkg3hBHTERFGxoFqSBpmU,112 หมู่ 9 นิคมอุตสาหกรรมเวลโกรว์ ซอย. 16 ต.บางวัว อำเภอบางปะกง ฉะเชิงเทรา 24180,places,medium,,,,,
เซ็นทรัล ปิ่นเกล้า,60,,เซ็นทรัล ปิ่นเกล้า,13.778016599999999,100.4764606,ChIJqWiWXoaZ4jARSWVQELCwyKA,7/222 ถ. บรมราชชนนี แขวงอรุณอมรินทร์ เขตบางกอกน้อย กรุงเทพมหานคร 10700,places,high,,,,,
เอ็มควอเทียร์,60,,เอ็มควอเทียร์,13.731225300000002,100.5694763,ChIJcWLOjAGf4jARWrAvcZ1YFDM,695 ถ. สุขุมวิท แขวงคลองตันเหนือ เขตวัฒนา กรุงเทพมหานคร 10110,places,high,,,,,
สุขุมวิท 93,59,,สุขุมวิท 93,13.698544499999999,100.60477689999999,ChIJIZMNOO6f4jARdjlD1F9AZuo,93 ถ. สุขุมวิท แขวงบางจาก เขตพระโขนง กรุงเทพมหานคร 10260,places,high,,,,,
BF,59,,BF,13.6140593,100.31167380000001,ChIJSWx2QgC_4jARaBoQy1FKLRU,55 16 ตำบล นาดี อำเภอเมืองสมุทรสาคร สมุทรสาคร 74000,places,low,,,,,
SAHATHAI,59,,SAHATHAI,13.773802000000002,100.4899129,ChIJsXuK4nuZ4jAR-pp_BiyyoX4,ซอย จรัญสนิทวงศ์ 42 แยก 9 แขวงบางยี่ขัน บางพลัด กรุงเทพมหานคร 10700,places,high,,,,,
ไทยกรีน,58,ไทย กรีน,,,,,,,,,,,,
เซ็นทรัล พระราม9,58,,เซ็นทรัล พระราม9,13.758595399999999,100.5661774,ChIJt4AYHY2e4jARP0jJFXncXCE,9/9 ถ. พระราม 9 แขวงห้วยขวาง เขตห้วยขวาง กรุงเทพมหานคร 10310,places,high,,,D097,2,"same coords, same place_id"
ยูนิคอร์ด (สำนักงานใหญ่),58,,สำนักงานใหญ่ ยูนิคอร์ด,13.5780508,100.275622,ChIJN8Lp_5C44jARqBzhGvjJc5c,39/3 ถนน เศรษฐกิจ 1 ตำบล ท่าทราย อำเภอเมืองสมุทรสาคร สมุทรสาคร 74000,places,medium,,,D069,2,"same coords, same place_id"
LCB B5,58,,LCB B5,13.058458199999999,100.8892379,ChIJ3VQa1WG5AjER2iq2nos6VJc,ตำบลทุ่งสุขลา อำเภอศรีราชา ชลบุรี 20230,places,high,,,,,
Makotoya ส่งที่โครงการพิมาน 49,57,,Makotoya ส่งที่โครงการพิมาน 49,13.7319804,100.5765143,ChIJwb4nmKmf4jARKGHjm9C-mcA,"46/12, 46/13 โครงการพิมาน49 สุขุมวิท 49 แขวงคลองตันเหนือ เขตวัฒนา กรุงเทพมหานคร 10110",places,high,,,,,
The Hiro Group รามอินทรา,56,,The Hiro Group รามอินทรา,13.8501122,100.6420879,ChIJ0bWHTG9jHTERtJvM1ElbDaw,เลขที่ 2 ซ. รามอินทรา 57 แขวงท่าแร้ง เขตบางเขน กรุงเทพมหานคร 10230,places,high,,,,,
Ebisu สำนักงานใหญ่,56,,Ebisu สำนักงานใหญ่,13.7071192,100.4166346,ChIJH7umfMKX4jAREUs-u6lAaRs,58 ชั้น 1 ซ. เพชรเกษม 41 แขวงบางแค บางแค กรุงเทพมหานคร 10160,places,low,,,,,
เอสพลานาด,56,เอสพานาด,,,,,,,,,,,,
LKB 3,56,,LKB 3,13.7332521,100.7619868,ChIJLXanFmRmHTERODZiDeBpvmk,33/4 ถนน เจ้าคุณทหาร แขวงลาดกระบัง เขตลาดกระบัง กรุงเทพมหานคร 10520,places,low,,,,,
เซ็นทรัล ระยอง (CRY),56,,CRY เซ็นทรัล ระยอง,12.695484800000001,101.2684153,ChIJXdHBFmT8AjERVjfJ0H9955E,99 99/1 ถ. ชายกระป่อม ตำบลเชิงเนิน อำเภอเมืองระยอง ระยอง 21000,places,high,,,D098,2,"same coords, same place_id"
LKB 6 NYK,54,,LKB 6 NYK,13.732908799999999,100.76727129999999,ChIJc5uuJyJnHTER5y2QmCJeR6Y,PQM8+5W6 แขวงคลองสามประเวศ เขตลาดกระบัง กรุงเทพมหานคร 10520,places,low,,,D062,3,"same coords, same place_id"
Jagota (บางเสาธง),54,,บางเสาธง Jagota,13.572916,100.76958529999999,ChIJF79eGz1bHTER1yNTi9ZZj2U,999/54-56 Bangkok Free Trade Zone GZ ตำบลบางเสาธง อำเภอบางเสาธง สมุทรปราการ 10540,places,high,,,D096,2,"same coords, same place_id"
ธรรมชาติ ซีฟู้ด,53,,ธรรมชาติ ซีฟู้ด,12.189119,102.299015,ChIJz0c7dR5tBDERU7dIn36F2zQ,57QX+JJR ตำบล คลองใหญ่ อำเภอ แหลมงอบ ตราด 23120,places,high,,,,,
ทนา,53,,ทนา,13.666026599999999,100.6478928,ChIJ2RGPzg-f4jARqNTK7y8oC30,989 อาคาร เอไอเอ อีสต์ เกตเวย์ ชั้น 24 ถ. เทพรัตน แขวงบางนาเหนือ เขตบางนา กรุงเทพมหานคร 10260,places,high,,,,,
คลังมนต์โลจิสติกส์,53,,คลังมนต์โลจิสติกส์,14.198531399999998,100.6537915,ChIJAcuv_a-HHTER21O1SgeWjGM,55 ตำบล ลำไทร อำเภอวังน้อย จังหวัดพระนครศรีอยุธยา 13170,places,low,,,,,
บริษัท พนัสโพลทรี่ กรุ๊ป จำกัด,53,,บริษัท พนัสโพลทรี่ กรุ๊ป จำกัด,13.3995295,101.21020779999999,ChIJ-_IWB4kuHTERrS31gkRwaHc,เทศบาลตำบลหมอนนาง อำเภอพนัสนิคม ชลบุรี 20140,places,high,,,D053,3,"same coords, same place_id"
KCMA (Wangnoi),52,,Wangnoi KCMA,14.205304499999999,100.6670425,ChIJCTdGL-uHHTER-Ldsz-BnYHM,"2, Lumsai, 1 moo 3, ตำบล ลำไทร อำเภอวังน้อย จังหวัดพระนครศรีอยุธยา 13170",places,medium,,,,,
NHP,51,,NHP,13.732957299999999,100.80574639999999,ChIJeWDqoIRoHTERmitSfjSyPoY,109 ทางขนานมอเตอร์เวย์ แขวงทับยาว เขตลาดกระบัง กรุงเทพมหานคร 10520,places,low,,,,,
Sunfood,51,,Sunfood,13.845181199999999,100.57938419999999,ChIJ87nQKhmd4jARDYrLh9T8lAg,1 97-98 ซอย พหลโยธิน 40 แขวงลาดยาว เขตจตุจักร กรุงเทพมหานคร 10900,places,high,,,,,
สุขสวัสดิ์,50,,สุขสวัสดิ์,13.562057399999999,100.3466796,ChIJCa4Akga54jARR7hbRIAxiew,"30 15, ตำบล โคกขาม อำเภอเมืองสมุทรสาคร สมุทรสาคร 74000",places,high,,,,,
ไทยเดลม่า,49,,ไทยเดลม่า,13.722752799999999,100.5645825,ChIJNad8Ruae4jARCoZb-AeTrCw,314 3 ซ. สุขุมวิท 22 แขวงคลองเตย เขตคลองเตย กรุงเทพมหานคร 10110,places,medium,,,D070,2,"same coords, same place_id"
รับของกลับ,49,,รับของกลับ,13.568392000000001,100.3013873,ChIJqSMaAx254jAR448o19tot6Y,49 4 ตำบล โคกขาม อำเภอเมืองสมุทรสาคร สมุทรสาคร 74000,places,low,,,,,
ไทยอกริฟู้ด,48,,ไทยอกริฟู้ด,13.5911703,100.77730179999999,ChIJPRKu36VeHTERew-60-LPtMg,155/1 ถ. เทพารักษ์ ตำบลบางเสาธง อำเภอบางเสาธง สมุทรปราการ 10570,places,high,,,D100,4,"same coords, same place_id"
มากุโระ Route008,48,,มากุโระ Route008,13.766906899999999,100.44387379999999,ChIJEy6gfsSZ4jARdI6Jj7BqAyM,"39/1 The Circle Ratchapruk, ถ. ราชพฤกษ์ แขวงบางระมาด เขตตลิ่งชัน กรุงเทพมหานคร 10170",places,low,,,D052,6,"same coords, same place_id"
PACA (ALPHA กม.22),47,,ALPHA กม.22 PACA,13.597183699999999,100.7956595,ChIJG3KRushDHTERdxS5Gt7oZnU,"Bangna-Trad Rd, ตำบล ศีรษะจรเข้ใหญ่ อำเภอบางเสาธง สมุทรปราการ 10540",places,high,,,D004,2,"same coords, same place_id"
ปั้ม PT มหาชัย,47,,ปั้ม PT มหาชัย,13.563282099999999,100.2717983,ChIJrSjXfSC54jARRap7CDSB1XM,"94 315 ตำบล ท่าทราย อำเภอเมือง, สมุทรสาคร 74000",places,medium,,,D099,3,"same coords, same place_id"
ยูเนี่ยนแคสแทป (ลำลูกกา),47,,ลำลูกกา ยูเนี่ยนแคสแทป,13.9243717,100.7591684,ChIJZTOMrGB7HTERvwybhxNosh0,เลขที่ 11/61 ซอยเทศบาล 25 ตำบล ลำลูกกา อำเภอลำลูกกา ปทุมธานี 12150,places,medium,,,,,
จริงใจ หมูกระทะ วังหิน 44,47,,จริงใจ หมูกระทะ วังหิน 44,13.816372999999999,100.59151829999999,ChIJaceQfNKd4jARvuAVoNZSEbY,556 1 ซอย ลาดพร้าววังหิน 44 แขวงลาดพร้าว ลาดพร้าว กรุงเทพมหานคร 10230,places,high,,,D092,3,"same coords, same place_id"
Kibun (คิบุน),47,,คิบุน Kibun,13.542210899999999,100.2309051,ChIJb9-pUm644jARDNL8c2poqk0,31 ถ. พระรามที่ 2 ตำบลบางกระเจ้า อำเภอเมืองสมุทรสาคร สมุทรสาคร 74000,places,high,,,,,
คลังโมบาย,47,คลังโมบาย กม.19,คลังโมบาย,8.066257,98.9158152,ChIJH0TPUJqUUTARzJaMFvDlyjs,90/49 ตลาดซิตี้ ถนน มหาราช เทศบาลเมืองกระบี่ ตำบล ปากน้ำ อำเภอเมืองกระบี่ กระบี่ 81000,places,high,,,,,
คลังโมบาย กม.19,47,,คลังโมบาย กม.19,13.6083264,100.7735245,ChIJTf2_6ZRcHTERTz52nOMrHlg,279 ตำบลบางโฉลง อำเภอบางพลี สมุทรปราการ 10540,places,high,,,D104,2,"same coords, same place_id"
เฟรชมีท,46,,เฟรชมีท,13.781177399999999,100.2180961,ChIJm3vdAUDs4jARCWPMyoT5ErU,12/2 หมู่2 ถนนพุทธมณฑลสาย 7 ตำบล ขุนแก้ว อำเภอนครชัยศรี นครปฐม 73120,places,high,,,D103,2,"same coords, same place_id"
CP บางน้ำเปรี๊ยว,46,CPF บางน้ำเปรี้ยว,,,,,,,,,,,,
UNITHAI,46,,UNITHAI,13.729828000000001,100.53239239999999,ChIJf6sjdiuf4jARRM8bcukwKYI,วอลล์สตรีททาวเวอร์ ชั้น 11 ห้อง 1101 33/47 ถ. สุรวงศ์ แขวงสุริยวงศ์ เขตบางรัก กรุงเทพมหานคร 10500,places,high,,,,,
มากุโระ Route009,46,,มากุโระ Route009,13.7410731,100.6246554,ChIJlYMCidFhHTERosW8V6XE9dc,999/3 ชั้นที่ 1 ถ. พระราม 9 แขวงสวนหลวง เขตสวนหลวง กรุงเทพมหานคร 10250,places,low,,,,,
แพนฟู้ด (พระราม 2),45,,พระราม 2 แพนฟู้ด,13.5814446,100.3089024,ChIJ56PeHh-54jARqVPFhJFf8YM,55/3 ถ. พระรามที่ 2 ตำบล นาดี อำเภอเมืองสมุทรสาคร สมุทรสาคร 74000,places,high,,,,,
M - senko,44,M senko,,,,,,,,,,,,
เมกาบางนา,44,,เมกาบางนา,13.6460422,100.68115069999999,ChIJB63oElteHTERGde4uax1oZ0,38/1-3 39 หมู่ที่ 6 ทางคู่ขนาน ถนนบางนา-ตราด ตำบล บางแก้ว อำเภอบางพลี สมุทรปราการ 10540,places,high,,,D027,2,"same coords, same place_id"
CIMC,44,,CIMC,13.7290486,100.8222256,ChIJewtr1PxpHTERdTyHZZ1d_qc,184 ถนน เลียบคลองมอญ แขวงทับยาว เขตลาดกระบัง กรุงเทพมหานคร 10520,places,low,,,D108,2,"same coords, same place_id"
โอสถสภา,43,,โอสถสภา,13.760467199999999,100.63029499999999,ChIJ2wOg8uVhHTER64cNAmaUnc0,348 ถ. รามคำแหง แขวงหัวหมาก บางกะปิ กรุงเทพมหานคร 10240,places,high,,,,,
HAVI Logistics,43,,HAVI Logistics,13.5709863,100.7744519,ChIJlXeFDVVDHTER8ANMemLr_Ag,989 ตำบลบางเสาธง อำเภอบางเสาธง สมุทรปราการ 10570,places,high,,,D020,7,"same coords, same place_id"
ซีคอนสแคว,43,ซีคอนสแควร์,,,,,,,,,,,,
JPK,42,,JPK,13.6672812,100.40933199999999,ChIJ30YytxO94jAR4JmD1WfLVJ4,59 ซอย เอกชัย 80/2 แขวงคลองบางพราน เขตบางบอน กรุงเทพมหานคร 10150,places,low,,,,,
เอส พี เอฟ,42,,เอส พี เอฟ,13.896929499999999,100.5898214,ChIJuZavrsKC4jARsnXUayEe_Us,323 ถนน วิภาวดีรังสิต แขวงทุ่งสองห้อง ดอนเมือง กรุงเทพมหานคร 10210,places,low,,,,,
VERDUNO บางคอแหลม,42,,VERDUNO บางคอแหลม,13.6942515,100.5063808,ChIJ4Qjl4qCZ4jARqfwBfUbmcBo,493 15 ซอย เจริญกรุง 107 แยก 23 แขวงบางโคล่ เขตบางคอแหลม กรุงเทพมหานคร 10120,places,high,,,,,
SCGN บางเสาธง,42,,SCGN บางเสาธง,13.5639124,100.7798218,ChIJ52D6eUBbHTER6UDkKvyNkJc,173 173 หมู่ 16 ตำบลบางเสาธง อำเภอบางเสาธง สมุทรปราการ 10540,places,low,,,D112,2,"same coords, same place_id"
ไทย ออซัม (คลังชิน),42,,คลังชิน ไทย ออซัม,13.5454473,99.8070602,ChIJl4kvAgEl4zARV2w58xWrsVE,118/1 ถ. เพชรเกษม ตำบล หน้าเมือง อำเภอเมืองราชบุรี ราชบุรี 70000,places,medium,,,D064,4,"same coords, same place_id"
โครงการ พิมาน49,41,,โครงการ พิมาน49,13.7321695,100.5762891,ChIJiUd3z6qf4jARrAoSTpAX-g8,"46, ซอย สุขุมวิท 49 แขวงคลองตันเหนือ เขตวัฒนา กรุงเทพมหานคร 10110",places,high,,,,,
รอแยลแคนอินดัสทรีส์ สมุทรสาคร,41,,รอแยลแคนอินดัสทรีส์ สมุทรสาคร,13.647566,100.3205381,ChIJ5YuT_Pu-4jARaLsITMzQ18Q,ถนนแคราย ตำบล แคราย อำเภอกระทุ่มแบน สมุทรสาคร 74110,places,high,,,D085,3,"same coords, same place_id"
ปิติชัยโลจิสติคส์,41,,ปิติชัยโลจิสติคส์,14.2640294,100.783599,ChIJKWnPZoJ54jAR7yLLZU0LeiA,"9, 9 ตำบล สนับทึบ อำเภอวังน้อย จังหวัดพระนครศรีอยุธยา 13170",places,high,,,D110,2,"same coords, same place_id"
CDS 2 CONTAINER DEPOT,41,,CDS 2 CONTAINER DEPOT,13.657528399999999,100.66093629999999,ChIJ___qTLRfHTERqd2b3bPM21c,12 ซอย บางนา-ตราด 12 ตำบล บางแก้ว อำเภอบางพลี สมุทรปราการ 10540,places,high,,,D113,2,"same coords, same place_id"
TANA (ทนา),41,,ทนา TANA,13.745184499999999,100.4915506,ChIJxxrpyPKZ4jARYICwYOfrnmk,117 ถ. มหาราช แขวงพระบรมมหาราชวัง เขตพระนคร กรุงเทพมหานคร 10200,places,medium,,,,,
DD DEPOT,41,,DD DEPOT,13.6301797,100.7165079,ChIJoXbjAZNnHTERvKGXcUbOAx4,"10, 17 Bangna-trad KM.13 road, ตำบลราชาเทวะ อำเภอบางพลี สมุทรปราการ 10540",places,high,,,D083,3,"same coords, same place_id"
เทอมินอล พัทยา,40,,เทอมินอล พัทยา,12.949901599999999,100.8900113,ChIJvRvtdP69AjERCLaTm5r-r6c,777 777/1 ตำบล เมืองพัทยา อำเภอบางละมุง ชลบุรี 20150,places,high,,,D039,2,"same coords, same place_id"
บริษัท โกเก่ง ฟู้ดโปรดักส์ จำกัด,40,,บริษัท โกเก่ง ฟู้ดโปรดักส์ จำกัด,14.460256899999997,100.88782649999999,ChIJz5vL_njsHTERqaSInFHmiwk,40 1 ม.4 ตำบล หนองยาว เมือง สระบุรี 18000,places,high,,,,,
ครัวการบินไทย,40,,ครัวการบินไทย,13.713728399999999,100.76104869999999,ChIJXd8f_aVnHTER3ZzNMhZjR0U,333/4 ซอย กิ่งแก้ว 25/1 หนองปรือ อำเภอบางพลี สมุทรปราการ 10540,places,high,,,D117,2,"same coords, same place_id"
การจายสายนนทบุรี,40,,การจายสายนนทบุรี,13.9456765,100.37977,ChIJK0WenemO4jARE5DhjH-GxlM,69 10 หมู่ที่ 5 ถ. บางกรวย - ไทรน้อย ตำบล บางบัวทอง อำเภอบางบัวทอง นนทบุรี 11110,places,low,,,,,
PCS (ห้องเย็นแปซิฟิค) (สินค้า),39,PCS (ห้องเย็นแปซิฟิค),,,,,,,,,,,,
อาคารสินธร,39,,อาคารสินธร,13.736015199999999,100.5451192,ChIJKXShwtie4jARrP_e-Evflbs,130-132 ถ. วิทยุ แขวงลุมพินี เขตปทุมวัน กรุงเทพมหานคร 10330,places,high,,,D105,3,"same coords, same place_id"
D Depot Container,38,,D Depot Container,13.6301797,100.7165079,ChIJoXbjAZNnHTERvKGXcUbOAx4,"10, 17 Bangna-trad KM.13 road, ตำบลราชาเทวะ อำเภอบางพลี สมุทรปราการ 10540",places,high,,,D083,3,"same coords, same place_id"
Food Tech Factory,38,Food Tech Fatory,,,,,,,,,,,,
Chicha San Chen สาขาสินธร วิลเลจ,37,,Chicha San Chen สาขาสินธร วิลเลจ,13.746533699999999,100.53914879999999,ChIJvxSuTwCf4jAR9LQW7S_-qbQ,"5th floor, Unit 4,4/1-4/2, CentralWorld, Room No. KC506, 44 ถ. ราชดำริ แขวงปทุมวัน เขตปทุมวัน กรุงเทพมหานคร 10330",places,medium,,,D077,6,"same coords, DIFFERENT place_id"
HAVI,37,,HAVI,12.956888999999999,100.9118318,ChIJ0f9_BMXrAjER7kAk8vK_NIg,126/83 ปตท จิฟฟี่ มินิสยาม เมืองพัทยา อำเภอบางละมุง ชลบุรี 20150,places,low,,,,,
CMA DEPOT BKK,37,,CMA DEPOT BKK,13.6472561,100.78218969999999,ChIJl32QH4JdHTEREHRW3AU8Fl0,74/12 ตำบล ศีรษะจรเข้ใหญ่ อำเภอบางเสาธง สมุทรปราการ 10570,places,low,,,D106,2,"same coords, same place_id"
A 2,37,,A 2,13.8060096,101.53720690000002,ChIJkwlaNFz3HDERLhZVbpnbzGk,235 ตำบล หัวหว้า อำเภอศรีมหาโพธิ ปราจีนบุรี 25140,places,high,,,,,
THAI INTER DEPOT KM.18,36,,THAI INTER DEPOT KM.18,13.632278399999999,100.7686691,ChIJIyDYm-JcHTERdZMSQnCtiPM,"19/6 Moo 8 Soi Watsrivareenoi, Bangna-trat km.18 Rd.,, T. Bangchalong,, Bangplee, อำเภอบางพลี สมุทรปราการ 10540",places,high,,,D120,3,"same coords, same place_id"
โอคินอส,36,,โอคินอส,13.570111299999999,100.2989623,ChIJz79Nevu44jARealzzY_bheY,"85, 85/2, 30/2, 42/1 ตำบล นาดี อำเภอเมืองสมุทรสาคร สมุทรสาคร 74000",places,high,,,D019,6,"same coords, same place_id"
รอยัลแคน,36,,รอยัลแคน,13.647566,100.3205381,ChIJ5YuT_Pu-4jARaLsITMzQ18Q,ถนนแคราย ตำบล แคราย อำเภอกระทุ่มแบน สมุทรสาคร 74110,places,high,,,D085,3,"same coords, same place_id"
LCB B2,36,,LCB B2,13.0628043,100.895126,ChIJOXOctC-5AjERSlEwUEKPJrY,ถนน แหลมฉบัง ตำบลทุ่งสุขลา อำเภอศรีราชา ชลบุรี 20230,places,low,,,,,
ซิมิรัน,36,,ซิมิรัน,13.1659806,100.92893199999999,ChIJI_kxrLi3AjERR2Mj05JTRBk,45 ถ เทศบาล 1 ตำบล ศรีราชา อำเภอศรีราชา ชลบุรี 20110,places,high,,,,,
ปลั๊กตู้,36,,ปลั๊กตู้,13.8529389,100.6663537,ChIJBTz5IuJiHTERxsWx588eF-o,เลขที่ 15 ซ. คู้บอน 27 แขวงคันนายาว เขตคันนายาว กรุงเทพมหานคร 10230,places,medium,,,,,
โชคมหาชัยมารีน,35,,โชคมหาชัยมารีน,13.582122,100.3172201,ChIJPQAAAADH4jARXaHVWvQAYa4,79 ถ. เอกชัย ตำบล นาดี อำเภอเมืองสมุทรสาคร สมุทรสาคร 74000,places,high,,,D121,2,"same coords, same place_id"
สยาม ฟู้ดส์,35,,สยาม ฟู้ดส์,13.638885,100.2858126,ChIJ6cTe6pu_4jARMXIIDd4SLTc,J7QP+H84 ตำบล คลองมะเดื่อ อำเภอกระทุ่มแบน สมุทรสาคร 74110,places,high,,,,,
Weeat (RF),35,,RF Weeat,13.7448047,100.56235559999999,ChIJv-ra4SCf4jARGxbLt6pWztw,"205, 6-7 ชั้น 4 ซอย สุขุมวิท 21 แขวงคลองเตยเหนือ เขตวัฒนา กรุงเทพมหานคร 10110",places,medium,,,D078,2,"same coords, same place_id"
OR,35,,OR,13.819348699999999,100.55730109999999,ChIJLYHICo2d4jARieBcc8iGLWU,555/2 ศูนย์เอนเนอร์ยี่คอมเพล็กซ์ อาคารบี ชั้นที่ 12 ถนน วิภาวดีรังสิต แขวงจตุจักร เขตจตุจักร กรุงเทพมหานคร 10900,places,low,,,,,
TUFทูน่า,34,,TUFทูน่า,13.4162462,100.0097948,ChIJqeHRC-vT4jARsXbuMiGrNDQ,"13°24'58.0""N 100°00'34 145/8, บางแก้ว, ตำบล บางแก้ว อำเภอเมืองสมุทรสงคราม สมุทรสงคราม 75000",places,medium,,,D122,2,"same coords, same place_id"
ทะเลไทย,34,,ทะเลไทย,13.550072799999999,100.2564337,ChIJ__I2VojH4jARC4quVcvt5EM,1/2 ถ. พระรามที่ 2 ตำบล ท่าจีน อำเภอเมืองสมุทรสาคร สมุทรสาคร 74000,places,high,,,,,
ไอคอนสยาม,34,,ไอคอนสยาม,13.7258584,100.5099839,ChIJFRjwgc2Z4jAR9JIadoa9YBY,299 ถ. เจริญนคร แขวงคลองต้นไทร คลองสาน กรุงเทพมหานคร 10600,places,high,,,D101,3,"same coords, same place_id"
Route 007,34,,Route 007,13.7508269,100.49838899999999,ChIJr1PUXAPxNG8R8nc91JoFxXc,"16, 18 ซอย สุขา 1 แขวงวัดราชบพิธ เขตพระนคร กรุงเทพมหานคร 10200",places,medium,,,,,
PACR รังสิต (On Pallet),34,,On Pallet PACR รังสิต,14.049831099999999,100.6416735,ChIJ9RlEEGh_HTERk6xHQou89CM,2JXR+WMM ถ.เลียบคลองสอง ต.คลองหลวง อำเภอคลองหลวง ปทุมธานี 12120,places,high,,,,,
ไทยโคโคนัท ราชบุรี,33,,ไทยโคโคนัท ราชบุรี,13.5956008,99.7965784,ChIJJ95G2z4k4zAROV45aOCJSgg,67 หนองกลางนา อำเภอเมืองราชบุรี ราชบุรี 70000,places,high,,,,,
อย.นนทบุรี,33,,อย.นนทบุรี,13.846616899999999,100.5274134,ChIJIw9EM1Wb4jARBl6LTBVYLso,88 24 ถ. ติวานนท์ ตำบลตลาดขวัญ อำเภอเมืองนนทบุรี นนทบุรี 11000,places,high,,,,,
Centralเชียงใหม่,33,,Centralเชียงใหม่,18.8062765,99.0174546,ChIJAw6GHDQl2jAROD6koPXaeQQ,"99,99/1, 99/2 หมู่ ที่ 4 ถ. ซุปเปอร์ไฮเวย์ เชียงใหม่-ลำปาง ตำบลหนองป่าครั่ง อำเภอเมืองเชียงใหม่ เชียงใหม่ 50000",places,high,,,D123,2,"same coords, same place_id"
คิงฟิชเชอร์ มหาชัย,33,,คิงฟิชเชอร์ มหาชัย,13.5795598,100.2871261,ChIJ7RjZhnG44jARR4KcobC0YiU,เลขที่ 1 ซอยบ้านปลายคลองครุ ตำบล นาดี อำเภอเมืองสมุทรสาคร สมุทรสาคร 74000,places,high,,,,,
พิชัย บางบอน,33,,พิชัย บางบอน,13.6782636,100.4247855,ChIJT9xRZkS94jARisEG1XCnPOU,"10150 ถนน บางบอน 1 Bang Bon, เขตบางบอน กรุงเทพมหานคร 10150",places,medium,,,,,
นิชิฮาระ,32,,นิชิฮาระ,13.623564600000002,100.74744079999999,ChIJY8v7cCxcHTERTDcNxEpCmsI,"41/34 ถนน บางนา ตราด กม16, ตำบลบางโฉลง อำเภอบางพลี สมุทรปราการ 10540",places,high,,,D102,5,"same coords, same place_id"
โรงงานน้ำตาลมิตรผล สุพรรณบุรี,32,,โรงงานน้ำตาลมิตรผล สุพรรณบุรี,14.8409911,99.75732029999999,ChIJt8t9brF94TARG7K2DGu7K2U,Unnamed Road ตำบล หนองมะค่าโมง อำเภอด่านช้าง สุพรรณบุรี 72180,places,high,,,,,
Food Passion,32,,Food Passion,13.8670721,100.5486526,ChIJZ3_9NbSc4jARZecJUBP3FCw,333 ถ. ประชาชื่น แขวงทุ่งสองห้อง เขตหลักสี่ กรุงเทพมหานคร 10210,places,high,,,D116,2,"same coords, same place_id"
Linfox DC (บางบ่อ),32,,บางบ่อ Linfox DC,13.608979,100.7762795,ChIJKVgLQZVcHTERJwEggu-sLko,ตำบลบางโฉลง อำเภอบางพลี สมุทรปราการ 10540,places,medium,,,D111,4,"same coords, same place_id"
BKK,32,,BKK,13.5524337,100.2833247,ChIJ7-738O-54jAR9yDRlxMOXPI,1400 98 101 ตำบลมหาชัย อำเภอเมืองสมุทรสาคร สมุทรสาคร 74000,places,low,,,,,
อินเตอร์กิ่งแก้ว,32,,อินเตอร์กิ่งแก้ว,13.708777999999999,100.7374303,ChIJ3bU8phZnHTERJ62ZPMFkjVA,"9, 99 หมู่ 7 ถ. กิ่งแก้ว ตำบลราชาเทวะ อำเภอบางพลี สมุทรปราการ 10540",places,high,,,,,
พนัสโพลทรี่ กรุ๊ป (ฝ่ายคลังสินค้าPPG),31,,ฝ่ายคลังสินค้าPPG พนัสโพลทรี่ กรุ๊ป,13.3995295,101.21020779999999,ChIJ-_IWB4kuHTERrS31gkRwaHc,เทศบาลตำบลหมอนนาง อำเภอพนัสนิคม ชลบุรี 20140,places,high,,,D053,3,"same coords, same place_id"
หาดใหญ่,31,,หาดใหญ่,7.0431998,100.50405719999999,ChIJH2dajhQpTTARwYer740Ezc8,266 ถ. กาญจนวนิช ตำบล คอหงส์ อำเภอหาดใหญ่ สงขลา 90110,places,high,,,,,
PCS (สินค้า),31,,สินค้า PCS,13.7109246,100.3241082,ChIJP_1faGeX4jARPo3Pko1sZB0,48 ที่อยู่โกดัง PCS CARGO ที่อยู่โกดัง 3 ตำบล อ้อมน้อย อำเภอกระทุ่มแบน สมุทรสาคร 74130,places,medium,,,,,
BCS2 กม.18,31,,BCS2 กม.18,13.6075913,100.76021449999999,ChIJywbygYtcHTERVKJHMx5UDRg,"777, ซอย รัตนราช ตำบลบางโฉลง อำเภอบางพลี สมุทรปราการ 10540",places,medium,,,D115,3,"same coords, same place_id"
KERRY,31,,KERRY,13.5709317,100.29143069999999,ChIJu8p9LbK54jARUzImzhD9d_k,64/6 หมู่ที่ 4 ตำบล นาดี อำเภอเมืองสมุทรสาคร สมุทรสาคร 74000,places,low,,,,,
ITC,31,,ITC,13.7097725,100.5852547,ChIJa-tqIKmf4jARv5ilnZDhP3g,86/6 ซอย ตรีมิตร แขวงพระโขนง เขตคลองเตย กรุงเทพมหานคร 10110,places,low,,,,,
โทโดเครุ พระราม9Todokeru Foods,30,โทโดเครุ พระรามTodokeru Foods 9,,,,,,,,,,,,
G - FORTUNE BKK 2,30,,G - FORTUNE BKK 2,13.692972999999999,100.72553459999999,ChIJz1ek90RnHTERixF_NfdFZJo,108 หมู่ 14 ซอย กิ่งแก้ว 33 ตำบลราชาเทวะ อำเภอบางพลี สมุทรปราการ 10540,places,medium,,,D046,6,"same coords, same place_id"
จริงใจ หมูกระทะ รัชดา,30,,จริงใจ หมูกระทะ รัชดา,13.781467,100.57418109999999,ChIJJydpeRKd4jAR6UazzMj3t0Y,244/7 ถ. รัชดาภิเษก แขวงห้วยขวาง เขตห้วยขวาง กรุงเทพมหานคร 10310,places,high,,,,,
GO Wholesale (DC มหาชัย),29,,DC มหาชัย GO Wholesale,13.562925799999999,100.30070839999999,ChIJL1M0XNC54jARJgcOGLMo6Hs,"57, 37 หมู่ 4 ถ. เอกชัย ตำบล โคกขาม อำเภอเมืองสมุทรสาคร สมุทรสาคร 74000",places,high,,,D126,2,"same coords, same place_id"
ศักดิ์สวัสดิ์ห้องเย็น มหาชัย,29,,ศักดิ์สวัสดิ์ห้องเย็น มหาชัย,13.5775148,100.3096417,ChIJNwT7Cxy54jARqZ0Smy2NSHE,H8H5+2V2 ตำบล นาดี อำเภอเมืองสมุทรสาคร สมุทรสาคร 74000,places,high,,,D067,2,"same coords, same place_id"
Thai Max3,29,,Thai Max3,13.646389,100.7133216,ChIJk_U-cfddHTEROPS_i3mv2O0,"65 Amphur, 1 ซอย กิ่งแก้ว 1ค ตำบลราชาเทวะ อำเภอบางพลี สมุทรปราการ 10540",places,high,,,D109,5,"same coords, same place_id"
SFC,29,,SFC,13.5880552,100.3669199,ChIJ-bkn-Yq74jAR6vHIY3RFg0M,พันท้ายนรสิงห์ อำเภอเมืองสมุทรสาคร สมุทรสาคร 74000,places,low,,,,,
บริษัท สปริงคิทเช่น จำกัด,29,,บริษัท สปริงคิทเช่น จำกัด,14.149641599999999,99.8712876,ChIJBUOqAxOr4zARSZjVyJGbGUk,ตำบล บ่อสุพรรณ อำเภอสองพี่น้อง สุพรรณบุรี 72190,places,high,,,D128,2,"same coords, same place_id"
ทวีวงษ์ (หาดใหญ่) (สงขลา),29,,หาดใหญ่ ทวีวงษ์ (สงขลา),7.051645799999999,100.5055385,ChIJn5XUtTcpTTARV_avh2TIjCI,"61, ซอย หมู่บ้านเจริญทรัพย์ ตำบล คอหงส์ อำเภอหาดใหญ่ สงขลา 90110",places,low,,,,,
ทวีวงษ์ (สมุทรสาคร),29,,สมุทรสาคร ทวีวงษ์,13.551949899999999,100.29852269999999,ChIJl8WEnFG44jAR6mUwjUfw_nY,206/63 ถ.เจษฎาวิถี ตำบล โคกขาม อำเภอเมืองสมุทรสาคร สมุทรสาคร 74000,places,medium,,,,,
OMEGA,29,,OMEGA,13.7476215,100.534538,ChIJnexa-82e4jARmE5UnEEr_y0,"Shop M - 38, 991 ถ. พระรามที่ 1 แขวงปทุมวัน เขตปทุมวัน กรุงเทพมหานคร 10330",places,low,,,,,
TK Foodland co. ltd,28,,TK Foodland co. ltd,13.600973999999999,100.2696067,ChIJM09j34654jARPs9E3awZleU,99 156 ตำบล บ้านเกาะ อำเภอเมืองสมุทรสาคร สมุทรสาคร 74000,places,high,,,,,
ไร่หัวหิน,28,,ไร่หัวหิน,12.600961799999999,99.95521219999999,ChIJK1J8OwCr_TARBYBRfDy0FKI,JX24+93P ตำบลหัวหิน อำเภอหัวหิน ประจวบคีรีขันธ์ 77110,places,medium,,,,,
S.K. Foods,28,,S.K. Foods,13.5504833,100.16869299999999,ChIJ-9zVZCvH4jARO-pmrioKFTg,"95 Moo3, Rimklong D7, West side Road, ตำบล ชัยมงคล อำเภอเมืองสมุทรสาคร สมุทรสาคร 74000",places,low,,,,,
บางพลี,28,,บางพลี,13.6117233,100.7323332,ChIJq9Q3ih9cHTER0FAMRTeSAQM,อำเภอบางพลี สมุทรปราการ,places,high,,,,,
T.C. Phamaceutical ปราจีน,27,,T.C. Phamaceutical ปราจีน,13.8803889,101.1816296,ChIJKSrIAXMFHTERyAlGeKjbtu8,V5JJ+5M2 Unnamed Road ตำบล บางแตน อำเภอ บ้านสร้าง ปราจีนบุรี 25150,places,high,,,D124,2,"same coords, same place_id"
กรุงไทย ชลบุรี,27,,กรุงไทย ชลบุรี,13.3700089,100.9867987,ChIJN8aJL4w1HTERy30rfDpkLiE,"เลขที่ 449 ถนน วชิรปราการ ต.มะขามหย่ง, อำเภอเมืองชลบุรี ชลบุรี 20000",places,medium,,,,,
"Ros Container Service. Co., Ltd",27,,"Ros Container Service. Co., Ltd",13.7560715,100.5694103,ChIJtWbV5GWf4jARa4oMCoPrJ90,51 3rd Floor Panich Plaza 1 ถ. พระราม 9 แขวงห้วยขวาง เขตห้วยขวาง กรุงเทพมหานคร 10310,places,low,,,,,
สยามออริจินัล,26,,สยามออริจินัล,14.1112699,100.8307447,ChIJxbePr2mdHTERcHolGPc3_T4,31 5 ถ.เลียบคลอง 10 ม.5 ตำบล บึงบา อำเภอ หนองเสือ ปทุมธานี 12170,places,high,,,D114,3,"same coords, same place_id"
เฮอริเทจ กระทุ่มแบน,26,,เฮอริเทจ กระทุ่มแบน,13.648816799999999,100.2856676,ChIJC4pvEoO_4jAROfKjoDbxdwU,8 ตำบล คลองมะเดื่อ อำเภอกระทุ่มแบน สมุทรสาคร 74110,places,high,,,,,
CPF - หนองจอก,26,,CPF - หนองจอก,13.8066487,100.82968310000001,ChIJqQlnMwlvHTERKJ2w2aoeas4,ม.3 ถ. สุวินทวงศ์ แขวงลำผักชี เขตหนองจอก กรุงเทพมหานคร 10530,places,medium,,,,,
เอ็มสเฟียร์,26,,เอ็มสเฟียร์,13.7322995,100.5662275,ChIJOVGLdfWf4jARwWvk1NHh5EA,628 ถ. สุขุมวิท แขวงคลองตัน เขตคลองเตย กรุงเทพมหานคร 10110,places,high,,,D130,2,"same coords, same place_id"
ก้องภพ,26,,ก้องภพ,13.8196713,100.4790462,ChIJ03IVKlKa4jARPoUmVDx4X_M,117 10 หมู่ที่ 2 ถ. บางกรวย - ไทรน้อย ตำบล บางสีทอง อำเภอบางกรวย นนทบุรี 11130,places,high,,,,,
SPF Diana (บางกระเจ้า) (รับถัง),26,,บางกระเจ้า SPF Diana (รับถัง),13.538616200000002,100.2018679,ChIJXxiVoTnG4jARoKfWBLcXvSo,"68/5 Moo.8 Bangkrachao, Bangkrachao, อำเภอเมืองสมุทรสาคร สมุทรสาคร 74000",places,high,,,D037,4,"same coords, same place_id"
Route 005,25,,Route 005,6.7358879,100.07863499999999,ChIJkZka_DnxTDAR3y1OJCKBkcU,259หมู่12 ตำบล ฉลุง เมือง สตูล 91140,places,high,,,,,
KGS,25,,KGS,13.6567487,100.50315599999999,ChIJh30gPUai4jARxnCwNPnebXw,"109 111 ซอย ประชาอุทิศ 27 แยก 8 แขวงบางมด เขต, กรุงเทพมหานคร 10140",places,low,,,,,
เจ๊บเซ่น,25,,เจ๊บเซ่น,13.723840399999998,100.584493,ChIJPSM9I0me4jARTemOdRqEMuw,อาคารสรชัย ชั้น 25-29 23/110-117 ซอยสุขุมวิท 63 (เอกมัย) ถนนสุขุมวิท แขวงคลองตันเหนือ เขตวัฒนา กรุงเทพมหานคร 10110,places,high,,,,,
แพ็คฟู้ด,25,,แพ็คฟู้ด,13.570064499999999,100.30206129999999,ChIJPRR1jAy54jAReOcp5d5Ce6o,49 12 ตำบล นาดี อำเภอเมืองสมุทรสาคร สมุทรสาคร 74000,places,high,,,D032,4,"same coords, same place_id"
Kingbell Producer,24,,Kingbell Producer,14.643963699999999,99.93734669999999,ChIJbbarPCQu4jARjD2guTh5pGY,189 หมู่ที่ 8 ตำบล ดอนเจดีย์ อำเภอ ดอนเจดีย์ สุพรรณบุรี 72170,places,high,,,,,
บจก. ยูนิ - เพรสซิเดนท์,24,,บจก. ยูนิ - เพรสซิเดนท์,13.751757,100.08698899999999,ChIJ62b0qtjn4jARWVF6Z9cJpZM,"502 ม.3, ถ.พระประโทน-บ้านแพ้ว, ต.ดอนยายหอม อ.เมืองนครปฐม จ.นครปฐม , 73000 ตำบล ดอนยายหอม อำเภอเมืองนครปฐม นครปฐม 73000",places,high,,,D127,3,"same coords, same place_id"
อินเตอร์เซีย,24,,อินเตอร์เซีย,13.5660472,100.29354909999999,ChIJR8p2XVi54jARQz9oTLbDm84,"48/10,48/28 ถ. เอกชัย ตำบล นาดี อ.เมือง สมุทรสาคร 74000",places,high,,,D134,2,"same coords, same place_id"
Ebisu Shoten สาขาพร้อมพงษ์,24,,Ebisu Shoten สาขาพร้อมพงษ์,13.7230685,100.57995559999999,ChIJ02gJt0uf4jAR5gKHaNWE7dk,864 862 ถ. สุขุมวิท แขวงพระโขนง พระโขนง กรุงเทพมหานคร 10110,places,medium,,,D119,2,"same coords, same place_id"
Route 001,24,,Route 001,13.652777599999999,100.2731254,ChIJdaD_RQC_4jAR_BTzP4FFZ9w,308 ถนน เศรษฐกิจ 1 ตำบล คลองมะเดื่อ อำเภอกระทุ่มแบน สมุทรสาคร 74110,places,high,,,D107,2,"same coords, same place_id"
Route 003,24,,Route 003,13.8261959,100.4476349,ChIJcwecJ4Cb4jARtg7Kx7CzcdQ,67 วัดไทยเจริญ 10 ม.3 ซ. ร่วมใจพัฒนา ตำบล บางขุนกอง อำเภอบางกรวย นนทบุรี 11130,places,high,,,,,
Route 004,24,,Route 004,6.7131364,100.4453011,ChIJR5sCbGbHTDAR8rWtPqd7Pdc,Route 4 76 หมู่3 ถ. กาญจนวนิช ตำบล ปริก อำเภอสะเดา สงขลา 90120,places,high,,,,,
เซ็ปเป้ คลอง13,23,,เซ็ปเป้ คลอง13,13.994122599999999,100.8944336,ChIJeXAuldR1HTERm0sWhOBY7qc,XVVV+JQV ปท.3012 ตำบล พืชอุดม อำเภอลำลูกกา ปทุมธานี 12150,places,high,,,D137,2,"same coords, same place_id"
BNN,23,,BNN,13.812169299999999,100.4500427,ChIJV-01OgCb4jARAoLyVnpPfWo,77 9 ถ. ราชพฤกษ์ ตำบล มหาสวัสดิ์ อำเภอบางกรวย นนทบุรี 11130,places,low,,,,,
ลงสินค้าที่ HAVI,23,,ลงสินค้าที่ HAVI,13.5717552,100.7724987,ChIJyfYekL1bHTER-hU14EWQOgA,HQCC+PX5 ซอย 49 ตำบลบางเสาธง อำเภอบางเสาธง สมุทรปราการ 10540,places,high,,,D138,2,"same coords, same place_id"
(งานไทยฟู้ด),23,,งานไทยฟู้ด,13.8077176,100.5909863,ChIJbczJaMCd4jARV7fSH2Xh-dY,316 1 ถ. ลาดพร้าววังหิน แขวงลาดพร้าว ลาดพร้าว กรุงเทพมหานคร 10230,places,high,,,,,
ภูเก็ต,23,,ภูเก็ต,7.9843109,98.3307468,ChIJcfNXsSA3UDARfctdX1cxcUQ,เกาะภูเก็ต ภูเก็ต,places,high,,,,,
Route 006,23,,Route 006,13.652777599999999,100.2731254,ChIJdaD_RQC_4jAR_BTzP4FFZ9w,308 ถนน เศรษฐกิจ 1 ตำบล คลองมะเดื่อ อำเภอกระทุ่มแบน สมุทรสาคร 74110,places,high,,,D107,2,"same coords, same place_id"
มากุโระ สาขาไอคอนสยาม,22,,มากุโระ สาขาไอคอนสยาม,13.7267163,100.51007609999999,ChIJSw8cHCGZ4jARVwoT5gmP4Ag,ICONSIAM ชั้น 6 299 ซอย เจริญนคร 5 แขวงคลองต้นไทร คลองสาน กรุงเทพมหานคร 10600,places,low,,,,,
TUF4,22,TUF4,,,,,,,,,,,,
ไทยแม็กซ์ เวลโกรว์,22,,ไทยแม็กซ์ เวลโกรว์,13.5990759,100.80860799999999,ChIJZ2ThTk5DHTERl4JNPxHF2So,"99/9, ตำบลบางเสาธง อำเภอบางเสาธง สมุทรปราการ 10570",places,high,,,D142,2,"same coords, same place_id"
แฟชั่นไอส์แลนด์,22,แฟชั่น ไอซ์แลนด์,,,,,,,,,,,,
บริษัท โคแพค โซลูชั่น,22,,บริษัท โคแพค โซลูชั่น,13.577517799999999,100.2599687,ChIJxWlWPQDH4jARs3On9vDTusE,H7H5+3X ตำบล ท่าทราย อำเภอเมืองสมุทรสาคร สมุทรสาคร 74000,places,high,,,D129,2,"same coords, same place_id"
Alfredo Enterprise (อัลเฟรโด อยุธยา),21,,อัลเฟรโด อยุธยา Alfredo Enterprise,14.3398542,100.64747609999999,ChIJRUO_U0F44jARYT-PDW8XXH0,"57 หมู่ที่ 5 ถนน โรจนะ ต.อุทัย อ, อำเภออุทัย จังหวัดพระนครศรีอยุธยา 13210",places,high,,,D143,2,"same coords, same place_id"
TUF 4,21,TUF 4,TUF 4,,,,,not_found,none,,,,,
ชลบุรี,21,,ชลบุรี,13.2017461,101.25237920000001,ChIJPxDrgxewAjERH_3dUV-RDik,ชลบุรี,places,high,,,,,
ยูเนี่ยนมอล,21,,ยูเนี่ยนมอล,13.8133637,100.5618612,ChIJ26Q5T0Wc4jAR_6-KmX4k2lA,54 ซ. ลาดพร้าว 1 แขวงจอมพล เขตจตุจักร กรุงเทพมหานคร 10900,places,high,,,,,
คาร์กิลล์ (โคราช),21,คาร์กิลล์ โคราช,,,,,,,,,,,,
SPF Diana (รับถัง),21,,รับถัง SPF Diana,13.538616200000002,100.2018679,ChIJXxiVoTnG4jARoKfWBLcXvSo,"68/5 Moo.8 Bangkrachao, Bangkrachao, อำเภอเมืองสมุทรสาคร สมุทรสาคร 74000",places,high,,,D037,4,"same coords, same place_id"
ZONE A,21,,ZONE A,13.8556438,100.4938636,ChIJPzJfiDqb4jARjdImZesNWSc,139 ตำบลตลาดขวัญ อำเภอเมืองนนทบุรี นนทบุรี 11000,places,high,,,,,
คาร์กิลล์มีทส์ โคราช,21,,คาร์กิลล์มีทส์ โคราช,14.736625700000001,102.11749379999999,ChIJsaoTeKBVGTERgFRf_huvdvo,"150, กอก ตำบล พลับพลา อำเภอโชคชัย นครราชสีมา 30190",places,medium,,,,,
Route 002,21,,Route 002,13.6312898,100.57462819999999,ChIJ35BP2aWh4jARSuKsF8262gQ,15 2 บางด้วน-สวนส้ม ตำบล บางด้วน อำเภอเมืองสมุทรปราการ สมุทรปราการ 10270,places,high,,,,,
THAI ENG KONG,20,,THAI ENG KONG,13.637881,100.7708122,ChIJ9XQeDhxdHTERnuGX32Y5HF8,65 ตำบลบางโฉลง อำเภอบางพลี สมุทรปราการ 10540,places,high,,,,,
ยูโรเปี้ยน ปราจีนบุรี,20,,ยูโรเปี้ยน ปราจีนบุรี,13.8996281,101.5234151,ChIJy8XnFAr6HDERsHn-M0rinwI,"140 Rabopai RD. Nongprong SriMahaPhot, ตำบล หนองโพรง อำเภอศรีมหาโพธิ ปราจีนบุรี 25140",places,medium,,,D145,2,"same coords, same place_id"
ซันโทรี่ ปิ่นทอง 2,20,,ซันโทรี่ ปิ่นทอง 2,13.1126872,101.03437819999999,ChIJsWtEvynGAjERacS2asq1wpY,150/50 หมู่ที่ 9 นิคมอุตสาหกรรมปิ่นทอง 2 ตำบล หนองขาม อำเภอศรีราชา ชลบุรี 20110,places,high,,,,,
JPAC สุวินทวงศ์,20,Jpac สุวินทวงศ์,,,,,,,,,,,,
Fuji 39,20,,Fuji 39,13.742275,100.57213709999999,ChIJs9sY1fie4jARKZRDmJSfm0A,"79/79, 79/80, 79/97 พร้อมพงษ์ 79/109 ซ. สุขุมวิท 39 แขวงคลองตันเหนือ เขตวัฒนา กรุงเทพมหานคร 10110",places,high,,,D131,5,"same coords, same place_id"
ไทยออซัม,20,ไทย ออซัม,,,,,,,,,,,,
(CP RAM) ลาดหลุมแก้ว,20,,CP RAM  ลาดหลุมแก้ว,14.047077499999999,100.4254192,ChIJaWzuWLKJ4jARWWF09Hx-jPI,"177 หมู่ 4 ถนน ปทุมธานี, ระแหง อำเภอลาดหลุมแก้ว ปทุมธานี 12140",places,medium,,,D144,2,"same coords, same place_id"
FB Foods (สมุทรปราการ),19,,สมุทรปราการ FB Foods,13.590123,100.4645817,ChIJp7teNJik4jAR6GiYPiOvaPQ,"389, ตำบล บ้านคลองสวน อำเภอพระสมุทรเจดีย์ Samut Prakan 10290",places,low,,,,,
D&P นิคมเวล์โกร์ว,19,,D&P นิคมเวล์โกร์ว,13.570333,100.9225597,ChIJpZgfRw04HTERRWfkbEU3h0s,HWCF+42M ตำบล หอมศีล อำเภอบางปะกง ฉะเชิงเทรา 24180,places,medium,,,D151,2,"same coords, same place_id"
BDC4,19,,BDC4,13.5863172,100.75290919999999,ChIJEzgiNuFdHTERvcqh3YEJmRU,เลขที่ 173/2 7 ตำบล บางปลา อำเภอบางพลี สมุทรปราการ 10540,places,low,,,D141,2,"same coords, same place_id"
ROS,19,,ROS,13.877801499999999,100.49595219999999,ChIJe2ncL_KF4jARdM9NVWvMZNY,54 เลี่ยงเมืองนนทบุรี ท่าทราย อำเภอเมืองนนทบุรี นนทบุรี 11000,places,low,,,,,
CSM,19,,CSM,16.4790496,102.8139017,ChIJSaT01ueLIjERbaPFVvWFH1U,123 ถนนมิตรภาพ ตำบล ศิลา เมือง ขอนแก่น 40000,places,low,,,,,
CSP,19,,CSP,13.6891698,100.51304420000001,ChIJ6eSrsQmi4jARAWcq3o8SE_A,475 ถ. พระรามที่ 3 แขวงบางโคล่ เขตบางคอแหลม กรุงเทพมหานคร 10120,places,low,,,,,
สามย่าน มิตรทาวน์,19,,สามย่าน มิตรทาวน์,13.733384599999999,100.5281227,ChIJtZlgW9WY4jARP9hp9Y7M9OQ,944 ถ. พระรามที่ 4 แขวงวังใหม่ เขตปทุมวัน กรุงเทพมหานคร 10330,places,high,,,D150,2,"same coords, same place_id"
MAYA Lifestyle,19,,MAYA Lifestyle,18.801892799999997,98.96756119999999,ChIJC1o2yWE62jARfjKPh-dUjiQ,55/5 ถ. ห้วยแก้ว ตำบลช้างเผือก อำเภอเมืองเชียงใหม่ เชียงใหม่ 50300,places,high,,,D118,4,"same coords, same place_id"
LCB D1D2D3,19,,LCB D1D2D3,13.047688100000002,100.9040856,ChIJW9uQeo-5AjERh0PE9F7Hz8Q,"Unnamed Road, 2WX3+3JG ตำบลทุ่งสุขลา อำเภอศรีราชา ชลบุรี 20230",places,medium,,,,,
M - SENKO LOGISTICS,19,,M - SENKO LOGISTICS,13.5953571,100.7848478,ChIJ9Wf2vFxdHTERtj1tfhqssKk,62 ตำบล ศีรษะจรเข้ใหญ่ อำเภอบางเสาธง สมุทรปราการ 10110,places,high,,,D080,5,"same coords, same place_id"
HAST LOGISTICS,19,,HAST LOGISTICS,13.0849648,100.9843956,ChIJ93TOVynHAjEROYHDSjC100Q,1/28 บึง อำเภอศรีราชา ชลบุรี 20230,places,high,,,,,
LCB A2,18,,LCB A2,13.072642900000002,100.89014180000001,ChIJW8a0lKO7AjERif4-lzqGN6Q,"3VFR+332 ท่าเรือแหลมฉบัง, ตำบลทุ่งสุขลา อำเภอศรีราชา ชลบุรี 20230",places,medium,,,,,
อาหลิว,18,,อาหลิว,13.7862051,100.4903377,ChIJy6Kqn9ab4jARXQlsua-6G-c,46 ถ. สิรินธร แขวงบางพลัด บางพลัด กรุงเทพมหานคร 10700,places,high,,,D148,4,"same coords, same place_id"
Ebisu Shoten สาขาพระโขนง,18,,Ebisu Shoten สาขาพระโขนง,13.7146384,100.5916424,ChIJX5K1FJ2f4jARsIdmImdxnZk,1106 ห้องเลขที่110 ชั้น1 Summer Hill ถ. สุขุมวิท แขวงพระโขนง พระโขนง กรุงเทพมหานคร 10110,places,medium,,,D135,2,"same coords, same place_id"
TND ชลบุรี,18,,TND ชลบุรี,13.080483599999999,100.9005901,ChIJx7bqnx-6AjER7XihvThDO7I,229 หมู่ 3 ถนนสุขุมวิท ตำบลทุ่งสุขลา อำเภอศรีราชา ชลบุรี 20230,places,high,,,D154,2,"same coords, same place_id"
แพนฟู้ด (พระราม2),18,แพนฟู้ด (พระราม 2),,,,,,,,,,,,
บ.เอ็นเอส ซีฟูดส์ จำกัด สมุทรสาคร,18,,บ.เอ็นเอส ซีฟูดส์ จำกัด สมุทรสาคร,13.5481304,100.35111599999999,ChIJNVJIH_TH4jARYRbGEHTFWgk,"12, 3 พันท้ายนรสิงห์ อำเภอเมืองสมุทรสาคร สมุทรสาคร 74000",places,high,,,D133,4,"same coords, same place_id"
กลับต้นทาง,18,,กลับต้นทาง,13.5284769,99.7971173,ChIJ74Nml1sv4zARg2MiJ28ULIw,GQHW+9RX 328 ตำบล หน้าเมือง เมือง ราชบุรี 70000,places,medium,,,,,
ฟู้ดเทค แฟคตอรี่,18,,ฟู้ดเทค แฟคตอรี่,13.565451699999999,100.2948505,ChIJx6zAp2G54jARTzYpf4UacFw,48/204 นาดี ตำบล นาดี อำเภอเมืองสมุทรสาคร สมุทรสาคร 74000,places,high,,,,,
JFC บางนา,18,,JFC บางนา,13.6631474,100.64745119999999,ChIJzV1rzydfHTERzYjiBnl86BU,Tiew Hong Bangna Bldg 1780 ถ. เทพรัตน แขวงบางนาใต้ เขตบางนา กรุงเทพมหานคร 10260,places,medium,,,D139,3,"same coords, same place_id"
RCL127,18,,RCL127,13.6959673,100.53749979999999,ChIJb4vbIgCf4jARReEmdBtuTHg,"127/18 Panjathani Tower 14th Floor, Nonsee Road, Chongnonsee, เขตยานนาวา กรุงเทพมหานคร 10120",places,low,,,,,
ศรีนานาพร อ้อมน้อย,18,,ศรีนานาพร อ้อมน้อย,13.715221099999999,100.3083374,ChIJu8vPc_SV4jAROyEVusvRym4,P885+38P ถนน พุทธมณฑลสาย 5 ตำบล อ้อมน้อย อำเภอกระทุ่มแบน สมุทรสาคร 74130,places,medium,,,,,
PACA,18,,PACA,13.7291808,100.5335406,ChIJQQh8jCuf4jAR-6Nd_004ihY,"23rd Floor, Thaniya Plaza Building, Zone A, 52 Silom Road Suriyawongse ฺ แขวงสุริยวงศ์ เขตบางรัก กรุงเทพมหานคร 10500",places,low,,,,,
บริษัท นูทริกซ์ จำกัด (มหาชน) (โรงงานอาหารเม็ด),18,,มหาชน บริษัท นูทริกซ์ จำกัด (โรงงานอาหารเม็ด),13.804670699999999,100.7051592,ChIJwXfA3IhjHTERyxDcbocBvFY,55 ซ. หม่อมเจ้าสง่างาม สุประดิษฐ์ 4 แขวงมีนบุรี เขตมีนบุรี กรุงเทพมหานคร 10510,places,medium,,,,,
OM DEPORT,18,,OM DEPORT,13.117636000000001,100.9727984,ChIJpcb52RG5AjERgYdyWfV1BSs,291/38 ตำบล หนองขาม อำเภอศรีราชา ชลบุรี 20230,places,high,,,,,
Central ชลบุรี,17,,Central ชลบุรี,13.337248899999999,100.96952929999999,ChIJHRZFgppKHTERiZn-u52F1Qs,"55/88-89, 55, 91, ถ. สุขุมวิท ตำบล เสม็ด อำเภอเมืองชลบุรี ชลบุรี 20000",places,high,,,D057,4,"same coords, same place_id"
เซ็นทรัลพระราม 9,17,เซ็นทรัล พระราม9,,,,,,,,,,,,
Innolatex (หาดใหญ่),17,,หาดใหญ่ Innolatex,7.006476200000001,100.35594449999999,ChIJrUqZHDInTTARS58Wte5Jzng,"E1-6, EXPORT PROCESSING ZONE ,SOUTHERN INDUSTRIAL ESTATE, ตำบล ฉลุง อำเภอหาดใหญ่ สงขลา 90110",places,high,,,D156,2,"same coords, same place_id"
สนามบินสุวรรณภูมิ,17,,สนามบินสุวรรณภูมิ,13.6818969,100.7468694,ChIJTydCFXdnHTERB3oVT1UZDRI,999 หมู่ที่ 1 หนองปรือ อำเภอบางพลี สมุทรปราการ 10540,places,high,,,D022,2,"same coords, same place_id"
Havi (Bangna) (Pre - cool - 18),17,,Bangna Havi (Pre - cool - 18),13.665637,100.6515271,ChIJK6s8seFfHTERy3788tWubXU,โครงการ Eastery Bangna 1111/4 ถ. เทพรัตน แขวงบางนาเหนือ เขตบางนา กรุงเทพมหานคร 10260,places,low,,,,,
One Bangkok,17,,One Bangkok,13.725303799999999,100.54735439999999,ChIJiUjUG06f4jARi-UKG32MS1g,วันแบงค็อก ถ. วิทยุ แขวงลุมพินี เขตปทุมวัน กรุงเทพมหานคร 10330,places,high,,,,,
เฮสโก,17,,เฮสโก,13.635066499999999,100.2804034,ChIJHzvUSkW_4jARJh6fH8cAr-E,67 ตำบล คลองมะเดื่อ อำเภอกระทุ่มแบน สมุทรสาคร 74110,places,high,,,D162,2,"same coords, same place_id"
ECD 1 LCB,17,,ECD 1 LCB,13.106912600000001,100.9881668,ChIJ2esecvHHAjERsMxTsEgvrPk,4X4Q+Q77 ตำบล หนองขาม อำเภอศรีราชา ชลบุรี 20230,places,high,,,D058,4,"same coords, same place_id"
ไทยยูเนี่ยน โรงกุ้ง,17,,ไทยยูเนี่ยน โรงกุ้ง,13.570086799999999,100.29893949999999,ChIJAbWge_u44jARbSRF7D5xoq0,"85 2, ตำบล นาดี อำเภอเมืองสมุทรสาคร สมุทรสาคร 74000",places,medium,,,D029,2,"same coords, same place_id"
แพนฟู้ด,17,,แพนฟู้ด,13.5672836,100.2595621,ChIJjRxFL37H4jAR0TCU5TKrulE,"71/9, 71/15 หมู่ 6 ซอยรุ่งปรีชา ถ. เศรษฐกิจ 1 ตำบล ท่าทราย อำเภอเมืองสมุทรสาคร สมุทรสาคร 74000",places,high,,,D073,4,"same coords, same place_id"
บริษัท สกายลักค์ จำกัด,17,,บริษัท สกายลักค์ จำกัด,13.972085,100.71369899999999,ChIJPeOoe-t7HTERGTNRWpvXXfM,ตำบล บึงคำพร้อย อำเภอลำลูกกา ปทุมธานี 12150,places,high,,,,,
สมายมีท (หมูยิ้ม),17,,หมูยิ้ม สมายมีท,13.5427751,99.79748269999999,ChIJkV7nNlsl4zARBDO_NSEm4A8,428 2 ตำบล เจดีย์หัก อำเภอเมืองราชบุรี ราชบุรี 70000,places,medium,,,D161,2,"same coords, same place_id"
เทอมินอล 21 (T21),17,,T21 เทอมินอล 21,13.7379635,100.5604058,ChIJuWuZbh6f4jAReZMEm2xxgzM,88 ซอย สุขุมวิท 19 แขวงคลองเตยเหนือ เขตวัฒนา กรุงเทพมหานคร 10110,places,medium,,,D038,2,"same coords, same place_id"
PCS (ห้องเย็นแปซิฟิค) (On Pallet),17,,ห้องเย็นแปซิฟิค PCS (On Pallet),13.5845653,100.29124159999999,ChIJzz6wnnK54jARf8v9vQ0kQog,Unnamed Road H7MR+RFH ตำบล นาดี อำเภอเมืองสมุทรสาคร สมุทรสาคร 74000,places,high,,,D001,10,"same coords, same place_id"
Thai Ooi,16,,Thai Ooi,13.7089103,100.6211383,ChIJBZgXd1xhHTEROqEgMDUHgAE,1096/1 ถ. อ่อนนุช แขวงสวนหลวง เขตสวนหลวง กรุงเทพมหานคร 10250,places,high,,,,,
Ebisu ทองหล่อ,16,,Ebisu ทองหล่อ,13.7230685,100.57995559999999,ChIJ02gJt0uf4jAR5gKHaNWE7dk,864 862 ถ. สุขุมวิท แขวงพระโขนง พระโขนง กรุงเทพมหานคร 10110,places,high,,,D119,2,"same coords, same place_id"
โทโดเครุ พระรามTodokeru Foods 9,16,,โทโดเครุ พระรามTodokeru Foods 9,13.754869,100.57348640000001,ChIJCw4G64Wf4jARybmoFdHYrjg,246/1-8 อาคารเอส โครงการรอยัลซิตี้อเวนิว ถ. พระราม 9 แขวงห้วยขวาง เขตห้วยขวาง กรุงเทพมหานคร 10310,places,high,,,D147,4,"same coords, same place_id"
วัดกู้ (นนทบุรี),16,,นนทบุรี วัดกู้,13.9315638,100.5062545,ChIJV5NMIkOE4jARU9FIRqQK1Ug,57 หมู่ที่ 5 ซอย สุขาประชาสรรค์ 2 ตำบลบางพูด อำเภอปากเกร็ด นนทบุรี 11120,places,high,,,D158,2,"same coords, same place_id"
Rhenus Warehousing Solutions,16,,Rhenus Warehousing Solutions,13.5802503,100.7711975,ChIJy9imOABbHTER5Hgyoc0kfZ4,601 ตำบลบางเสาธง อำเภอบางเสาธง สมุทรปราการ 10540,places,high,,,D140,2,"same coords, same place_id"
อยุธยา ซิตี้พาร์ค (ACP),16,อยุธยา ซิตี้พาร์ค,,,,,,,,,,,,
เอสพานาด (EPR),16,,EPR เอสพานาด,13.766522,100.5695168,ChIJLyx2oYie4jARs6hJxnwDq8A,99 ถ. รัชดาภิเษก แขวงดินแดง เขตดินแดง กรุงเทพมหานคร 10400,places,medium,,,D048,2,"same coords, same place_id"
โลตัส พระราม4 (LR4),16,,LR4 โลตัส พระราม4,13.717412,100.5682889,ChIJL4b0yw6f4jARsrCRvv0q02k,3300 ถ. พระรามที่ 4 แขวงคลองตัน เขตคลองเตย กรุงเทพมหานคร 10110,places,high,,,D040,2,"same coords, same place_id"
นาราไทย,15,,นาราไทย,13.746637600000001,100.5397879,ChIJcxXl7s-e4jARtLnPot27Fhc,"4, 4/1 – 4/4 เซ็นทรัลเวิลด์ ชั้นที่ 7 4 ถ. ราชดำริ แขวงปทุมวัน เขตปทุมวัน กรุงเทพมหานคร 10330",places,high,,,,,
เทรา ฟู้ด ปทุมธานี,15,,เทรา ฟู้ด ปทุมธานี,13.953598000000001,100.72290249999999,ChIJC1gROwB7HTERDX8hhs37mM8,XP3F+C5V ตำบล บึงคำพร้อย อำเภอลำลูกกา ปทุมธานี 12150,places,high,,,,,
สยามออริจินัล ปทุมธานี,15,,สยามออริจินัล ปทุมธานี,14.1112699,100.8307447,ChIJxbePr2mdHTERcHolGPc3_T4,31 5 ถ.เลียบคลอง 10 ม.5 ตำบล บึงบา อำเภอ หนองเสือ ปทุมธานี 12170,places,medium,,,D114,3,"same coords, same place_id"
JWD สุวินทวงศ์,15,,JWD สุวินทวงศ์,13.770944799999999,100.98044259999999,ChIJJx85rFITHTERzs8-3ybiVa0,99 3 ถ. สุวินทวงศ์ ตำบลคลองนครเนื่องเขต อำเภอเมืองฉะเชิงเทรา ม.11 24000,places,high,,,D003,5,"same coords, same place_id"
ห้องเย็น PRS,15,,ห้องเย็น PRS,13.8677909,101.1415251,ChIJv8X6JQAPHTERprV7Su1Mxyc,V49R+4H3 ตำบล บางขนาก อำเภอบางน้ำเปรี้ยว ฉะเชิงเทรา 24150,places,high,,,,,
จริงใจหมูกระทะ,15,,จริงใจหมูกระทะ,13.816372999999999,100.59151829999999,ChIJaceQfNKd4jARvuAVoNZSEbY,556 1 ซอย ลาดพร้าววังหิน 44 แขวงลาดพร้าว ลาดพร้าว กรุงเทพมหานคร 10230,places,high,,,D092,3,"same coords, same place_id"
SAITO FOODS สุขุมวิท36,15,,SAITO FOODS สุขุมวิท36,13.7225193,100.5741505,ChIJ8yL5gLqf4jARG3X8KTX4kgY,"23, 7 Soi Naphasub2, R, klongtoey, กรุงเทพมหานคร 10110",places,high,,,,,
LKB 1 SIAM SHORE SIDE (SSS),15,,SSS LKB 1 SIAM SHORE SIDE,13.741913499999999,100.76195849999999,ChIJMZ7z9ltmHTERC6mKmXM3EN4,33 4 ซอย ไอซีดี แขวงคลองสามประเวศ เขตลาดกระบัง กรุงเทพมหานคร 10520,places,high,,,,,
SATS Food (แซตฟู้ด (ปทุมธานี),15,SATS Food (แซตฟู้ด (ปทุมธานี)),,,,,,,,,,,,
โอ๊ตไซด์ ชลบุรี,15,,โอ๊ตไซด์ ชลบุรี,13.1900707,101.3009622,ChIJDWx_HwDXAjER5KaKoPq5AQg,58R2+299 ตำบล หนองไผ่แก้ว อำเภอบ้านบึง ชลบุรี 20220,places,high,,,,,
G - FORTUNE BKK2,15,G - FORTUNE BKK 2,,,,,,,,,,,,
127 Depot,15,,127 Depot,13.598999099999999,100.7178313,ChIJt5CZ4ARcHTERAi26Q4Sigxk,ถ. เทพารักษ์ ตำบล บางพลีใหญ่ อำเภอบางพลี สมุทรปราการ 10540,places,high,,,,,
ฟิวเจอร์พาร์ค รังสิต (FP),15,ฟิวเจอร์พาร์ค รังสิต,,,,,,,,,,,,
CK นวนคร (อาหารเบทเทอร์),14,,อาหารเบทเทอร์ CK นวนคร,14.1329946,100.60275879999999,ChIJKyAxYRZ_4jARqOkAlmIVA-M,101 125 หมู่ที่20 ตำบล คลองหนึ่ง อำเภอคลองหลวง ปทุมธานี 12120,places,high,,,D169,2,"same coords, same place_id"
ไฮดิเหลา,14,,ไฮดิเหลา,13.759030699999999,100.5660789,ChIJdTCD0Fmf4jAR3Haq_ZjU3nM,"7th floor, Central Rama9 ชั้น 7 เซ็นทรัล ถ. พระราม 9 แขวงห้วยขวาง เขตห้วยขวาง กรุงเทพมหานคร 10310",places,low,,,,,
LINFOX วังน้อย,14,,LINFOX วังน้อย,14.190187499999999,100.6544375,ChIJWzSZiaiHHTERcn6TVABkGjA,ตำบล พยอม อำเภอวังน้อย จังหวัดพระนครศรีอยุธยา 13170,places,high,,,D146,3,"same coords, same place_id"
ไทยฮอกไกโด,14,,ไทยฮอกไกโด,13.3869223,99.8198252,ChIJBd4W1F8t4zARL6cy5o2n7Rc,125 หมู่ที่ 8 ตำบลดอนทราย อำเภอปากท่อ ราชบุรี 70140,places,high,,,,,
ควิซีน โซลูชั่น เอเซีย,14,,ควิซีน โซลูชั่น เอเซีย,13.2368901,101.1471701,ChIJMQNbD5HNAjERbsd0dkczvRc,64PW+QV3 ตำบล คลองกิ่ว อำเภอบ้านบึง ชลบุรี 20220,places,high,,,,,
Havi (Bangna) ปลั๊กตู้,14,,Bangna Havi ปลั๊กตู้,13.5709863,100.7744519,ChIJlXeFDVVDHTER8ANMemLr_Ag,989 ตำบลบางเสาธง อำเภอบางเสาธง สมุทรปราการ 10570,places,high,,,D020,7,"same coords, same place_id"
G - FORTUNE BKK 3,14,,G - FORTUNE BKK 3,13.692972999999999,100.72553459999999,ChIJz1ek90RnHTERixF_NfdFZJo,108 หมู่ 14 ซอย กิ่งแก้ว 33 ตำบลราชาเทวะ อำเภอบางพลี สมุทรปราการ 10540,places,medium,,,D046,6,"same coords, same place_id"
เดอะมอลบางแค,14,,เดอะมอลบางแค,13.713068999999999,100.4080539,ChIJ4Xs38saX4jAReLMc1bE-Odc,518 ถ. เพชรเกษม แขวงบางแคเหนือ บางแค กรุงเทพมหานคร 10160,places,high,,,D149,2,"same coords, same place_id"
JWD ฉะเชิงเทราFrozen,14,,JWD ฉะเชิงเทราFrozen,13.770944799999999,100.98044259999999,ChIJJx85rFITHTERzs8-3ybiVa0,99 3 ถ. สุวินทวงศ์ ตำบลคลองนครเนื่องเขต อำเภอเมืองฉะเชิงเทรา ม.11 24000,places,high,,,D003,5,"same coords, same place_id"
ลัคกี้,14,,ลัคกี้,13.5734938,100.2897368,ChIJHzrSDgC54jAROwh1iRUSfUw,ตำบล นาดี อำเภอเมืองสมุทรสาคร สมุทรสาคร 74000,places,high,,,D168,2,"same coords, same place_id"
เคเอฟฟู้ดส์,14,,เคเอฟฟู้ดส์,13.578808299999999,100.2881752,ChIJpTD8ru644jARczh5mrXGb3E,1 หมู่ที่ 4 ซอยบ้านปลายคลองครุ ตำบล นาดี อำเภอเมืองสมุทรสาคร สมุทรสาคร 74000,places,high,,,D066,3,"same coords, same place_id"
นิชิฮาระ กม.16,14,,นิชิฮาระ กม.16,13.623564600000002,100.74744079999999,ChIJY8v7cCxcHTERTDcNxEpCmsI,"41/34 ถนน บางนา ตราด กม16, ตำบลบางโฉลง อำเภอบางพลี สมุทรปราการ 10540",places,high,,,D102,5,"same coords, same place_id"
TYSON (องค์รักษ์),14,,องค์รักษ์ TYSON,14.090499999999999,101.01769999999999,ChIJ_0LxfAChHTERiGTNkDwWfEM,32Q9+W3C ตำบล บางลูกเสือ อำเภอองครักษ์ นครนายก 26120,places,medium,,,,,
พระราม3,14,,พระราม3,13.6897817,100.5221803,ChIJja2626mY4jARqXutpS8hN7g,2532 พระราม 3 แขวงบางโคล่ เขตบางคอแหลม กรุงเทพมหานคร 10120,places,high,,,,,
ซูกิชิอเวนิว,14,,ซูกิชิอเวนิว,13.5736089,100.2891216,ChIJCTXWtHq54jARTSDYbPX7cu0,98 ถ. พระรามที่ 2 ตำบล นาดี อำเภอเมืองสมุทรสาคร สมุทรสาคร 74000,places,low,,,D159,3,"same coords, DIFFERENT place_id"
ICON SIAM,14,,ICON SIAM,13.7258584,100.5099839,ChIJFRjwgc2Z4jAR9JIadoa9YBY,299 ถ. เจริญนคร แขวงคลองต้นไทร คลองสาน กรุงเทพมหานคร 10600,places,low,,,D101,3,"same coords, same place_id"
NextDay/Tempura Yamaya Centralworld,14,,NextDay/Tempura Yamaya Centralworld,13.7469065,100.53929559999999,ChIJgdkB2Cmf4jARlwipMRDQZ-8,ศูนย์การค้าเซ็นทรัลเวิลด์ ห้องเลขที่ B607/1 ชั้นที่ 6 โซน Beacon แขวงปทุมวัน เขตปทุมวัน กรุงเทพมหานคร 10330,places,high,,,,,
PACJ สุวินทวงศ์ (Forzen),14,,Forzen PACJ สุวินทวงศ์,13.8102068,100.8635753,ChIJ_8hclfVuHTER2H_TF2hjX_8,3/276 ถ. สุวินทวงศ์ แขวงลำผักชี เขตหนองจอก กรุงเทพมหานคร 10530,places,low,,,,,
Merry สมุทรสาคร (ห้องเย็นทะเลไทย),14,,ห้องเย็นทะเลไทย Merry สมุทรสาคร,13.5487668,100.2589527,ChIJ71Nzy4nH4jAR4ACDNcw2L_s,Unnamed Road ตำบล ท่าจีน อำเภอเมืองสมุทรสาคร สมุทรสาคร 74000,places,medium,,,D125,7,"same coords, same place_id"
ZONE B,14,,ZONE B,13.7670151,100.69245989999999,ChIJd9DrBVxhHTERKqxg7RTeK3M,QM8R+RXC 773/15 ซอยมอเตอร์เวย์ 1 แขวงสะพานสูง สะพานสูง กรุงเทพมหานคร 10240,places,high,,,,,
แบมบีนี่ วิลล่า,14,,แบมบีนี่ วิลล่า,13.7193624,100.5704695,ChIJj5uk7Aif4jAR_6zaKz_3T68,18 ซอย อรรถกวี 1 แขวงคลองตัน เขตคลองเตย กรุงเทพมหานคร 10110,places,high,,,D081,2,"same coords, same place_id"
Nestlé ระยอง,14,Nestle ระยอง,,,,,,,,,,,,
GFPT Samutprakarn,14,,GFPT Samutprakarn,13.5982898,100.5497937,ChIJe-cF50qh4jAR4la6oAhbL0c,ตำบล ในคลองบางปลากด อำเภอพระสมุทรเจดีย์ สมุทรปราการ 10290,places,medium,,,D087,2,"same coords, same place_id"
ศูนย์พระราม3 (กทม.),14,,กทม. ศูนย์พระราม3,13.6902785,100.54906930000001,ChIJlzMLPV-f4jARpj0x0rMC7j4,2222 ถ. พระรามที่ 3 แขวงช่องนนทรี เขตยานนาวา กรุงเทพมหานคร 10120,places,medium,,,,,
เค - เฟรช (สวนส้ม),14,,สวนส้ม เค - เฟรช,13.6222462,100.1797393,ChIJ6_RwZ8LB4jARqqRI8ijHq1I,234 ตำบล สวนส้ม อำเภอบ้านแพ้ว สมุทรสาคร 74120,places,high,,,D164,2,"same coords, same place_id"
เซ็นทรัลพระราม3,13,,เซ็นทรัลพระราม3,13.6979914,100.53743800000001,ChIJwVEDWFqY4jARMEq1xlugpL4,79/3 ถ. สาธุประดิษฐ์ แขวงช่องนนทรี เขตยานนาวา กรุงเทพมหานคร 10120,places,high,,,D175,2,"same coords, same place_id"
PCS (ห้องเย็นแปซิฟิค) /PACT,13,,ห้องเย็นแปซิฟิค PCS /PACT,13.5845653,100.29124159999999,ChIJzz6wnnK54jARf8v9vQ0kQog,Unnamed Road H7MR+RFH ตำบล นาดี อำเภอเมืองสมุทรสาคร สมุทรสาคร 74000,places,high,,,D001,10,"same coords, same place_id"
บ.คอนเนค เอเชีย อาคารศุภาคาร,13,,บ.คอนเนค เอเชีย อาคารศุภาคาร,13.7187802,100.5094716,ChIJhSp6MMKY4jARMu-8jRmUS3w,〒10600 กรุงเทพมหานคร คลองสาน กรุงเทพมหานคร ถ. เจริญนคร 3 Floor,places,high,,,,,
ฺBNN,13,,ฺBNN,15.421582,101.69906739999999,ChIJTYKikoDgHjERfYQDxMYqR2M,"15°25'20.6""N 101°42'11., 7 (20/69) ถนน บรมราชชนนี กรุงเทพมหานคร อำเภอ บำเหน็จณรงค์ กรุงเทพมหานคร 10700",places,high,,,,,
Green Food,13,,Green Food,13.9024419,100.37837599999999,ChIJzRnmjQOP4jARjSIpIG2Tlpc,2 ม.The happiness 8 ถนน เลียบคลองบางไผ่ ตำบล บางรักพัฒนา อำเภอบางบัวทอง นนทบุรี 11110,places,high,,,,,
เดอะมอลล์ไลฟ์สโตร์ บางกะปิ,13,,เดอะมอลล์ไลฟ์สโตร์ บางกะปิ,13.7660164,100.6425852,ChIJFYf_MI1hHTERmV2U89HVyko,3522 ถ. ลาดพร้าว แขวงคลองจั่น บางกะปิ กรุงเทพมหานคร 10240,places,high,,,,,
CONCENTER KM4,13,,CONCENTER KM4,19.0360564,99.9300696,ChIJYZ2XX88z2DARdOZZeAvbksw,2WPJ+C2G AH2 แม่กา อำเภอเมืองพะเยา พะเยา 56000,places,low,,,,,
Betagro ลพบุรี,13,,Betagro ลพบุรี,14.8159795,100.9099679,ChIJQZNP1HQKHjERGMdUoOoUZto,ถนน สระบุรี - หล่มสัก ตำบล ช่องสาริกา อำเภอพัฒนานิคม ลพบุรี 15220,places,low,,,D163,2,"same coords, same place_id"
CTI Food Supply คลองเตย,13,,CTI Food Supply คลองเตย,13.7162104,100.56639419999999,ChIJaa4egQ6f4jAR-PDb2y65ioM,PH88+FHJ แขวงคลองเตย เขตคลองเตย กรุงเทพมหานคร 10110,places,high,,,D177,2,"same coords, same place_id"
LCB C1C2,13,,LCB C1C2,13.0588315,100.8977525,ChIJBZfgnWe5AjERI_eMGwOta9A,3V5X+G4J ตำบลทุ่งสุขลา อำเภอศรีราชา ชลบุรี 20230,places,high,,,,,
ไทย สพริง,13,,ไทย สพริง,12.9972633,101.102854,ChIJjwU4SqzdAjER4Gtv8wYJxYw,หมู่ที่ 4 นิคมอุตสาหกรรมอมตะ ซิตี้ 7/120 ถนนสามสามหนึ่ง ตำบล มาบยางพร อำเภอปลวกแดง ระยอง 21140,places,high,,,D132,2,"same coords, same place_id"
DCH Auriga Warehouse,13,,DCH Auriga Warehouse,13.5939371,100.7953067,ChIJxVFxOqxcHTERh2XmyK2Pxpk,HQVW+H4F ตำบล ศีรษะจรเข้ใหญ่ อำเภอบางเสาธง สมุทรปราการ 10540,places,high,,,D165,2,"same coords, same place_id"
ซินเซียร์ เฟรช ฟู้ด,13,,ซินเซียร์ เฟรช ฟู้ด,13.8385246,100.0619407,ChIJfTRfr1Dl4jARxLkkfo3zSoE,99 ม.8 ต ตำบล นครปฐม อำเภอเมืองนครปฐม นครปฐม 73000,places,high,,,,,
ไทย สพริง ฟิช จำกัด,13,,ไทย สพริง ฟิช จำกัด,12.9972633,101.102854,ChIJjwU4SqzdAjER4Gtv8wYJxYw,หมู่ที่ 4 นิคมอุตสาหกรรมอมตะ ซิตี้ 7/120 ถนนสามสามหนึ่ง ตำบล มาบยางพร อำเภอปลวกแดง ระยอง 21140,places,high,,,D132,2,"same coords, same place_id"
สีลม คอมเพล็กซ์ (SCP),13,,SCP สีลม คอมเพล็กซ์,13.728223,100.53513769999999,ChIJVcjmqy6f4jAR8IxVKD9-d2k,191 ถ.สีลม แขวงสีลม เขตบางรัก กรุงเทพมหานคร 10500,places,high,,,D084,2,"same coords, same place_id"
เทอมินอล พระราม3 (TR3),13,เทอมินอล พระราม3,,,,,,,,,,,,
เดอะมอลล์ไลฟ์สโตร์ ท่าพระ (TTP),13,เดอะมอลล์ไลฟ์สโตร์ ท่าพระ,,,,,,,,,,,,
ซีคอน บางแค (SBK),13,,SBK ซีคอน บางแค,13.711445999999999,100.4341056,ChIJacymdfSX4jARija6OZrv3Y4,607 ถ. เพชรเกษม แขวงบางหว้า เขตภาษีเจริญ กรุงเทพมหานคร 10160,places,high,,,D033,3,"same coords, same place_id"
เซ็นทรัลศาลายา (CSY),13,เซ็นทรัลศาลายา,,,,,,,,,,,,
ทริปเปิล พี ฟู้ดส์,12,,ทริปเปิล พี ฟู้ดส์,13.508378299999999,100.1375137,ChIJuVVvLW7P4jARLVMBMxE_azA,89/4-5 กาหลง ตำบล กาหลง อำเภอเมืองสมุทรสาคร สมุทรสาคร 74000,places,high,,,,,
โกบอลฟู้ดส์,12,,โกบอลฟู้ดส์,18.721535499999998,99.177496,ChIJUwWDg80p2jARLq5t2rXL7P8,82 ถนน ทล 1147 ตำบล ออนใต้ อำเภอสันกำแพง เชียงใหม่ 50130,places,high,,,,,
บ.ชลบุรีมหาชัยซีฟู้ด (ชลบุรี),12,,ชลบุรี บ.ชลบุรีมหาชัยซีฟู้ด,13.3751609,100.9933473,ChIJpQawhqU1HTERGR8Z_aCFW7E,245/1-4 ตำบล บ้านสวน อำเภอเมืองชลบุรี ชลบุรี 20000,places,high,,,D174,3,"same coords, same place_id"
HOMERUN IZAKAYA เอกมัย,12,,HOMERUN IZAKAYA เอกมัย,13.7318477,100.58609020000002,ChIJF1TAJACf4jARrGzuq0r3hQc,"217, 8 ซ. สุขุมวิท 63 แขวงคลองตันเหนือ เขตวัฒนา กรุงเทพมหานคร 10110",places,high,,,,,
บริษัท ฮารุ เจแปนนิส ฟู้ด จำกัด,12,,บริษัท ฮารุ เจแปนนิส ฟู้ด จำกัด,16.447041,102.7952765,ChIJTQaYtqFhIjERS9vz7lm4NJw,"127, หมู่ 11, ตำบล เมืองเก่า อำเภอเมืองขอนแก่น ขอนแก่น 40000",places,medium,,,,,
KCTC,12,,KCTC,13.6462468,100.78365,ChIJ__dgVzldHTERQ8V8zZXOri4,"74, 12, TAMBON SISA CHORAKHE YAI AMPHER, อำเภอบางพลี สมุทรปราการ 10540",places,low,,,D155,2,"same coords, same place_id"
CP Phitsanulok,12,,CP Phitsanulok,16.8206021,100.2687843,ChIJv_L--eeX3zAR5XrXIMrtCZA,57 52 ถนน พระองค์ดำ ตำบล ในเมือง อำเภอเมืองพิษณุโลก พิษณุโลก 65000,places,low,,,,,
NextDay/Gourmet เดอะมอลล์งามวงศ์วาน,12,,NextDay/Gourmet เดอะมอลล์งามวงศ์วาน,13.855945000000002,100.5420755,ChIJAzpbZ_Gd4jAROfCsHZ2owh4,430 บางเขน ถนน งามวงศ์วาน ตำบลบางเขน อำเภอเมืองนนทบุรี นนทบุรี 11000,places,medium,,,,,
โกลบอล มารีน โฟรเซ่น ฟู้ด,12,,โกลบอล มารีน โฟรเซ่น ฟู้ด,13.516006899999999,100.27989389999999,ChIJ76MCfPW34jARm26i99qcrMg,"32/13 หมู่ที่ 2, บางหญ้าแพรก, อำเภอเมืองสมุทรสาคร Samut Sakhon 74000",places,high,,,,,
IMG Frozen Foods,12,,IMG Frozen Foods,13.565536499999999,100.2964545,ChIJPQAAAADH4jARmz5CwiznWrY,"หมู่ที่ 4 48/6, ตำบล นาดี อำเภอเมืองสมุทรสาคร สมุทรสาคร 74000",places,high,,,,,
อินเตอร์ดริ๊งส์ (ท่าทราย),12,,ท่าทราย อินเตอร์ดริ๊งส์,13.553365099999999,100.2309164,ChIJjVlfYUXH4jAR5MO06J4ers4,41 76 หมู่ 2 ถนนพระราม 2 ตำบล ท่าทราย อำเภอเมืองสมุทรสาคร สมุทรสาคร 74000,places,high,,,D173,2,"same coords, same place_id"
CP RAMชลบุรี,12,,CP RAMชลบุรี,13.112477799999999,101.0014855,ChIJJetLp-fHAjERrNVe4J1z9Ho,789 173 ตำบล หนองขาม อำเภอศรีราชา ชลบุรี 20230,places,high,,,D170,3,"same coords, same place_id"
PACR,12,,PACR,14.024784799999999,100.61520660000001,ChIJA5PNWACB4jARGUiEaA80nus,2JF8+X38 ถ. พหลโยธิน ตำบล คลองหนึ่ง อำเภอคลองหลวง ปทุมธานี 12120,places,low,,,D008,3,"same coords, same place_id"
M - SENKO (Sushiro),12,M - senko (Sushiro),,,,,,,,,,,,
ดีพลัส สุขสวัสดิ์,12,,ดีพลัส สุขสวัสดิ์,13.6022486,100.54507850000002,ChIJBdQJqE6h4jARvNkwax1Z3vM,445 ซอย สุขสวัสดิ์ 84 ตำบล ในคลองบางปลากด อำเภอพระสมุทรเจดีย์ สมุทรปราการ 10290,places,high,,,D178,2,"same coords, same place_id"
Passione Shopping Destination ระยอง (PRY),12,Passione Shopping Destination ระยอง,,,,,,,,,,,,
เซ็นทรัล ชลบุรี (CCB),12,เซ็นทรัล ชลบุรี,,,,,,,,,,,,
สยามพรีเมี่ยม (SPO),12,,SPO สยามพรีเมี่ยม,13.7042091,100.83793179999999,ChIJcQ3OT1ppHTER4-KgFGghqec,"989, แขวงขุมทอง เขตลาดกระบัง สมุทรปราการ 10570",places,high,,,D041,3,"same coords, same place_id"
เซ็นทรัล แจ้งวัฒนะ (CCW),12,,CCW เซ็นทรัล แจ้งวัฒนะ,13.9038246,100.52815609999999,ChIJW4cpDp2E4jARIwiyr5fqAI4,"99, 99/9 หมู่ที่ 2 ถ. แจ้งวัฒนะ ตำบลบางตลาด อำเภอปากเกร็ด นนทบุรี 11120",places,high,,,D009,4,"same coords, DIFFERENT place_id"
เซ็นทรัล เวสต์เกต (WG),12,,WG เซ็นทรัล เวสต์เกต,13.8763218,100.4113708,ChIJX2AoriCQ4jAR7aglJz3j6YI,199/3 หมู่ที่ 6 ตำบล เสาธงหิน อำเภอบางใหญ่ นนทบุรี 11000,places,high,,,D059,5,"same coords, same place_id"
Central ภูเก็ต,12,,Central ภูเก็ต,7.8915987,98.36776160000001,ChIJRZ0Fp8YxUDARkWRjR4GpCeM,"74, 75 หมู่ที่ 5 ถนน วิชิตสงคราม ตำบล วิชิต อำเภอเมืองภูเก็ต ภูเก็ต 83000",places,high,,,D179,2,"same coords, same place_id"
KEWPIE,12,,KEWPIE,13.6734111,100.5399509,ChIJY0UTT-6h4jARkJx-heDcOwQ,989 อาคาร Kingbridge Tower ชั้น 26 ถ. พระรามที่ 3 แขวงบางโพงพาง เขตยานนาวา กรุงเทพมหานคร 10120,places,low,,,,,
Merry สมุทรสาคร,11,,Merry สมุทรสาคร,13.7031172,100.3283326,ChIJgd3ApvSV4jARsBfZpH4pMTA,97 หมู่ 11 ถ. เพชรเกษม ตำบล อ้อมน้อย อำเภอกระทุ่มแบน สมุทรสาคร 74130,places,medium,,,,,
HFC (Heal food) วังม่วง สระบุรี,11,,Heal food HFC วังม่วง สระบุรี,14.7464214,101.06012410000001,ChIJh2GpmoHfHTERV2Fto-NSmbY,P3W6+H2 ตำบล แสลงพัน อำเภอ วังม่วง สระบุรี 18220,places,medium,,,D153,2,"same coords, same place_id"
N&N Food,11,,N&N Food,13.575751499999999,100.28623119999999,ChIJaTYHu-q44jARCbdB812wF44,"5 7-8, 5 10 ซอย 18 ตำบล นาดี อำเภอเมืองสมุทรสาคร สมุทรสาคร 74000",places,high,,,,,
เจ๊น้อยขนส่ง (หนองคาย),11,,หนองคาย เจ๊น้อยขนส่ง,17.844512899999998,102.74366789999999,ChIJB6vmtX9jJDER9ai6GwTDh7s,บ้านเลขที่ 2 หมู่ 10 บ้านหนองขาม ตำบล หนองกอมเกาะ อำเภอเมืองหนองคาย หนองคาย 43000,places,high,,,,,
CMA LCB,11,,CMA LCB,13.6472561,100.78218969999999,ChIJl32QH4JdHTEREHRW3AU8Fl0,74/12 ตำบล ศีรษะจรเข้ใหญ่ อำเภอบางเสาธง สมุทรปราการ 10570,places,high,,,D106,2,"same coords, same place_id"
ซีคอน บางคอน,11,,ซีคอน บางคอน,13.711445999999999,100.4341056,ChIJacymdfSX4jARija6OZrv3Y4,607 ถ. เพชรเกษม แขวงบางหว้า เขตภาษีเจริญ กรุงเทพมหานคร 10160,places,high,,,D033,3,"same coords, same place_id"
Va Va สิงห์บุรี,11,,Va Va สิงห์บุรี,14.799517499999999,100.3446393,ChIJb3aRgtX14TARr7lYm7WDWh0,39 หมู่4 บางระจัน ตำบล บางระจัน อำเภอ ค่ายบางระจัน สิงห์บุรี 16150,places,high,,,,,
Havi (Bangna) (Pre - cool),11,Havi (Bangna) (Pre - cool - 18),,,,,,,,,,,,
ฟู้ดแพชชั่น,11,,ฟู้ดแพชชั่น,13.867102399999998,100.5487248,ChIJja9eFgCd4jARN8uZHSvr0cY,333 ถ. ประชาชื่น แขวงทุ่งสองห้อง เขตหลักสี่ กรุงเทพมหานคร 10210,places,high,,,,,
ฟูจิ 39 (Super 2),11,,Super 2 ฟูจิ 39,13.7365148,100.5746449,ChIJCeRpWbif4jAR0ezPcJ4N1Kk,193 ซ. สุขุมวิท 39 แขวงคลองตันเหนือ เขตวัฒนา กรุงเทพมหานคร 10110,places,low,,,,,
ท่าเรือกรุงเทพ,11,,ท่าเรือกรุงเทพ,13.703734899999999,100.5754479,ChIJvaaR5J2f4jARbbXF-zeHptY,ท่าเรือกรุงเทพ แขวงคลองเตย เขตคลองเตย กรุงเทพมหานคร 10110,places,high,,,D152,2,"same coords, same place_id"
เฟรชมีทฟู้ด,11,,เฟรชมีทฟู้ด,13.8083238,100.19697409999999,ChIJF4brrm3s4jAR1VC2gQiOabw,91 ตำบล งิ้วราย อำเภอนครชัยศรี นครปฐม 73120,places,high,,,D076,3,"same coords, same place_id"
NextDay/Grand Shabu Club ศรีนครินทร์,11,,NextDay/Grand Shabu Club ศรีนครินทร์,13.6859481,100.65064849999999,ChIJT5RXRtZhHTERqMl0BHZ8Z0s,21 1 ถ. ศรีนครินทร์ แขวงหนองบอน เขตประเวศ กรุงเทพมหานคร 10250,places,high,,,,,
บริษัท ซิลลิค ฟาร์มา,11,,บริษัท ซิลลิค ฟาร์มา,13.6146582,100.80237819999999,ChIJE7hNmltDHTERkEVNccylaSQ,99 19 หมู่ที่ 3 ทางคู่ขนาน ถนนบางนา-ตราด ตำบลบางเสาธง อำเภอบางเสาธง สมุทรปราการ 10540,places,medium,,,D050,5,"same coords, same place_id"
ชายสี่คอร์ปอเรชั่น,11,,ชายสี่คอร์ปอเรชั่น,14.111585,100.731363,ChIJbTwtrN6DHTERNfPGEm06EXs,7/7 หมู่ 8 ตำบล คลองหก อำเภอคลองหลวง ปทุมธานี 12120,places,high,,,D166,2,"same coords, same place_id"
ห้องเย็น KNS,11,,ห้องเย็น KNS,13.575950299999999,100.22215229999999,ChIJg5n63BC_4jARO4aKL6nsUsY,62 6 หมู่ 5 ตำบล บ้านเกาะ อำเภอเมืองสมุทรสาคร สมุทรสาคร 74000,places,high,,,D171,2,"same coords, same place_id"
PACS (แปซิฟิค สระบุรี) Nestle ระยอง,11,,แปซิฟิค สระบุรี PACS Nestle ระยอง,12.9562682,101.1132657,ChIJXwuN82DCAjERjVf7OKWFs2k,7/279 Mabyangporn ตำบล มาบยางพร อำเภอปลวกแดง ระยอง 21140,places,low,,,D024,2,"same coords, same place_id"
เมกกะ บางนา (MB),11,เมกกะ บางนา,,,,,,,,,,,,
ซีคอนสแควร์ (SS),11,,SS ซีคอนสแควร์,13.694205000000002,100.64877880000002,ChIJ34KO_dNfHTERDPb7GoTQw-w,55 ถ. ศรีนครินทร์ แขวงหนองบอน เขตประเวศ กรุงเทพมหานคร 10250,places,high,,,D044,2,"same coords, same place_id"
CPF (mahachai),11,,mahachai CPF,13.5116547,100.1578188,ChIJTWQDo1rP4jAR5fUv-eAILCw,G565+M48 ตำบล บางโทรัด อำเภอเมืองสมุทรสาคร สมุทรสาคร 74000,places,low,,,D157,3,"same coords, same place_id"
Eastern Sea,10,,Eastern Sea,13.528758499999999,100.24810839999999,ChIJMave84vH4jARzK6PYS3ku2k,"70/34-35, ตำบล ท่าจีน อำเภอเมืองสมุทรสาคร สมุทรสาคร 74000",places,high,,,D183,2,"same coords, same place_id"
ปราจีนบุรี,10,,ปราจีนบุรี,14.096558799999999,101.61577729999999,ChIJL1W4VklfHDEREEkMRTeSAQE,ปราจีนบุรี,places,high,,,,,
ทริปเปิ้ลพี,10,,ทริปเปิ้ลพี,13.6896869,100.5300401,ChIJi0ZGT1Wf4jARFr-TVoduN5Q,426​6 ซอย สาธุประดิษฐ์ 34 แขวงบางโพงพาง เขตยานนาวา กรุงเทพมหานคร 10120,places,high,,,,,
แพนสยาม,10,,แพนสยาม,13.605918899999999,100.35417360000001,ChIJM2gzvAC84jARcNP5c4pu0PU,35/421 ม.2 โกลเด้นแฟคทอรี่ ซ.10 ต ตำบล บางน้ำจืด อ.เมือง สมุทรสาคร 74000,places,high,,,D182,2,"same coords, same place_id"
บ.กระทิงแดง (ปราจีนบุรี),10,,ปราจีนบุรี บ.กระทิงแดง,13.8833662,101.159629,ChIJFfHNcQAPHTERMJMkzBlGk28,V5M5+8VR 3481 ตำบล บางแตน อำเภอ บ้านสร้าง ปราจีนบุรี 25150,places,medium,,,,,
GO Wholesale DC มหาชัย,10,GO Wholesale (DC มหาชัย),,,,,,,,,,,,
Thai Max2,10,,Thai Max2,13.646389,100.7133216,ChIJk_U-cfddHTEROPS_i3mv2O0,"65 Amphur, 1 ซอย กิ่งแก้ว 1ค ตำบลราชาเทวะ อำเภอบางพลี สมุทรปราการ 10540",places,high,,,D109,5,"same coords, same place_id"
Food Calssic,10,,Food Calssic,18.8241482,99.0104777,ChIJI62dqDEl2jARCJj4FzVyPn0,โครงการมีโชคพลาซ่า เลขที่ 206/25 ตำบล ฟ้าฮ่าม อำเภอเมืองเชียงใหม่ เชียงใหม่ 50000,places,high,,,,,
NextDay/Gourmet เดอะมอลล์ท่าพระ,10,,NextDay/Gourmet เดอะมอลล์ท่าพระ,13.7130919,100.47918709999999,ChIJ05HsXHOZ4jARSLPUnxmrgzU,ชั้น B เดอะมอลล์ท่าพระ เลขที่ 99 ถ. รัชดาภิเษก บุคคโล เขตธนบุรี กรุงเทพมหานคร 10600,places,high,,,,,
NextDay/Gourmet สยามพารากอน,10,,NextDay/Gourmet สยามพารากอน,13.746798799999999,100.5350636,ChIJC4FIwzyf4jARVFVyngdLgxc,G/F สยามเซ็นเตอร์ 991 ถ. พระรามที่ 1 แขวงปทุมวัน เขตปทุมวัน กรุงเทพมหานคร 10330,places,medium,,,,,
Guss Damn Good,10,,Guss Damn Good,13.805962899999999,100.44907889999999,ChIJc7wtjKab4jARiDd9mDcEa5I,"G Floor Indoor Zone),หน้า Top Zood Hall 999 ถ. ราชพฤกษ์ ตำบล มหาสวัสดิ์ อำเภอบางกรวย นนทบุรี 11130",places,high,,,,,
Food Classic พระราม4 (Pre - cool),10,,Pre - cool Food Classic พระราม4,13.7072051,100.5843242,ChIJ-XMtaW6f4jAR8o-k1dOJSAY,742 ซอยกล้วยน้ำไท แขวงคลองเตย เขตคลองเตย กรุงเทพมหานคร 10110,places,medium,,,,,
PCS (ห้องเย็นแปซิฟิค) (ขึ้นสินค้า),10,PCS (ห้องเย็นแปซิฟิค),,,,,,,,,,,,
ซูซูกิอเวนิว,10,,ซูซูกิอเวนิว,13.828095999999999,100.56724899999999,ChIJbST5Gfmc4jAR1sn-sDiQQzw,"L1 , Suzuki Avenue Ratchayothin , 234/1- 3 Ratchadaphisek Road , Lad Yao , Chatuchak , 10900 Bangkok, แขวงลาดยาว เขตจตุจักร กรุงเทพมหานคร 10900",places,high,,,,,
PACS/PACR,10,,PACS/PACR,14.024784799999999,100.61520660000001,ChIJA5PNWACB4jARGUiEaA80nus,2JF8+X38 ถ. พหลโยธิน ตำบล คลองหนึ่ง อำเภอคลองหลวง ปทุมธานี 12120,places,high,,,D008,3,"same coords, same place_id"
ศูนย์บางพลี,10,,ศูนย์บางพลี,13.6044351,100.7074162,ChIJUQ-XRjxfHTERguBrmINDpjU,"เลขที่ 89, ตำบล บางพลีใหญ่ อำเภอบางพลี สมุทรปราการ 10540",places,medium,,,,,
ฟู้ดเทค,10,,ฟู้ดเทค,13.947630000000002,100.7693005,ChIJH8xRgSZ6HTERBYY7yrAo22A,"12, 11หมู่ 5 ถ. ลำลูกกา ตำบล ลำลูกกา อำเภอลำลูกกา ปทุมธานี 12150",places,high,,,,,
PHUNG TAEK,10,,PHUNG TAEK,13.662112299999999,100.60105530000001,ChIJ4aVuS2Sh4jARolysfYq18QQ,27/1016 ถ. สุขุมวิท แขวงบางนาใต้ เขตบางนา กรุงเทพมหานคร 10260,places,high,,,,,
เอเอฟบี อินเตอร์เนชั่นแนล บางปู,10,,เอเอฟบี อินเตอร์เนชั่นแนล บางปู,13.5100787,100.6813729,ChIJKwmeO3JZHTERPsxC4Yfy3bI,595 37-38 ซอย เทศบาลบางปู 112 ตำบล บางปูใหม่ อำเภอเมืองสมุทรปราการ สมุทรปราการ 10280,places,high,,,,,
GREATAINER,10,,GREATAINER,13.6661076,100.6398212,ChIJdz_ZN1lnHTERD_WJdBlCeuQ,1672 ถ. เทพรัตน แขวงบางนาใต้ เขตบางนา กรุงเทพมหานคร 10260,places,low,,,D172,2,"same coords, same place_id"
OM DEPOT,10,OM DEPORT,,,,,,,,,,,,
ดอนตูม นครปฐม,9,,ดอนตูม นครปฐม,13.9477826,100.0919243,ChIJqQ5YZgDx4jAReMp2uGFNSlg,W3XR+4Q7 ตำบล ห้วยพระ อำเภอดอนตูม นครปฐม 73150,places,high,,,,,
จอมธนา ปทุมธานี,9,,จอมธนา ปทุมธานี,14.0401516,100.47041700000001,ChIJ1UwQ41GH4jARnqLGwgGaLIE,Unnamed Road ตำบล คูบางหลวง อำเภอลาดหลุมแก้ว ปทุมธานี 12140,places,high,,,D184,2,"same coords, same place_id"
Megumi บางแค,9,,Megumi บางแค,13.6902615,100.4053526,ChIJFVwLz3y94jAR5WcpGpb9XC8,27/8 005/1 ซอยกาญจนาภิเษก แขวงหลักสอง บางแค กรุงเทพมหานคร 10160,places,medium,,,D193,2,"same coords, same place_id"
Central นครศรี,9,,Central นครศรี,8.382344,99.9695955,ChIJwR5SEpUBUzARXp2K0ClPc7M,"Nasan 8,9/8 เทศบาลนครนครศรีธรรมราช อำเภอ พระพรหม นครศรีธรรมราช 80000",places,high,,,,,
Central ขอนแก่น,9,,Central ขอนแก่น,16.4331744,102.8261746,ChIJJcuWfxeKIjERYEeKaW6WqIk,99 99/1 ถ.ศรีจันทร์ ตำบลในเมือง อำเภอเมืองขอนแก่น ขอนแก่น 40000,places,high,,,,,
SYNOVA เจริญกรุง,9,,SYNOVA เจริญกรุง,13.695348599999999,100.50279379999999,ChIJae73EpuY4jARhRg3Pgljydk,431 ซอยประดู่ 1 ซอย เจริญกรุง 107 แขวงบางคอแหลม เขตบางคอแหลม กรุงเทพมหานคร 10120,places,high,,,D197,2,"same coords, same place_id"
บริษัท ไทยฟู้ดส์กรุ๊ป จำกัด (มหาชน),9,,มหาชน บริษัท ไทยฟู้ดส์กรุ๊ป จำกัด,14.0158471,101.8607925,ChIJCQ1rqhqIHDERPHim_GdBENk,"248 หมู่ 1, ตำบลบ้านนา อำเภอกบินทร์บุรี จังหวัดปราจีนบุรี, 25110 Thia Foods ตำบล บ้านนา อำเภอกบินทร์บุรี ปราจีนบุรี 27000",places,high,,,,,
Bangkok Interfood (Aomnoi),9,,Aomnoi Bangkok Interfood,13.697388799999999,100.24614369999999,ChIJgSPMGh3A4jAR-M9cb7xMDR4,"12, ตำบล บ้านใหม่ อำเภอสามพราน นครปฐม 73110",places,low,,,D136,3,"same coords, same place_id"
Food Classic พระราม4,9,,Food Classic พระราม4,13.7168656,100.57055349999999,ChIJ7eqL0KCf4jARmijRddTpxw0,"3388/22 อาคารสิรินรัตน์ ชั้น 7, ถ. พระรามที่ 4 แขวงคลองตัน เขตคลองเตย กรุงเทพมหานคร 10110",places,high,,,D188,2,"same coords, same place_id"
Seaborn,9,,Seaborn,13.5561378,100.26189640000001,ChIJX2NuWMq54jARDas_n9eFQAU,55/83 หมู่.6 ตำบล ท่าทราย อำเภอเมืองสมุทรสาคร สมุทรสาคร 74000,places,high,,,,,
LCB (รับแหลม คืนแหลม),9,,รับแหลม คืนแหลม LCB,13.0522229,100.9801267,ChIJTQtNJgC5AjERk49-KBGOLgM,"168, 67 หมู่ 4 บึง อำเภอศรีราชา ชลบุรี 20230",places,medium,,,,,
เทราฟู้ด ปทุมธานี,9,เทรา ฟู้ด ปทุมธานี,,,,,,,,,,,,
NextDay/Tempura Yamaya - Design Village Bangna,9,,NextDay/Tempura Yamaya - Design Village Bangna,13.6460096,100.6915755,ChIJB4PD8e5fHTERmVYSjY9QTyA,15 2 ทางคู่ขนาน ถนนบางนา-ตราด ตำบล บางพลีใหญ่ อำเภอบางพลี สมุทรปราการ 10540,places,high,,,,,
ตรังซีฟู้ด,9,,ตรังซีฟู้ด,7.540296699999999,99.59337239999999,ChIJn9pVtRKNTTARHx6Kz1ZLVlQ,ตำบล ทับเที่ยง อำเภอเมืองตรัง ตรัง 92000,places,medium,,,,,
สายปากน้ำ,9,,สายปากน้ำ,13.5949349,100.5966983,ChIJp1tnrMqg4jARIT6mHrLuMjc,HHVW+XMG ตำบลปากน้ำ อำเภอเมืองสมุทรปราการ สมุทรปราการ 10270,places,high,,,,,
W food solution,9,,W food solution,13.646260499999999,100.64872199999999,ChIJhZFbuhJfHTER_C1WcC9q7o8,999 หมู่ที่ 16 ตำบล บางแก้ว อำเภอบางพลี สมุทรปราการ 10540,places,high,,,,,
HATARI,9,Hatari,,,,,,,,,,,,
วรางคณา (นครปฐม),9,,นครปฐม วรางคณา,13.821782599999999,100.08112109999999,ChIJQ_Dl-1_v4jARpIC1zNHkE7U,R3CJ+PC9 ตำบลพระปฐมเจดีย์ อำเภอเมืองนครปฐม นครปฐม 73000,places,medium,,,,,
Gen Y,9,,Gen Y,18.279445499999998,99.4802038,ChIJyVJSRPVr2TARHXxZ5EG1Se0,399/25 ตำบล สบตุ๋ย อำเภอเมืองลำปาง ลำปาง 52100,places,high,,,,,
NextDay/Gourmet EmQuartier,9,,NextDay/Gourmet EmQuartier,13.731439799999999,100.56973119999999,ChIJWV6lRwCf4jARLMlxKqIaqrY,695 ถ. สุขุมวิท แขวงคลองตันเหนือ เขตวัฒนา กรุงเทพมหานคร 10110,places,high,,,,,
โกลโบ ฟู้ดส์,9,,โกลโบ ฟู้ดส์,14.806060899999997,100.0307929,ChIJVaCG_zAm4jARXusGRPVCLrc,"19 2, หมู่, ตำบล กระเสียว อำเภอสามชุก สุพรรณบุรี 72130",places,high,,,,,
บิ้กซีลาดพร้าว,9,,บิ้กซีลาดพร้าว,13.784547000000002,100.6122481,ChIJSWwruvud4jARH28bkKFYUSA,แขวงคลองเจ้าคุณสิงห์ เขตวังทองหลาง กรุงเทพมหานคร 10310 ประเทศไทย,places,high,,,,,
Food Passion นวนคร,9,,Food Passion นวนคร,13.8670721,100.5486526,ChIJZ3_9NbSc4jARZecJUBP3FCw,333 ถ. ประชาชื่น แขวงทุ่งสองห้อง เขตหลักสี่ กรุงเทพมหานคร 10210,places,high,,,D116,2,"same coords, same place_id"
กระทิงแดง ปราจีนบุรี,9,บ.กระทิงแดง (ปราจีนบุรี),,,,,,,,,,,,
CPRAM ลำพูน,9,,CPRAM ลำพูน,18.5106601,99.00258629999999,ChIJJ6rnbPDN2zARUx1L9Iy5CMY,177 หมู่11 ตำบล ป่าสัก อำเภอเมืองลำพูน ลำพูน 51000,places,high,,,,,
ไทซันฟูดส์ ราชบุรี,9,,ไทซันฟูดส์ ราชบุรี,13.8077028,99.6561038,ChIJnWCF1LcW4zAR_WP67DQ0qns,ตำบล เขาขลุง อำเภอบ้านโป่ง ราชบุรี 70110,places,high,,,,,
CTD ห้องเย็นวังน้อย,9,,CTD ห้องเย็นวังน้อย,14.247027899999999,100.74735199999999,ChIJfwb9i2WPHTERm6gcXvnx2aM,6PWW+RW9 ถ. พหลโยธิน ตำบล ชะแมบ อำเภอวังน้อย จังหวัดพระนครศรีอยุธยา 13170,places,high,,,D181,3,"same coords, same place_id"
บางกอกอินเตอร์ฟู้ด อ้อมน้อย (BIF),9,,BIF บางกอกอินเตอร์ฟู้ด อ้อมน้อย,13.697388799999999,100.24614369999999,ChIJgSPMGh3A4jAR-M9cb7xMDR4,"12, ตำบล บ้านใหม่ อำเภอสามพราน นครปฐม 73110",places,medium,,,D136,3,"same coords, same place_id"
อิน - ซีซั่นฟู้ดส์ บ่อวิน,9,,อิน - ซีซั่นฟู้ดส์ บ่อวิน,13.0606794,101.09092249999999,ChIJs1V71DnEAjERaNY1PbE4CoQ,365 หมู่ที่ 6 ซอย 4 นิคมอุตสาหกรรมบ่อวิน ตำบล บ่อวิน อำเภอศรีราชา ชลบุรี 20230,places,high,,,,,
Siam Bioscience บางใหญ่,9,,Siam Bioscience บางใหญ่,13.843929,100.3378899,ChIJ3z1-BTCS4jARe8df06zuKw8,99 บ้านใหม่ อำเภอบางใหญ่ นนทบุรี 11140,places,high,,,D043,3,"same coords, same place_id"
Kongphop,9,,Kongphop,13.5742123,100.30536149999999,ChIJo6F3RR254jARjJsgOO8oliQ,ถ. เอกชัย ตำบล นาดี อำเภอเมืองสมุทรสาคร สมุทรสาคร 74000,places,high,,,,,
Tepkinsho,9,,Tepkinsho,13.575646299999999,100.3076578,ChIJPbcOSXC44jARuBbvHMX8MLg,76/1-2 หมู่ที่ 3 ถ. เอกชัย ตำบล นาดี อำเภอเมืองสมุทรสาคร สมุทรสาคร 74000,places,high,,,D068,2,"same coords, same place_id"
สีลมคอมเพล็กซ์ (SCP),9,สีลม คอมเพล็กซ์ (SCP),,,,,,,,,,,,
โลตัส บางบ่อ (LBB),9,,LBB โลตัส บางบ่อ,13.581510399999999,100.8355315,ChIJN4AadINEHTERLB0fhjMqDtw,328 ถนน รัตนราช ตำบล บางบ่อ อำเภอบางบ่อ สมุทรปราการ 10560,places,high,,,D042,2,"same coords, same place_id"
แฟชั่น ไอซ์แลนด์ (FI),9,แฟชั่น ไอซ์แลนด์,,,,,,,,,,,,
โกเบ - ย่า โชกุฮิน (มหาชัย),8,,มหาชัย โกเบ - ย่า โชกุฮิน,13.6756105,100.5445333,ChIJq1nTLm-h4jARkoOs3BR1F1s,959 ถ. พระรามที่ 3 แขวงบางโพงพาง เขตยานนาวา กรุงเทพมหานคร 10120,places,medium,,,D192,2,"same coords, same place_id"
บริษัท สก๊อตอินดัสเตรียล นนทบุรี,8,,บริษัท สก๊อตอินดัสเตรียล นนทบุรี,13.9773438,100.3899948,ChIJ83bB09SO4jAR3aP8DP7rkuY,52/8 หมู่ที่ 8 ถนน บางบัวทอง - สุพรรณบุรี ตำบล ละหาร อำเภอบางบัวทอง นนทบุรี 11110,places,high,,,D176,2,"same coords, same place_id"
กอล์ฟมหาชัยซีฟู้ด,8,,กอล์ฟมหาชัยซีฟู้ด,13.523290999999999,100.285663,ChIJKdu2bsW54jAR4cEltCkUyfc,G7FP+G9 ตำบล บางหญ้าแพรก อำเภอเมืองสมุทรสาคร สมุทรสาคร 74000,places,high,,,D167,3,"same coords, same place_id"
NextDay | PCS - อาคารสินธร,8,,NextDay | PCS - อาคารสินธร,13.736015199999999,100.5451192,ChIJKXShwtie4jARrP_e-Evflbs,130-132 ถ. วิทยุ แขวงลุมพินี เขตปทุมวัน กรุงเทพมหานคร 10330,places,high,,,D105,3,"same coords, same place_id"
บจก. ไทสัน โพลทรี่ (ไทยแลนด์),8,,ไทยแลนด์ บจก. ไทสัน โพลทรี่,13.9632939,100.73785079999999,ChIJ93qMKLx5HTERPwCa2WCQ8GM,XP7Q+849 ตำบล บึงคำพร้อย อำเภอลำลูกกา ปทุมธานี 12150,places,high,,,,,
ดราย ไอซ์ ซัพพลาย แอนด์ เซอร์วิส,8,,ดราย ไอซ์ ซัพพลาย แอนด์ เซอร์วิส,13.905640799999999,100.5111998,ChIJ4QsFSACF4jARwsNwCBSORAw,53 896 ตำบลบางตลาด อำเภอปากเกร็ด นนทบุรี 11120,places,high,,,,,
BCS bangna Km.18,8,,BCS bangna Km.18,13.6075913,100.76021449999999,ChIJywbygYtcHTERVKJHMx5UDRg,"777, ซอย รัตนราช ตำบลบางโฉลง อำเภอบางพลี สมุทรปราการ 10540",places,medium,,,D115,3,"same coords, same place_id"
บริษัท พี.เอส.ซี. สตาร์ช โปรดักส์ จำกัด,8,,บริษัท พี.เอส.ซี. สตาร์ช โปรดักส์ จำกัด,13.1387529,101.3662643,ChIJp4ac-a0pAzERB46E4ZyOUyc,"โรงงาน999 หมู่5ต.หนองใหญ่ อ.หนองใหญ่ ชลบุรี, 20190 เทศบาลตำบลหนองใหญ่ อำเภอหนองใหญ่ ชลบุรี 20190",places,high,,,D199,2,"same coords, same place_id"
B.C Deport,8,,B.C Deport,13.7146452,100.5684038,ChIJAzL65JOf4jARjapmFVntstY,"135 Ardnarong Rd, แขวงคลองเตย เขตคลองเตย กรุงเทพมหานคร 10110",places,high,,,,,
LINFOX BANGNA KM.19,8,,LINFOX BANGNA KM.19,13.608979,100.7762795,ChIJKVgLQZVcHTERJwEggu-sLko,ตำบลบางโฉลง อำเภอบางพลี สมุทรปราการ 10540,places,medium,,,D111,4,"same coords, same place_id"
ซีพีพิษณุโลก,8,,ซีพีพิษณุโลก,16.810208499999998,100.2619625,ChIJNWwahdeX3zAR-VesPLpmeW4,55 39-41 ถนน ศรีธรรมไตรปิฏก ตำบล ในเมือง อำเภอเมืองพิษณุโลก พิษณุโลก 65000,places,high,,,D185,2,"same coords, same place_id"
NextDay/Gourmet MRT ลาดพร้าว,8,,NextDay/Gourmet MRT ลาดพร้าว,13.8060625,100.57431249999999,ChIJiYj4mNid4jAR3vd7ZBVeb7Q,RH4F+CP5 ถ. ลาดพร้าว แขวงจอมพล เขตจตุจักร กรุงเทพมหานคร 10900,places,medium,,,,,
NSL Food ชลบุรี อมตะนคร เฟส 8,8,,NSL Food ชลบุรี อมตะนคร เฟส 8,13.437365999999999,101.0758389,ChIJQfhqiNUwHTER-FMfjEM6s6g,"700, 836 ตำบล หนองตำลึง อำเภอพานทอง ชลบุรี 20160",places,low,,,D195,2,"same coords, same place_id"
ท่าเรือ คลองเตย,8,,ท่าเรือ คลองเตย,13.703734899999999,100.5754479,ChIJvaaR5J2f4jARbbXF-zeHptY,ท่าเรือกรุงเทพ แขวงคลองเตย เขตคลองเตย กรุงเทพมหานคร 10110,places,medium,,,D152,2,"same coords, same place_id"
บริษัท คาร์กิลล์มีทส์,8,,บริษัท คาร์กิลล์มีทส์,14.6701643,100.84159079999999,ChIJT8pfko3kHTERtLzPcndYQys,23 1 ตำบล เขาวง อำเภอพระพุทธบาท สระบุรี 18120,places,high,,,D091,2,"same coords, same place_id"
HHT (ฮาร์มเลส ฮาร์เวสท์) (พาเลท),8,,ฮาร์มเลส ฮาร์เวสท์ HHT (พาเลท),13.5817041,100.2012438,ChIJ7R4DMBzH4jARTPbALjtXHBA,H6J2+MFQ ตำบล บ้านเกาะ อำเภอเมืองสมุทรสาคร สมุทรสาคร 74000,places,high,,,D013,2,"same coords, same place_id"
NextDay/Tempura Yamaya (Rangsit - Future Park),8,,Rangsit - Future Park NextDay/Tempura Yamaya,13.988770299999999,100.61800679999999,ChIJKdqTTACB4jARkt77pQxGJDs,ชั้น2 โซน Zpell XJQ9+G2P ตำบล ประชาธิปัตย์ อำเภอธัญบุรี ปทุมธานี 12130,places,high,,,,,
"Thai Excel Foods Co., Ltd.",8,,"Thai Excel Foods Co., Ltd.",13.669695599999999,100.71103199999999,ChIJC5wmbKFeHTER598-txJj3zQ,MP96+RF7 92 ซอย กิ่งแก้ว 21 ตำบล บางพลีใหญ่ อำเภอบางพลี สมุทรปราการ 10540,places,high,,,D160,3,"same coords, same place_id"
โซนสมุทรสาคร,8,,โซนสมุทรสาคร,13.5541966,100.2223291,ChIJ3_tKrrjH4jARy-46Z01GQU4,37 ท่าทราย 49 ตำบล ท่าทราย อำเภอเมืองสมุทรสาคร สมุทรสาคร 74000,places,medium,,,,,
Rhenus Warehouse กม.19,8,,Rhenus Warehouse กม.19,13.5802503,100.7711975,ChIJy9imOABbHTER5Hgyoc0kfZ4,601 ตำบลบางเสาธง อำเภอบางเสาธง สมุทรปราการ 10540,places,high,,,D140,2,"same coords, same place_id"
Central Chiangmai - MAYA,8,,Central Chiangmai - MAYA,18.801892799999997,98.96756119999999,ChIJC1o2yWE62jARfjKPh-dUjiQ,55/5 ถ. ห้วยแก้ว ตำบลช้างเผือก อำเภอเมืองเชียงใหม่ เชียงใหม่ 50300,places,high,,,D118,4,"same coords, same place_id"
TGM,8,,TGM,12.954826899999999,100.8901415,ChIJxc6VoNi9AjERLzp9PAwN_4Y,157 60 ถนน ถ. พัทยา - นาเกลือ เมืองพัทยา อำเภอบางละมุง ชลบุรี 20150,places,low,,,,,
Simiran Food Products,8,,Simiran Food Products,13.952532999999999,100.5907213,ChIJXw6thpeD4jARH-7mGqQHRec,100 บริษัท ซิมิรัน ฟู้ด โปรดักส์ จำกัด 18 หมู่ 1 ถนน ร.พ.ช. ตำบล หลักหก อำเภอเมืองปทุมธานี ปทุมธานี 12000,places,high,,,,,
Asian Sea,8,,Asian Sea,13.541341,100.23684709999999,ChIJ29Se2NTH4jARlFrBWNcTDvA,"55, 2 ถ. พระรามที่ 2 ตำบล ท่าจีน Muang, สมุทรสาคร 74000",places,high,,,D191,3,"same coords, same place_id"
Health Food สระบุรี,8,,Health Food สระบุรี,14.7464214,101.06012410000001,ChIJh2GpmoHfHTERV2Fto-NSmbY,P3W6+H2 ตำบล แสลงพัน อำเภอ วังม่วง สระบุรี 18220,places,medium,,,D153,2,"same coords, same place_id"
ห้องเย็นรักชัย (ห้องเย็นแปซิฟิค),8,,ห้องเย็นรักชัย,13.563419,100.2924805,ChIJ3eX_P1i44jARAGJWzf6IN8g,57/6 หมู่ 4 ถนนเอกชัย โคกขาม เมือง สมุทรสาคร 74000,places,high,,was wrongly geocoded to PCS Samut Sakhon; re-geocoded,D014,4,"same coords, same place_id"
SPF Diana (สมุทรสาคร),8,,สมุทรสาคร SPF Diana,13.538616200000002,100.2018679,ChIJXxiVoTnG4jARoKfWBLcXvSo,"68/5 Moo.8 Bangkrachao, Bangkrachao, อำเภอเมืองสมุทรสาคร สมุทรสาคร 74000",places,high,,,D037,4,"same coords, same place_id"
จาโกต้า บางเสาธง,8,,จาโกต้า บางเสาธง,13.572916,100.76958529999999,ChIJF79eGz1bHTER1yNTi9ZZj2U,999/54-56 Bangkok Free Trade Zone GZ ตำบลบางเสาธง อำเภอบางเสาธง สมุทรปราการ 10540,places,high,,,D096,2,"same coords, same place_id"
IDI รับเครื่อง,8,,IDI รับเครื่อง,13.607453699999999,100.30354489999999,ChIJN2BECLW54jARdmjG3Vr6uyc,"13/24, ตำบล นาดี อำเภอเมืองสมุทรสาคร สมุทรสาคร 74000",places,low,,,,,
กทม.,8,,กทม.,13.7563309,100.5017651,ChIJ82ENKDJgHTERIEjiXbIAAQE,กรุงเทพมหานคร,places,low,,,D189,2,"same coords, same place_id"
NextDay/โชคสมุทร - จริงใจหมูกระทะ,8,,NextDay/โชคสมุทร - จริงใจหมูกระทะ,13.816372999999999,100.59151829999999,ChIJaceQfNKd4jARvuAVoNZSEbY,556 1 ซอย ลาดพร้าววังหิน 44 แขวงลาดพร้าว ลาดพร้าว กรุงเทพมหานคร 10230,places,high,,,D092,3,"same coords, same place_id"
TUFโรงกุ้ง/OKSโอคินอส,8,,TUFโรงกุ้ง/OKSโอคินอส,13.570111299999999,100.2989623,ChIJz79Nevu44jARealzzY_bheY,"85, 85/2, 30/2, 42/1 ตำบล นาดี อำเภอเมืองสมุทรสาคร สมุทรสาคร 74000",places,high,,,D019,6,"same coords, same place_id"
TUF (สมุทรสาคร),8,,สมุทรสาคร TUF,13.5688475,100.2711988,ChIJp9iY-IW44jARlizFR1XdQbk,H79C+GFP ตำบล ท่าทราย อำเภอเมืองสมุทรสาคร สมุทรสาคร 74000,places,medium,,,D006,2,"same coords, same place_id"
ศูนย์ชลบุรี,8,,ศูนย์ชลบุรี,13.3520056,100.9776705,ChIJuR0Cx39KHTER1m-5OBxmkmU,162 หมู่ 2 ถนน บ้านสวน-สุขุมวิท 13 ตำบล บ้านสวน อำเภอเมืองชลบุรี ชลบุรี 20000,places,medium,,,,,
บริษัท มารุเอสุ แฟคโทรี่ (ประเทศไทย) จำกัด,8,,ประเทศไทย บริษัท มารุเอสุ แฟคโทรี่ จำกัด,13.5634699,100.99147239999999,ChIJQWleYBU5HTER79EbAFSZFrA,1 12 ตำบลท่าสะอ้าน อำเภอบางปะกง ฉะเชิงเทรา 24130,places,high,,,,,
เซ็นทรัล พระราม3,8,เซ็นทรัลพระราม3,,,,,,,,,,,,
ปั๊ม PT มหาชัย,8,ปั้ม PT มหาชัย,,,,,,,,,,,,
สยามสแควร์วัน,8,,สยามสแควร์วัน,13.744750499999999,100.5338589,ChIJLdw3yiyZ4jARaNnG-XlHZfA,388 ถ. พระรามที่ 1 แขวงปทุมวัน เขตปทุมวัน กรุงเทพมหานคร 10330,places,high,,,D196,3,"same coords, same place_id"
Food Coatings สมุทรปราการ,8,,Food Coatings สมุทรปราการ,13.5916409,100.8025614,ChIJq3W2VVNDHTER3NJQiHSmpoM,2/9 ม.3 ตำบลบางเสาธง อำเภอบางเสาธง สมุทรปราการ 10540,places,high,,,,,
เคียวคุโย,8,,เคียวคุโย,13.4525946,101.0504758,ChIJR6GEVDw3HTERrrQXJcdvQHc,700/612 ตำบล บ้านเก่า อำเภอพานทอง ชลบุรี 20160,places,high,,,,,
ทวีวงศ์,8,,ทวีวงศ์,13.550682900000002,100.2872962,ChIJ7724Opi54jARY3VqgN9Zl0c,261 ถ. เดิมบาง ตำบลมหาชัย อำเภอเมืองสมุทรสาคร สมุทรสาคร 74000,places,high,,,,,
KNS สมุทรสาคร,7,,KNS สมุทรสาคร,13.680565999999999,100.4317308,ChIJ64ppfwC94jARAduttvlq8Ic,16/349 ถ. เอกชัย แขวงคลองบางพราน เขตบางบอน กรุงเทพมหานคร 10150,places,low,,,,,
ซีเทค บางปู,7,,ซีเทค บางปู,13.5348863,100.6464309,ChIJDQtFO0NYHTERz91gSqBR8Ic,นิคมอุตสาหกรรมบางปู 568 หมู่2 ซอย 1C/1 ตำบล บางปูใหม่ อำเภอเมืองสมุทรปราการ สมุทรปราการ 10280,places,high,,,D210,2,"same coords, same place_id"
El Gaucho,7,,El Gaucho,13.7378567,100.5598421,ChIJawNSmOOe4jARQHZhlWwGK_o,8 ซอย วัฒนา แขวงคลองเตยเหนือ เขตวัฒนา กรุงเทพมหานคร 10110,places,high,,,,,
ABS ลพบุรี,7,,ABS ลพบุรี,14.78392,100.68410469999999,ChIJe5DxYQABHjER2GwLSPqtukQ,QMMM+HJ9 ท่าศาลา ตำบล ท่าศาลา อำเภอเมืองลพบุรี ลพบุรี 15000,places,medium,,,,,
ซิมเพิ้ล ฟู้ดส์ ปทุมธานี,7,,ซิมเพิ้ล ฟู้ดส์ ปทุมธานี,14.1336582,100.60299429999999,ChIJHdCG1FB_4jAR3Fudg4DPqNo,บริษัท ซิมเพิ้ล ฟู้ดส์ จำกัด 88 หมู่ที่ 20 ถนนนวนคร 14/1 คลองหนึ่ง อำเภอคลองหลวง ปทุมธานี 12120,places,high,,,D205,2,"same coords, same place_id"
T.C. Phamaceutical ปราจีน (รับพาเลทกลับ),7,,รับพาเลทกลับ T.C. Phamaceutical ปราจีน,13.8803889,101.1816296,ChIJKSrIAXMFHTERyAlGeKjbtu8,V5JJ+5M2 Unnamed Road ตำบล บางแตน อำเภอ บ้านสร้าง ปราจีนบุรี 25150,places,medium,,,D124,2,"same coords, same place_id"
เจพีเค Genzone,7,,เจพีเค Genzone,13.5636453,100.75716249999999,ChIJi8zc2ApbHTERRvfQLXZp0MA,"88, 89 ตำบล บางปลา อำเภอบางพลี สมุทรปราการ 10540",places,low,,,D002,3,"same coords, same place_id"
เคซีจี คอร์ปอเรชั่น เทพารักษ์,7,,เคซีจี คอร์ปอเรชั่น เทพารักษ์,13.599526599999999,100.7158548,ChIJzcsa6fdbHTERcIlnHO1hxZQ,228 หมู่ 11 ถ. เทพารักษ์ ตำบล บางพลีใหญ่ อำเภอบางพลี สมุทรปราการ 10540,places,high,,,,,
ชุมชนเภสัช ซอยคู้บอน รามอินทรา,7,,ชุมชนเภสัช ซอยคู้บอน รามอินทรา,13.8439821,100.66172999999999,ChIJD9Z5Ld5iHTER8wV4aTtZKuk,96 ซอย คู้บอน 11 แขวงรามอินทรา เขตคันนายาว กรุงเทพมหานคร 10230,places,high,,,,,
คอนโด M สีลม,7,,คอนโด M สีลม,13.727142100000002,100.52721299999999,ChIJQeZdDNOY4jARfamMtuopaeE,26 ถนน นราธิวาสราชนครินทร์ แขวงสุริยวงศ์ เขตบางรัก กรุงเทพมหานคร 10500,places,high,,,,,
สแน็คกี้,7,,สแน็คกี้,14.118852899999998,100.6016698,ChIJH5WaPmp_4jARJdDMnOJTS-U,"〒12120 Pathum Thani, Khlong Luang District, Klong Luang 101/1 Nava Nakorn Industrial Estate, Moo20 Phaholyothin Road, Klong1",places,high,,,D180,3,"same coords, same place_id"
CP ชลบุรี,7,,CP ชลบุรี,12.9803046,100.98805089999999,ChIJxYIXinvAAjERUOVc_cYWe2s,XXJQ+46F ตำบล หนองปลาไหล อำเภอบางละมุง ชลบุรี 20150,places,high,,,D200,2,"same coords, same place_id"
ซันโทรี่ เป๊ปซีโค เบเวอเรจ โรงงานสระบุรี,7,,ซันโทรี่ เป๊ปซีโค เบเวอเรจ โรงงานสระบุรี,12.9699067,101.11541609999999,ChIJQUP01djDAjERmUQr-CIAXas,7 นิคมอุตสาหกรรมอมตะซิตี้ 229 ซอย พรประภา ตำบล มาบยางพร อำเภอปลวกแดง ระยอง 21140,places,medium,,,,,
NextDay/Gourmet เดอะมอลล์บางแค,7,,NextDay/Gourmet เดอะมอลล์บางแค,13.713068999999999,100.4080539,ChIJ4Xs38saX4jAReLMc1bE-Odc,518 ถ. เพชรเกษม แขวงบางแคเหนือ บางแค กรุงเทพมหานคร 10160,places,medium,,,D149,2,"same coords, same place_id"
โออิชิ นวนคร,7,,โออิชิ นวนคร,14.1072822,100.593352,ChIJJRebQAx_4jARNrO88dXw4PI,"60, 68 ซอยคลองหลวง 17 ตำบล คลองหนึ่ง อำเภอคลองหลวง ปทุมธานี 12120",places,high,,,D198,2,"same coords, same place_id"
ควินท์ แอสเสท คอร์ปอเรชั่น,7,,ควินท์ แอสเสท คอร์ปอเรชั่น,13.484611,99.5878766,ChIJIwXoPys34zARnVOzPIJz_GM,"Unnamed Road, ตำบล อ่างหิน อำเภอปากท่อ ราชบุรี 70150",places,high,,,,,
ตาก,7,,ตาก,16.9021534,99.0128926,ChIJUer_g9-E3TARcEuK-sVGAwE,ตาก,places,high,,,,,
อุดรธานี,7,,อุดรธานี,17.4294081,102.989615,ChIJhUO3g153IzEROAErH0LKwjY,อุดรธานี,places,high,,,,,
EBISU SHOTEN,7,,EBISU SHOTEN,13.7146384,100.5916424,ChIJX5K1FJ2f4jARsIdmImdxnZk,1106 ห้องเลขที่110 ชั้น1 Summer Hill ถ. สุขุมวิท แขวงพระโขนง พระโขนง กรุงเทพมหานคร 10110,places,high,,,D135,2,"same coords, same place_id"
บริษัท บ้านบึงเรนเดอร์ริ่ง จำกัด,7,,บริษัท บ้านบึงเรนเดอร์ริ่ง จำกัด,13.350260899999999,101.1581562,ChIJa0yND3kyHTERZSmoocoqlSg,9525+472 ตำบล หนองบอนแดง อำเภอบ้านบึง ชลบุรี 20170,places,high,,,,,
Gen - Y Food บางบอน5,7,,Gen - Y Food บางบอน5,13.6543341,100.3539753,ChIJdQBNejK84jAR8ihVRwEvqAk,"656,658,660,662 ถนนบางบอน 5 แขวงบางบอน เขตบางบอน กรุงเทพมหานคร 10150",places,high,,,D194,2,"same coords, same place_id"
Centralเชียงใหม่ - MAYA,7,,Centralเชียงใหม่ - MAYA,18.801892799999997,98.96756119999999,ChIJC1o2yWE62jARfjKPh-dUjiQ,55/5 ถ. ห้วยแก้ว ตำบลช้างเผือก อำเภอเมืองเชียงใหม่ เชียงใหม่ 50300,places,high,,,D118,4,"same coords, same place_id"
รพ.สินแพทย์ ลำลูกกา,7,,รพ.สินแพทย์ ลำลูกกา,13.931786599999999,100.6605704,ChIJZ8nFHqp9HTER48_xAQv-60w,37 29 หมู่ที่ 3 ถ. ลำลูกกา ตำบลคูคต อำเภอลำลูกกา ปทุมธานี 12130,places,high,,,,,
ทริปเปิ้ล พี ฟู้ดส์,7,ทริปเปิล พี ฟู้ดส์,,,,,,,,,,,,
D DEPOT BKK,7,,D DEPOT BKK,13.079688599999999,100.9312423,ChIJQT73CgC5AjERF-wIcDgo1cw,41/35 ม.10 ตำบลทุ่งสุขลา อำเภอศรีราชา ชลบุรี 20230,places,high,,,,,
CDS1,7,,CDS1,13.627571399999999,100.7380247,ChIJhz9hUcNdHTERYWgxKe9BL1E,25 20 หมู่ที่ 6 ทางคู่ขนาน ถนน บางนาตราด - สุวรรณภูมิ ตำบลบางโฉลง อำเภอบางพลี สมุทรปราการ 10540,places,low,,,,,
ทวีวงศ์ (สมุทรสาคร),7,ทวีวงษ์ (สมุทรสาคร),,,,,,,,,,,,
IMPACT เมืองทอง,7,,IMPACT เมืองทอง,13.913959499999999,100.5485058,ChIJrWVnOIWD4jARNl0rCYC2dsY,47 569-576 หมู่ที่ 3 ถนน ถนนป๊อปปูล่า 3 ตำบลบ้านใหม่ อำเภอปากเกร็ด นนทบุรี 11120,places,medium,,,,,
ZONE B (โยกข้ามอาคาร เหมารายวัน),7,,โยกข้ามอาคาร เหมารายวัน ZONE B,13.8310271,100.5247419,ChIJtzLYKFme4jARm6CakHQyrKk,1415 ถ. กรุงเทพ - นนทบุรี แขวงวงศ์สว่าง บางซื่อ กรุงเทพมหานคร 10800,places,low,,,,,
PFP สงขลา,7,,PFP สงขลา,7.1472504,100.64158979999999,ChIJwzarBj6q-DARF6Lq2x8ElQ4,"27/4 หมู่7ถ.เก้าเส้ง-จะนะ, ต.เขารูปช้าง อ.เมือง สงขลา, 90000 ตำบล เขารูปช้าง อำเภอเมืองสงขลา สงขลา 90000",places,high,,,,,
CP เกตุม (Pre - cool),7,,Pre - cool CP เกตุม,13.577772399999999,100.36562839999999,ChIJ3R4QxMO74jARWDGsiEC7t6c,40 พันท้ายนรสิงห์ อำเภอเมืองสมุทรสาคร สมุทรสาคร 74000,places,low,,,D211,2,"same coords, same place_id"
ฟรีซโก้ (ดรายไอซ์),7,,ดรายไอซ์ ฟรีซโก้,13.595858800000002,100.79491300000001,ChIJ37iP3K1cHTERWFwQM7mh2hQ,45/45 ตำบล ศีรษะจรเข้ใหญ่ อำเภอบางเสาธง สมุทรปราการ 10570,places,high,,,,,
ปิติชัยโลจิสติกส์,7,ปิติชัยโลจิสติคส์,,,,,,,,,,,,
LKB 3 EVERGREEN (LCD),7,LKB 3 EVERGREEN (ICD),,,,,,,,,,,,
บริษัท ซัมมิทห้องเย็น จำกัด,7,,บริษัท ซัมมิทห้องเย็น จำกัด,13.9858625,100.7166388,ChIJSbrXp3t5HTERQes_5PK14Bo,29/23 ตำบล บึงคำพร้อย อำเภอลำลูกกา ปทุมธานี 12150,places,high,,,,,
บริษัท โคแพค โซลูชั่น (สมุทรสาคร),7,,สมุทรสาคร บริษัท โคแพค โซลูชั่น,13.577517799999999,100.2599687,ChIJxWlWPQDH4jARs3On9vDTusE,H7H5+3X ตำบล ท่าทราย อำเภอเมืองสมุทรสาคร สมุทรสาคร 74000,places,high,,,D129,2,"same coords, same place_id"
ห้องเย็นรัตนากร,7,,ห้องเย็นรัตนากร,13.5487668,100.2589527,ChIJ71Nzy4nH4jAR4ACDNcw2L_s,Unnamed Road ตำบล ท่าจีน อำเภอเมืองสมุทรสาคร สมุทรสาคร 74000,places,high,,,D125,7,"same coords, same place_id"
COSIAM TRANSPORT,7,,COSIAM TRANSPORT,13.7325611,100.56002769999999,ChIJL_R7hxuf4jAR-jSccCkyow8,PHM6+22C แขวงคลองเตย เขตคลองเตย กรุงเทพมหานคร 10110,places,high,,,,,
ครัวกลาง Maguro,7,,ครัวกลาง Maguro,13.6725327,100.65338930000001,ChIJbZkkz-RfHTERUEOSfTkhvn0,5/2 เฉลิมพระเกียรติรัชกาลที่ 9 ซอย 6 แขวง หนองบอน เขต ประเวศ กรุงเทพมหานคร แขวงหนองบอน เขตประเวศ กรุงเทพมหานคร 10250,places,medium,,,D034,2,"same coords, same place_id"
Central นครสวรรค์,7,,Central นครสวรรค์,15.702726700000001,100.1173233,ChIJU0UKZGxP4DARY82QHxhrVa4,"699, ถ. พหลโยธิน ตำบลปากน้ำโพ อำเภอเมืองนครสวรรค์ นครสวรรค์ 60000",places,high,,,,,
สุรเชษฐ์ (ราชบุรี),7,,ราชบุรี สุรเชษฐ์,13.534829199999999,99.8191458,ChIJjWMICQAp4zAR9Wx4qchTwzA,"65/62 ถนน คฑาธร ต.หน้าเมือง, อำเภอเมืองราชบุรี ราชบุรี 70000",places,low,,,,,
ชบาบางกอก บางกระดี่ 135,6,,ชบาบางกอก บางกระดี่ 135,13.978329899999999,100.5582419,ChIJ67p2yGqB4jAReURAbkO7Ovg,135 ถนนสวนอุตสาหกรรมบางกะดี ตำบล บางกะดี อำเภอเมืองปทุมธานี ปทุมธานี 12000,places,high,,,,,
เซ็ปเป้ คลอง 13,6,เซ็ปเป้ คลอง13,,,,,,,,,,,,
สภากาชาดไทย เสาวภา,6,,สภากาชาดไทย เสาวภา,13.732353699999999,100.53270239999999,ChIJMbJCVyqf4jAR6Trq73lS4-k,1871 ถ. พระรามที่ 4 แขวงปทุมวัน เขตปทุมวัน กรุงเทพมหานคร 10330,places,high,,,,,
บริษัท อินเตอร์เซีย จำกัด,6,อินเตอร์เซีย,,,,,,,,,,,,
สยาม ฟูดส์ แอนด์ เบฟเวอร์เรจ ปี2025,6,,สยาม ฟูดส์ แอนด์ เบฟเวอร์เรจ ปี2025,13.5798905,100.45958499999999,ChIJIfDbgzel4jAR4hi-vs5yGcE,ประชาอุทิศ 90 ตำบล บ้านคลองสวน อำเภอพระสมุทรเจดีย์ สมุทรปราการ 10290,places,high,,,D208,2,"same coords, same place_id"
บ.เอ็นเอส ซีฟูดส์ จำกัด,6,,บ.เอ็นเอส ซีฟูดส์ จำกัด,13.5481304,100.35111599999999,ChIJNVJIH_TH4jARYRbGEHTFWgk,"12, 3 พันท้ายนรสิงห์ อำเภอเมืองสมุทรสาคร สมุทรสาคร 74000",places,high,,,D133,4,"same coords, same place_id"
ฟาร์มเฮ้าส์ โรงงานลาดกระบัง 1,6,ฟาร์มเฮ้าส์ โรงงานลาดกระบัง,,,,,,,,,,,,
นิ่มซีเส็ง สะพานขาว,6,,นิ่มซีเส็ง สะพานขาว,13.7578006,100.515956,ChIJG_SZFkGZ4jARSIl90uWzpfk,"325, 78 ถนน ลูกหลวง แขวงสี่แยกมหานาค เขตดุสิต กรุงเทพมหานคร 10300",places,high,,,D187,2,"same coords, same place_id"
สยาม ฟูดส์ เซอร์วิส,6,,สยาม ฟูดส์ เซอร์วิส,13.713977499999999,100.57644669999999,ChIJI1CClqCf4jAR7ACxr6jVYB4,2439 ถ. ทางรถไฟสายเก่าปากน้ำ แขวงพระโขนง เขตคลองเตย กรุงเทพมหานคร 10110,places,high,,,D209,3,"same coords, same place_id"
CPF สมุทรสาคร,6,,CPF สมุทรสาคร,13.6029924,100.34647059999999,ChIJrfSCt0K54jAR625apvBcWBo,J83W+5HX ซ.หมื่นทรัพบ์ 4 ตำบล บางน้ำจืด อำเภอเมืองสมุทรสาคร สมุทรสาคร 74000,places,high,,,,,
ไทยซันฟู้ดส์ ปี2025,6,,ไทยซันฟู้ดส์ ปี2025,13.7128372,100.65460379999999,ChIJkZTIXFtgHTERDyAKtPwcvS0,แขวงประเวศ เขตประเวศ กรุงเทพมหานคร 10250 ประเทศไทย,places,high,,,D207,3,"same coords, same place_id"
คิงมารีนฟู้ดส์,6,,คิงมารีนฟู้ดส์,13.8648266,100.6323937,ChIJm1fM2z5jHTERmdupSiW00Yo,"24 ซอยสุขาภิบาล 5 แยก 5, ท่าแร้ง, เขตบางเขน กรุงเทพมหานคร 10220",places,high,,,D203,3,"same coords, same place_id"
วันแบงค็อก,6,,วันแบงค็อก,13.7270531,100.54725450000001,ChIJo-KudiSf4jARuHpmM504kW4,ถ. วิทยุ แขวงลุมพินี เขตปทุมวัน กรุงเทพมหานคร 10330,places,high,,,D204,3,"same coords, same place_id"
บริษัท บี ฟู้ดส์ โปรดักส์ อินเตอร์เนชั่นแนล จำกัด,6,,บริษัท บี ฟู้ดส์ โปรดักส์ อินเตอร์เนชั่นแนล จำกัด,13.8682138,100.56061659999999,ChIJS-ZL-syc4jARPNtRKFLFSno,5 ซอย แขวงทุ่งสองห้อง เขตหลักสี่ กรุงเทพมหานคร 10210,places,high,,,,,
Greating Fortune Container Service,6,,Greating Fortune Container Service,13.692972999999999,100.72553459999999,ChIJz1ek90RnHTERixF_NfdFZJo,108 หมู่ 14 ซอย กิ่งแก้ว 33 ตำบลราชาเทวะ อำเภอบางพลี สมุทรปราการ 10540,places,high,,,D046,6,"same coords, same place_id"
สก็อต อินดัสทรี,6,,สก็อต อินดัสทรี,13.9773438,100.3899948,ChIJ83bB09SO4jAR3aP8DP7rkuY,52/8 หมู่ที่ 8 ถนน บางบัวทอง - สุพรรณบุรี ตำบล ละหาร อำเภอบางบัวทอง นนทบุรี 11110,places,high,,,D176,2,"same coords, same place_id"
S&P กม.23,6,,S&P กม.23,13.5946965,100.8075788,ChIJE7zJpFFDHTERIqHLANzLEL0,86/1 หมู่4 ทางคู่ขนาน ถนนบางนา-ตราด ตำบลบางเสาธง อำเภอบางเสาธง กรุงเทพมหานคร 10570,places,high,,,,,
CPF FOOD มหาชัย,6,,CPF FOOD มหาชัย,13.5116547,100.1578188,ChIJTWQDo1rP4jAR5fUv-eAILCw,G565+M48 ตำบล บางโทรัด อำเภอเมืองสมุทรสาคร สมุทรสาคร 74000,places,high,,,D157,3,"same coords, same place_id"
ท่าเรือ สหไทย,6,,ท่าเรือ สหไทย,13.6552381,100.5437766,ChIJzcjud5qh4jAREwO1EPXB0MM,51/1 หมู่ 3 ถ. ปู่เจ้าสมิงพราย ตำบล บางหญ้าแพรก อำเภอพระประแดง สมุทรปราการ 10130,places,high,,,D079,2,"same coords, same place_id"
ซีบอร์น,6,,ซีบอร์น,13.7020231,100.6051811,ChIJ2-6NpPSf4jARpbQK9XIRay8,32 อาคารเพิ่มภูมิ ชั้น 2 32 ซอย สุขุมวิท 87 แขวงบางจาก เขตพระโขนง กรุงเทพมหานคร 10260,places,high,,,,,
Food Tech Fatory,6,,Food Tech Fatory,14.248649499999999,100.5989013,ChIJM2j5m-x34jARhyRK1aJfBzg,6HXX+FH2 ซอย นิคมอุตสาหกรรมไฮเทค ตำบล บ้านเลน อำเภอบางปะอิน จังหวัดพระนครศรีอยุธยา 13160,places,medium,,,,,
HAVI Logistics (Pre - Cool),6,,Pre - Cool HAVI Logistics,13.5709863,100.7744519,ChIJlXeFDVVDHTER8ANMemLr_Ag,989 ตำบลบางเสาธง อำเภอบางเสาธง สมุทรปราการ 10570,places,high,,,D020,7,"same coords, same place_id"
มีนบุรี,6,,มีนบุรี,13.815481799999999,100.73526659999999,ChIJ15GKhlRkHTERIE7iXbIAAQM,เขตมีนบุรี กรุงเทพมหานคร 10510,places,high,,,,,
YUM LINFOX วังน้อย,6,,YUM LINFOX วังน้อย,14.190187499999999,100.6544375,ChIJWzSZiaiHHTERcn6TVABkGjA,ตำบล พยอม อำเภอวังน้อย จังหวัดพระนครศรีอยุธยา 13170,places,high,,,D146,3,"same coords, same place_id"
Bangkok Inter Food อ้อมน้อย นครปฐม,6,,Bangkok Inter Food อ้อมน้อย นครปฐม,13.697388799999999,100.24614369999999,ChIJgSPMGh3A4jAR-M9cb7xMDR4,"12, ตำบล บ้านใหม่ อำเภอสามพราน นครปฐม 73110",places,low,,,D136,3,"same coords, same place_id"
โมเดิร์นฟาร์มา (สุขสวัสดิ์),6,โมเดิร์นฟาร์มา (สุขสวัสดิ์),,,,,,,,,,,,
บางกะปิ,6,,บางกะปิ,13.762758499999999,100.6455972,ChIJzayLqB9iHTER4E3iXbIAAQM,บางกะปิ กรุงเทพมหานคร 10240,places,high,,,,,
Kewpie,6,KEWPIE,Kewpie,13.6734111,100.5399509,ChIJY0UTT-6h4jARkJx-heDcOwQ,989 อาคาร Kingbridge Tower ชั้น 26 ถ. พระรามที่ 3 แขวงบางโพงพาง เขตยานนาวา กรุงเทพมหานคร 10120,places,low,,,,,
เก้าใหม่,6,,เก้าใหม่,13.8562456,100.1485671,ChIJBZ51ZODv4jARQw9Z5qvA4ZU,89 ถนน หมู่ 2 ตำบล แหลมบัว อำเภอนครชัยศรี นครปฐม 73120,places,high,,,,,
บจก.พา - สยาม Pa Siam Intertrade,6,,บจก.พา - สยาม Pa Siam Intertrade,13.6801911,100.5282835,ChIJIRNn9AKi4jARavoa8RjJFDk,"619,621 623 ถ. พระรามที่ 3 แขวงบางโพงพาง เขตยานนาวา กรุงเทพมหานคร 10120",places,high,,,D221,2,"same coords, same place_id"
เซปเป้ คลอง 13,6,เซ็ปเป้ คลอง13,,,,,,,,,,,,
ฟู้ดสตาร์ นครปฐม,6,,ฟู้ดสตาร์ นครปฐม,13.666874,100.0862066,ChIJlf0uX_rp4jARsOwXyAEsMUM,"58 ม.6, ถ.พระประโทน-บ้านแพ้ว, ต.ตลาดจินดา อ.สามพราน จ.นครปฐม , 73110 ตำบล คลองจินดา อำเภอสามพราน นครปฐม 73110",places,high,,,D216,2,"same coords, same place_id"
RDC เชียงใหม่,6,,RDC เชียงใหม่,18.6731937,99.05021599999999,ChIJw3vI1GQu2jARl0x5D6_0sEU,M3F2+73G ถ. ซุปเปอร์ไฮเวย์ เชียงใหม่-ลำปาง ตำบล ยางเนิ้ง อำเภอ สารภี เชียงใหม่ 50140,places,high,,,,,
คลังโมบายโลจิสติกส์,6,,คลังโมบายโลจิสติกส์,13.5708881,100.7637069,ChIJXxDdewBbHTERhM14oEPmd7o,"444/14 ,444/15 ตำบล บางปลา อำเภอบางพลี สมุทรปราการ 10540",places,high,,,D063,3,"same coords, same place_id"
HAVI (Bangna),6,Havi (Bangna),,,,,,,,,,,,
นที,6,,นที,13.808245300000001,100.4500432,ChIJPxG84pCb4jARcN7J5DU94xM,69 ตำบล มหาสวัสดิ์ อำเภอบางกรวย นนทบุรี 11130,places,high,,,,,
รพ.ลำลูกกา,6,,รพ.ลำลูกกา,13.9568604,100.85765719999999,ChIJQ8btM852HTERacdmxuQ4Gb0,46 ลำไทร อำเภอลำลูกกา ปทุมธานี 12150,places,high,,,,,
ย่างเนยรัชดา,6,,ย่างเนยรัชดา,13.7630774,100.5653114,ChIJK4ukaY6e4jARlcxTABJW-qw,332 85 ซ. รัชดาภิเษก 3 แยก 4 แขวงดินแดง เขตดินแดง กรุงเทพมหานคร 10400,places,medium,,,,,
ซีพีแรม (ลาดหลุมแก้ว),6,,ลาดหลุมแก้ว ซีพีแรม,14.0449781,100.4304878,ChIJowe7UQ6I4jARWCuzyN0aEOY,177 หมู่ 4 ถนน ปทุมธานี - ลาดหลุมแก้ว ระแหง อำเภอลาดหลุมแก้ว ปทุมธานี 12140,places,medium,,,,,
GOLFMAHACHAI SEAFOOD,6,,GOLFMAHACHAI SEAFOOD,13.523290999999999,100.285663,ChIJKdu2bsW54jAR4cEltCkUyfc,G7FP+G9 ตำบล บางหญ้าแพรก อำเภอเมืองสมุทรสาคร สมุทรสาคร 74000,places,low,,,D167,3,"same coords, same place_id"
NextDay/Gourmet Design Village Bangna,6,,NextDay/Gourmet Design Village Bangna,13.645967599999999,100.69065450000001,ChIJS3I0cO9fHTERxH5BAolxkvw,15 888 ตำบล บางพลีใหญ่ อำเภอบางพลี สมุทรปราการ 10540,places,low,,,,,
NextDay/Gourmet เดอะมอลล์บางกะปิ,6,,NextDay/Gourmet เดอะมอลล์บางกะปิ,13.7667714,100.642831,ChIJn3RFKY1hHTERVwYNUGo79bA,"3522, อาคาร เดอะมอลล์บางกะปิ ถ. ลาดพร้าว แขวงคลองจั่น บางกะปิ กรุงเทพมหานคร 10240",places,medium,,,,,
โมเดิร์น ฟาร์มา,6,,โมเดิร์น ฟาร์มา,13.6039182,100.5563809,ChIJoe9PltSm4jARJR_W-xmwYAc,หมู่ที่ 1 197/1 ถ. สุขสวัสดิ์ ตำบล ปากคลองบางปลากด อำเภอพระสมุทรเจดีย์ สมุทรปราการ 10290,places,high,,,D190,3,"same coords, same place_id"
Havi,6,HAVI,,,,,,,,,,,,
คลังรามอินทรา - LKB,6,,คลังรามอินทรา - LKB,13.7348611,100.7669706,ChIJ_-O7ymhnHTERz7j2vYdXtFo,33/4 ซ. ไอซีดี 7 แขวงคลองสามประเวศ เขตลาดกระบัง กรุงเทพมหานคร 10520,places,high,,,D011,5,"same coords, same place_id"
บจก. ยูนิ - เพรสซิเดนท์ (นครปฐม),6,,นครปฐม บจก. ยูนิ - เพรสซิเดนท์,13.751757,100.08698899999999,ChIJ62b0qtjn4jARWVF6Z9cJpZM,"502 ม.3, ถ.พระประโทน-บ้านแพ้ว, ต.ดอนยายหอม อ.เมืองนครปฐม จ.นครปฐม , 73000 ตำบล ดอนยายหอม อำเภอเมืองนครปฐม นครปฐม 73000",places,high,,,D127,3,"same coords, same place_id"
Maya Chiang Mai,6,,Maya Chiang Mai,18.801892799999997,98.96756119999999,ChIJC1o2yWE62jARfjKPh-dUjiQ,55/5 ถ. ห้วยแก้ว ตำบลช้างเผือก อำเภอเมืองเชียงใหม่ เชียงใหม่ 50300,places,high,,,D118,4,"same coords, same place_id"
Thai Excel,6,,Thai Excel,13.669695599999999,100.71103199999999,ChIJC5wmbKFeHTER598-txJj3zQ,MP96+RF7 92 ซอย กิ่งแก้ว 21 ตำบล บางพลีใหญ่ อำเภอบางพลี สมุทรปราการ 10540,places,high,,,D160,3,"same coords, same place_id"
เซ้าอีสต์ นาดี,6,,เซ้าอีสต์ นาดี,13.581549899999999,100.2869296,ChIJn3EWY_u44jARJOaIMBmO-Cg,"1, Nadee, Baanplaiklongkru Road, ตำบล นาดี Muang, สมุทรสาคร 74000",places,high,,,,,
บริษัท เทคนิคเพ็ท (ประเทศไทย),6,,ประเทศไทย บริษัท เทคนิคเพ็ท,13.52596,100.173329,ChIJ5ddkKDPH4jARp6YyDZdfaUs,99 ม.2 ต ตำบล ชัยมงคล อำเภอเมืองสมุทรสาคร สมุทรสาคร 74000,places,medium,,,D220,2,"same coords, same place_id"
Paris Bangkok Bakery,6,,Paris Bangkok Bakery,13.7192367,100.5770659,ChIJ-2qDfqyf4jARNFVQmngIp7g,38 ซ. แสงชัย แขวงพระโขนง เขตคลองเตย กรุงเทพมหานคร 10110,places,high,,,,,
CTI Cold Chain พระราม 4,6,,CTI Cold Chain พระราม 4,13.7161494,100.5661145,ChIJZwFYF3Kf4jAR255AaOndc-I,ถ. เกษมราษฎร์ แขวงคลองเตย เขตคลองเตย กรุงเทพมหานคร 10110,places,high,,,D218,2,"same coords, same place_id"
TUF/OKN,6,,TUF/OKN,13.6756505,100.318282,ChIJVSTneji-4jARcU14dkewf8Q,M8G9+787 สค.4001 ตำบล สวนหลวง อำเภอกระทุ่มแบน สมุทรสาคร 74110,places,low,,,,,
โรงเบียร์พระราม3,6,,โรงเบียร์พระราม3,13.696891100000002,100.54579679999999,ChIJezBpdluf4jARn7eWl315crw,462/61 ถ. พระรามที่ 3 แขวงช่องนนทรี เขตยานนาวา กรุงเทพมหานคร 10120,places,high,,,,,
TUF โรงกุ้ง /OKS โอคินอส,6,TUFโรงกุ้ง/OKSโอคินอส,,,,,,,,,,,,
KCTC BKK,6,,KCTC BKK,13.6462468,100.78365,ChIJ__dgVzldHTERQ8V8zZXOri4,"74, 12, TAMBON SISA CHORAKHE YAI AMPHER, อำเภอบางพลี สมุทรปราการ 10540",places,medium,,,D155,2,"same coords, same place_id"
LCB TIPS,6,,LCB TIPS,13.0606902,100.8909625,ChIJEYVWBbK5AjERftlBIqUehwQ,112/2 ตำบลทุ่งสุขลา อำเภอศรีราชา ชลบุรี 20230,places,medium,,,,,
LKB - ICD6,6,,LKB - ICD6,13.732908799999999,100.76727129999999,ChIJc5uuJyJnHTER5y2QmCJeR6Y,PQM8+5W6 แขวงคลองสามประเวศ เขตลาดกระบัง กรุงเทพมหานคร 10520,places,low,,,D062,3,"same coords, same place_id"
แฟชั่น ไอซ์แลน (FI),6,แฟชั่น ไอซ์แลนด์,,,,,,,,,,,,
ลาดกระบังประตู 2,6,,ลาดกระบังประตู 2,13.741135,100.7620529,ChIJ029WkVdnHTER-Fz8kxSd9do,33/4 ซอย ไอซีดี แขวงคลองสามประเวศ เขตลาดกระบัง กรุงเทพมหานคร 10520,places,high,,,D021,3,"same coords, same place_id"
PACT,6,,PACT,,,,,not_found,none,,,,,
TUF5 (กาหลง),6,,กาหลง TUF5,13.4903345,100.1388168,ChIJG8IctBHP4jARu2SlEIWhmaA,กาหลง ตำบล กาหลง อำเภอเมืองสมุทรสาคร สมุทรสาคร 74000 ประเทศไทย,geocoding,low,,,,,
บางกอกมีท,6,,บางกอกมีท,13.7356006,100.5642373,ChIJtV4hgQCf4jARkIcwC5t1ZDs,3/2 สุขุมวิท 27 ซอยสุขุมวิท 27 ถนนสุขุมวิท แขวงคลองเตยเหนือ เขตวัฒนา กรุงเทพมหานคร 10110,places,high,,,,,
บ้านเลขที่ 461/9 - 10 ซอยจันทน์ 40/1 (บ้านหลังรองสุดท้ายซ้ายมือรั้วสีดำ),5,,บ้านหลังรองสุดท้ายซ้ายมือรั้วสีดำ บ้านเลขที่ 461/9 - 10 ซอยจันทน์ 40/1,,,,,not_found,none,,,,,
เชสเตอร์ฟู้ด ตะหลิว โลตัส รังสิต,5,,เชสเตอร์ฟู้ด ตะหลิว โลตัส รังสิต,13.9936213,100.6127729,ChIJn9wP2TeB4jARjCdX6TClCo0,XJV7+C4J ตำบล ประชาธิปัตย์ อำเภอธัญบุรี ปทุมธานี 12130,places,high,,,D230,2,"same coords, same place_id"
เจอเนอร์รัล ฟรุ๊ต,5,,เจอเนอร์รัล ฟรุ๊ต,14.002196,100.4463133,ChIJ-38kg1iH4jARc-TsdHWiMNY,"Unnamed Road, 2C2W+VGG ตำบล คลองพระอุดม อำเภอลาดหลุมแก้ว ปทุมธานี 12140",places,high,,,D212,2,"same coords, same place_id"
ปั้นเงิน โกลเบิลฟีช,5,,ปั้นเงิน โกลเบิลฟีช,13.570420599999999,100.3084528,ChIJQyLnDwO54jARH7YMeFG8rBI,99 ตำบล โคกขาม อำเภอเมืองสมุทรสาคร สมุทรสาคร 74000,places,high,,,,,
เจพีเค Free Zone,5,,เจพีเค Free Zone,16.681675,98.535473,ChIJddI0UgCf3TARNvV0T3g7KUg,MGJP+M5 ตำบล ท่าสายลวด อำเภอแม่สอด ตาก 63110,places,high,,,,,
EBISU SHOTEN Nana,5,,EBISU SHOTEN Nana,13.7402985,100.5560417,ChIJpQ96fqSf4jARYiA_QNWAek4,137/6-7 ซ. สุขุมวิท 11 แขวงคลองเตยเหนือ เขตวัฒนา กรุงเทพมหานคร 10110,places,high,,,,,
ภัตตาคารอ๊อดดาวเงิน จ. ขอนแก่น,5,,ภัตตาคารอ๊อดดาวเงิน จ. ขอนแก่น,16.5362159,102.1063811,ChIJCfUWKZgfIjERGhKi4odqMEs,14/5 ม.10 ถ.ชุมแพ-ภูเขียว ต ตำบล ไชยสอ อำเภอชุมแพ ขอนแก่น 40130,places,high,,,,,
เซ็นทรัล ลำปาง,5,,เซ็นทรัล ลำปาง,18.2818458,99.494576,ChIJcT4N0oZr2TARikLEVpA9cAk,319 ถนน ซุปเปอร์ไฮเวย์สาย ลำปาง - งาว อำเภอเมืองลำปาง ลำปาง 52100,places,high,,,,,
ไทยโยโกเร สำโรง,5,ไทยโยโกเรสำโรง,,,,,,,,,,,,
สยามย่านมิตรทาวน์,5,สามย่าน มิตรทาวน์,,,,,,,,,,,,
มหาชัย,5,,มหาชัย,13.545377199999999,100.27573079999999,ChIJ0TE-U1m44jARBYpQKBBGVcg,ตำบลมหาชัย อำเภอเมืองสมุทรสาคร สมุทรสาคร 74000,places,high,,,D226,2,"same coords, same place_id"
พรีม่าแฮม ปราจีนบุรี,5,,พรีม่าแฮม ปราจีนบุรี,13.903526300000001,101.54833099999999,ChIJywq0v8fwHDERZWXUpHutytM,"392 หมู่ที่ 7 นิคมอุตสาหกรรม 304, ตำบล ท่าตูม อำเภอศรีมหาโพธิ ปราจีนบุรี 25140",places,high,,,,,
Jagota,5,,Jagota,13.715325499999999,100.58453639999999,ChIJ0d7X2KSf4jAR4Byr72uyztc,"65, 42 Tower Building, G Floor, สุขุมวิท 42 Phrakanong, Klongtoey, กรุงเทพมหานคร 10110",places,low,,,,,
ครัวกลางตี๋น้อย,5,,ครัวกลางตี๋น้อย,17.456967499999998,101.7288818,ChIJY2agSABHITERDSfQV5uduNg,FP4H+QHJ ตำบล นาอาน อำเภอเมืองเลย เลย 42000,places,medium,,,,,
ออฟฟิต ซูชิ,5,,ออฟฟิต ซูชิ,13.6512777,100.6419379,ChIJk_-TcLan4jAR1Yro49rLKDA,618 ตำบล สำโรงเหนือ อำเภอเมืองสมุทรปราการ สมุทรปราการ 10270,places,low,,,,,
Tharikan Foods,5,,Tharikan Foods,13.8103201,100.6293118,ChIJpXNTpW9iHTERhn3PFxG-Jh4,33 ซอย โพธิ์แก้ว 3 แยก 19 แขวงคลองจั่น บางกะปิ กรุงเทพมหานคร 10240,places,low,,,,,
JFC,5,,JFC,13.6631474,100.64745119999999,ChIJzV1rzydfHTERzYjiBnl86BU,Tiew Hong Bangna Bldg 1780 ถ. เทพรัตน แขวงบางนาใต้ เขตบางนา กรุงเทพมหานคร 10260,places,low,,,D139,3,"same coords, same place_id"
ไฮติเหลา,5,,ไฮติเหลา,13.747601900000001,100.5398275,ChIJvYewgHaf4jAR8Go2o49LXSw,4/1-4 ห้องเลขที่ บี726 ชั้น 7 เซ็นทรัลเวิล์ด ซอย วิภาวดี 2 แยก 4-4 แขวงปทุมวัน เขตปทุมวัน กรุงเทพมหานคร 10330,places,medium,,,,,
นครพนม,5,,นครพนม,17.4115756,104.5655273,ChIJv6Zfy56LOzERNINp--IRNtQ,นครพนม,places,high,,,,,
Thai Coconut,5,,Thai Coconut,13.9044064,100.5125779,ChIJMUtKKpKE4jARG9NDkX5EYuA,ซอย แจ้งวัฒนะ-ปากเกร็ด 20 ตำบล ปากเกร็ด อำเภอปากเกร็ด นนทบุรี 11120,places,high,,,,,
COSIAM 2,5,,COSIAM 2,13.6661076,100.6398212,ChIJdz_ZN1lnHTERD_WJdBlCeuQ,1672 ถ. เทพรัตน แขวงบางนาใต้ เขตบางนา กรุงเทพมหานคร 10260,places,low,,,D172,2,"same coords, same place_id"
DC Makro Mahachai (2025),5,,2025 DC Makro Mahachai,13.5003258,100.1285835,ChIJo0kG6grP4jARQQOh1ErWZ9E,"64/2 64/2, ตำบล กาหลง อำเภอเมืองสมุทรสาคร สมุทรสาคร 74000",manual,high,y,"was geocoded to the wrong ""DC Makro Mahachai"" candidate (a Makro/Lotus mall ~1km from origin) instead of the real distribution center; corrected 2026-09-23, see sum.md",D012,9,"same coords, same place_id"
TSM ลำลูกกา,5,,TSM ลำลูกกา,13.958632999999999,100.874028,ChIJA3uIJjF7HTERhFFUs--3uPw,29 ครอง 12 3 ไทร ลำไทร อำเภอลำลูกกา ปทุมธานี 12150,places,medium,,,,,
B&P,5,,B&P,16.059179099999998,102.0822693,ChIJm7KBbdCsGDERCFhszjR7idU,99 ตำบล เก่าย่าดี อำเภอ แก้งคร้อ ชัยภูมิ 36150,places,low,,,,,
สงขลา,5,,สงขลา,6.8899921,100.52961150000002,ChIJQSQJr9zVTDAREo4d7Hg3myU,สงขลา,places,high,,,,,
บริษัท เซ็นท์แดรี่ จำกัด,5,,บริษัท เซ็นท์แดรี่ จำกัด,13.9489776,100.4047035,ChIJ2emjQ12J4jAR40e8Ep7c850,333 35 หมู่ 9 ตำบล ละหาร อำเภอบางบัวทอง นนทบุรี 11110,places,high,,,,,
ขอนแก่น บริวเวอรี่,5,,ขอนแก่น บริวเวอรี่,16.3340853,102.8239666,ChIJz8E7ZQyIIjERWU_UYaK7fN4,333 หมู่ 19 ถนน 208 (ขอนแก่น-มหาสารคาม ต.ท่าพระ อำเภอเมืองขอนแก่น ขอนแก่น 40260,places,high,,,,,
ไมเนอร์,5,,ไมเนอร์,13.7209624,100.55854289999999,ChIJzzSirbyf4jARRNYBQzZ5paM,"88 The Parq Building, 11th Fl ถ. รัชดาภิเษก แขวงคลองเตย Klongtoey กรุงเทพมหานคร 10110",places,high,,,D225,2,"same coords, same place_id"
SCT (PLUG),5,,PLUG SCT,13.7025475,100.6368903,ChIJTfGHiTVgHTERandI51LqvWo,888 ซ. ดาราฉาย แขวงอ่อนนุช เขตสวนหลวง กรุงเทพมหานคร 10250,places,medium,,,,,
เจเนอรัลฟู้ด ปทุมธานี,5,,เจเนอรัลฟู้ด ปทุมธานี,15.057524899999997,101.7070035,ChIJY-j9vde_HjERG4HSYYhySrk,89 ม.3 ต ตำบล วังโรงใหญ่ อำเภอสีคิ้ว นครราชสีมา 30140,places,medium,,,D213,2,"same coords, same place_id"
CP แปดริ้ว โรงหมู,5,,CP แปดริ้ว โรงหมู,13.7624274,100.9907109,ChIJNXU-31MTHTERNoyzkd14vrE,QX6R+X7G ถ. สุวินทวงศ์ ตำบล หนามแดง อำเภอเมืองฉะเชิงเทรา ฉะเชิงเทรา 24000,places,medium,,,,,
แชมป์เอช บางคอแหลม,5,,แชมป์เอช บางคอแหลม,13.694864899999999,100.517592,ChIJDRDZ0qeY4jAR1lHU9q2Jf7o,58 ซอย เจริญราษฎร์ 7 แยก 29-1 แขวงบางโคล่ เขตบางคอแหลม กรุงเทพมหานคร 10120,places,high,,,,,
AEP (AMERICAN - EUROPEAN) ลาดพร้าว,5,,AMERICAN - EUROPEAN AEP ลาดพร้าว,13.8094738,100.605263,ChIJs22LaZqd4jARU_KYAUwvk0I,58 Soi Naknivas 37 Naknivas Rd 54 นาคนิวาส 37 แขวงลาดพร้าว ลาดพร้าว กรุงเทพมหานคร 10230,places,high,,,D186,3,"same coords, same place_id"
สยามมิตร,5,,สยามมิตร,13.740193099999999,100.50607749999999,ChIJPXhEQR-Z4jARIWoA9BjAJ7g,510 ซอย อาเนี้ยเก็ง ถ. ราชวงศ์ แขวงจักรวรรดิ์ เขตสัมพันธวงศ์ กรุงเทพมหานคร 10100,places,high,,,,,
ชายสี่,5,,ชายสี่,14.111585,100.731363,ChIJbTwtrN6DHTERNfPGEm06EXs,7/7 หมู่ 8 ตำบล คลองหก อำเภอคลองหลวง ปทุมธานี 12120,places,high,,,D166,2,"same coords, same place_id"
Havi (Bangna) (Pre - Cool),5,Havi (Bangna) (Pre - cool - 18),,,,,,,,,,,,
พัฒนาโฟเซ่น,5,,พัฒนาโฟเซ่น,13.522094099999999,100.17469439999999,ChIJ26FX3QHG4jARMQLqEuLs9so,24 ตำบล ชัยมงคล อำเภอเมืองสมุทรสาคร สมุทรสาคร 74000,places,high,,,,,
เดอะเซอร์เคิล ราชพฤกษ์,5,,เดอะเซอร์เคิล ราชพฤกษ์,13.7677705,100.4429521,ChIJoXQU6-OZ4jARcyO0cxLEnOA,39 ถ. ราชพฤกษ์ แขวงบางระมาด เขตตลิ่งชัน กรุงเทพมหานคร 10170,places,high,,,,,
เมกะบางนา,5,เมกกะ บางนา,,,,,,,,,,,,
โชนสมุทรสาคร,5,โซนสมุทรสาคร,,,,,,,,,,,,
องค์การเภสัชกรรม ธัญบุรี,5,,องค์การเภสัชกรรม ธัญบุรี,14.0586019,100.8374688,ChIJXYBC0nOdHTER2deWlOZ4iGg,138 หมู่ที่ 4 ถ. รังสิต - นครนายก ตำบล บึงสนั่น อำเภอธัญบุรี ปทุมธานี 12110,places,high,,,,,
เซ็นทรัล เวสต์วิลล์,5,,เซ็นทรัล เวสต์วิลล์,13.805336899999999,100.448444,ChIJBygsUOWb4jARPmpOQINz2To,999 หมู่ที่ 5 ถ. ราชพฤกษ์ ตำบล มหาสวัสดิ์ อำเภอบางกรวย นนทบุรี 11130,places,high,,,D231,2,"same coords, same place_id"
ส่งสินค้าต่างจังหวัด (IDI),5,,IDI ส่งสินค้าต่างจังหวัด,13.7657612,100.4035749,ChIJZxE5Ph6X4jARxLcZtV4zkaA,เลขที่61 ซอย สมาคมปักษ์ใต้ ติดร้านยางณัฐพล แขวงศาลาธรรมสพน์ เขตทวีวัฒนา กรุงเทพมหานคร 10170,places,low,,,,,
นีโอสุกี้,5,,นีโอสุกี้,13.7594365,100.3305449,ChIJhxi-r-uV4jARINdkBsdevgs,111 ตำบล กระทุ่มล้ม อำเภอสามพราน นครปฐม 73220,places,high,,,D215,2,"same coords, same place_id"
PAN FOOD,5,,PAN FOOD,13.5672836,100.2595621,ChIJjRxFL37H4jAR0TCU5TKrulE,"71/9, 71/15 หมู่ 6 ซอยรุ่งปรีชา ถ. เศรษฐกิจ 1 ตำบล ท่าทราย อำเภอเมืองสมุทรสาคร สมุทรสาคร 74000",places,high,,,D073,4,"same coords, same place_id"
นิ่มซี่เส็งขนส่ง 1988 จำกัด สาขาสี่แยกมหานาค,5,,นิ่มซี่เส็งขนส่ง 1988 จำกัด สาขาสี่แยกมหานาค,13.7578006,100.515956,ChIJG_SZFkGZ4jARSIl90uWzpfk,"325, 78 ถนน ลูกหลวง แขวงสี่แยกมหานาค เขตดุสิต กรุงเทพมหานคร 10300",places,high,,,D187,2,"same coords, same place_id"
บจก.ซี.เอ.เอส เปเปอร์มิลล์ (สิงห์บุรี),5,,สิงห์บุรี บจก.ซี.เอ.เอส เปเปอร์มิลล์,14.943987000000002,100.38555919999999,ChIJ2eGWPnPx4TARio7C2JWlScc,W9VP+H6V Unnamed Road ตำบล โพกรวม อำเภอเมืองสิงห์บุรี สิงห์บุรี 16000,places,high,,,,,
ส่งจาก PCS เอกสาร 11 หน้า,5,,ส่งจาก PCS เอกสาร 11 หน้า,13.689980600000002,100.61136669999999,ChIJZ-u2dfmf4jAR6om2bZHwMSk,234 ซอย สุขุมวิท 101 แขวงบางจาก เขตพระโขนง กรุงเทพมหานคร 10260,places,low,,,D223,2,"same coords, same place_id"
ห้องเย็นท่าข้าม,5,,ห้องเย็นท่าข้าม,13.519096699999999,100.1672694,ChIJwcmmI3K44jARdlZiwLqKhrI,369 หมู่4 ตำบลบางโทรัด อำเภอเมืองสมุทรสาคร สมุทรสาคร 74000,places,high,,,,,
บริษัท เอ แอนด์ เค ฟู้ด แอนด์ เบฟเวอเรจ จำกัด,5,,บริษัท เอ แอนด์ เค ฟู้ด แอนด์ เบฟเวอเรจ จำกัด,13.8703626,99.8135995,ChIJTSlTIwAd4zAR1TbFl5C0Gn8,9 9 หมู่ 7 ต.ท่าผา อำเภอบ้านโป่ง ราชบุรี 71120,places,high,,,,,
LCB C3,5,,LCB C3,13.056066399999999,100.8907378,ChIJFYL-QC25AjERChL3eSgajbA,3V4R+C7H Unnamed Road ตำบลทุ่งสุขลา อำเภอศรีราชา ชลบุรี 20230,places,high,,,,,
Food way,5,,Food way,13.689912999999999,100.643605,ChIJ26WJXf5hHTERW19kvgsnneQ,36 ซอย สุภาพงษ์ 1 แยก 3-3 แขวงหนองบอน เขตประเวศ กรุงเทพมหานคร 10250,places,high,,,,,
ขนเศษหมู/เศษเนื้อ/หัวปลาฯ มากุโระ,5,,ขนเศษหมู/เศษเนื้อ/หัวปลาฯ มากุโระ,13.8017215,100.6467799,ChIJVaaDZdpjHTERrlCMmRY64P4,1 2 ถ. โพธิ์แก้ว แขวงนวมินทร์ เขตบึงกุ่ม กรุงเทพมหานคร 10240,places,low,,,,,
มาร์ส เพ็ทแคร์,5,,มาร์ส เพ็ทแคร์,13.4561789,101.1005037,ChIJnakg8OwwHTERUTn4MMvtW5I,F442+F6C ตำบล มาบโป่ง อำเภอพานทอง ชลบุรี 20160,places,high,,,D017,3,"same coords, same place_id"
PAT,5,,PAT,13.609724199999999,100.32694099999999,ChIJydgYH22_4jARRk2k7zVs-yE,39 ตำบล คอกกระบือ อำเภอเมืองสมุทรสาคร สมุทรสาคร 74000,places,low,,,,,
เบฟเวอรเรจโปร,5,,เบฟเวอรเรจโปร,13.7125709,100.37027359999999,ChIJf7wgcRaW4jAR_UXriRFeeMw,หมู่ที่ 11 หมู่บ้านสุชา 1 40/94 ถ. คลองทวีวัฒนา แขวงหนองค้างพลู เขตหนองแขม กรุงเทพมหานคร 10160,places,high,,,,,
ธนัช,5,,ธนัช,13.6000385,100.7450085,ChIJccHjKvZdHTERzSgbPXBB67Y,3 กัญธนัช นวดเพื่อสุขภาพ ตลาดนัดเรือบิน 33 หมู่ 10 ตำบล บางปลา อำเภอบางพลี สมุทรปราการ 10540,places,high,,,,,
ชิง ฟู่ ซีโพรดักส์,4,,ชิง ฟู่ ซีโพรดักส์,13.5140888,100.28993609999999,ChIJ8ZPPpIm34jARSnB_7DqrFjc,G77Q+JXM ตำบล บางหญ้าแพรก อำเภอเมืองสมุทรสาคร สมุทรสาคร 74000,places,high,,,,,
ปั๊ม มหาชัย,4,,ปั๊ม มหาชัย,13.563282099999999,100.2717983,ChIJrSjXfSC54jARRap7CDSB1XM,"94 315 ตำบล ท่าทราย อำเภอเมือง, สมุทรสาคร 74000",places,medium,,,D099,3,"same coords, same place_id"
Sukishi บางนา,4,,Sukishi บางนา,13.6458193,100.6806606,ChIJ9xUUcVteHTER9W6opTH20Nc,JMWJ+87F ตำบล บางแก้ว อำเภอบางพลี สมุทรปราการ 10540,places,high,,,,,
ฮั่วเซ่งฮง,4,,ฮั่วเซ่งฮง,13.8120252,100.4503649,ChIJlWDXGnKa4jARx4PfzCo6giY,"99, 10 หมู่1 ถ. ราชพฤกษ์ ตำบล บางขนุน อำเภอบางกรวย นนทบุรี 11130",places,high,,,,,
อมรพันธุ์,4,,อมรพันธุ์,19.9091307,99.8437355,ChIJNfX6OlsG1zARNWcK9MPKiOM,111/3-5 หมู่ที่ 12 ถนนหนองบัว ตำบล รอบเวียง อำเภอเมืองเชียงราย เชียงราย 57000,places,high,,,,,
อ.ศิราพล,4,,อ.ศิราพล,13.526067099999999,100.28216239999999,ChIJsSO-NJC54jARj2xarydUV9Y,G7GJ+CVF ตำบล บางหญ้าแพรก อำเภอเมืองสมุทรสาคร สมุทรสาคร 74000,places,high,,,D233,2,"same coords, same place_id"
ซุปเปอร์ซีเฟรช สมุทรสาคร,4,,ซุปเปอร์ซีเฟรช สมุทรสาคร,13.550378199999999,100.29927119999999,ChIJl7Th_lG44jARnDzwtcnIUbE,88/88 หมู่ 4 ถ ถ.เจษฎาวิถี ตำบล โคกขาม อำเภอเมืองสมุทรสาคร สมุทรสาคร 74000,places,high,,,,,
CPF (แปดริ้ว ฉะเชิงเทรา),4,,แปดริ้ว ฉะเชิงเทรา CPF,13.763348299999999,100.9913614,ChIJ66uD0kYTHTERw_pMLECAWPc,26/3 หมู่ที่ 7 ตำบลคลองนครเนื่องเขต อำเภอเมืองฉะเชิงเทรา ฉะเชิงเทรา 24000,places,medium,,,,,
เคเอ็นเอส ห้องเย็น,4,,เคเอ็นเอส ห้องเย็น,13.575950299999999,100.22215229999999,ChIJg5n63BC_4jARO4aKL6nsUsY,62 6 หมู่ 5 ตำบล บ้านเกาะ อำเภอเมืองสมุทรสาคร สมุทรสาคร 74000,places,high,,,D171,2,"same coords, same place_id"
อินเตอร์ เอ็กซ์เพรส (IEL),4,,IEL อินเตอร์ เอ็กซ์เพรส,13.5994605,100.7645148,ChIJtz-WRftdHTERfb9dvS-QuYc,999 ถนนเลียบคลองส่งน้ำสุวรรณภูมิ ตำบลบางโฉลง อำเภอบางพลี สมุทรปราการ 10540,places,low,,,,,
Central กระบี่,4,,Central กระบี่,8.1007497,98.8923906,ChIJa8ePA7mVUTARAx1dPnnLALM,"55/5, 55/6 55/7 ถ. เพชรเกษม เทศบาลเมืองกระบี่ กระบี่ใหญ่ อำเภอเมืองกระบี่ กระบี่ 81000",places,high,,,D243,2,"same coords, same place_id"
ห้องเย็นสินชัย,4,,ห้องเย็นสินชัย,13.5665158,100.2990523,ChIJLYsuXQC54jARkH1zXEAzIXY,H78X+JJ3 ซอยสินชัย ตำบล โคกขาม อำเภอเมืองสมุทรสาคร สมุทรสาคร 74000,places,medium,,,D234,2,"same coords, same place_id"
พิษณุโลก,4,,พิษณุโลก,16.8211238,100.26585159999999,ChIJMWZ0fueX3zARONBs3_uqGjc,เทศบาลนครพิษณุโลก ตำบล ในเมือง อำเภอเมืองพิษณุโลก พิษณุโลก 65000,places,high,,,,,
เชียงราย,4,,เชียงราย,19.8530809,99.74302139999999,ChIJU05GDusP1zARDhNO9epTtu4,99 ตำบล แม่กรณ์ อำเภอเมืองเชียงราย เชียงราย 57000,places,high,,,,,
NSD,4,,NSD,13.8901349,100.4368358,ChIJFbwCAcuP4jARrw-91Socv3Y,332 73 ม.3 ตำบล บางรักพัฒนา อำเภอบางบัวทอง นนทบุรี 11110,places,low,,,,,
ดีสแฮล์ม บางนา กม.19,4,,ดีสแฮล์ม บางนา กม.19,13.6003613,100.7765922,ChIJmZ3fxJdcHTERPhjg5kFkK8Y,JQ2G+4JW กรุงเทพมหานคร อำเภอบางพลี สมุทรปราการ 10540,places,low,,,,,
รอแยลแคน,4,,รอแยลแคน,13.647566,100.3205381,ChIJ5YuT_Pu-4jARaLsITMzQ18Q,ถนนแคราย ตำบล แคราย อำเภอกระทุ่มแบน สมุทรสาคร 74110,places,high,,,D085,3,"same coords, same place_id"
CENTRAL CONTAINER WORLD,4,,CENTRAL CONTAINER WORLD,13.0878119,100.9327663,ChIJ01yQLIi5AjERovAZYh8i1LQ,100 6 ตำบลทุ่งสุขลา อำเภอศรีราชา ชลบุรี 20230,places,high,,,,,
LKB 2,4,,LKB 2,13.7211855,100.77422159999999,ChIJZUdxm2dhHTERYkw7PI81PfI,1646 54 ถนน ลาดกระบัง แขวงลาดกระบัง เขตลาดกระบัง กรุงเทพมหานคร 10520,places,low,,,,,
มารีนโกลด์ โปรดักส์ (สมุทรสาคร),4,,สมุทรสาคร มารีนโกลด์ โปรดักส์,13.5632665,100.30060119999999,ChIJEwxGU5XH4jARGlUxgaJwPCA,57 37 หมู่ที่ 4 ถ. เอกชัย ตำบล โคกขาม อำเภอเมืองสมุทรสาคร สมุทรสาคร 74000,places,high,,,D025,3,"same coords, same place_id"
เพ็นต้าอิมเพ็กซ์ (บางใหญ่),4,,บางใหญ่ เพ็นต้าอิมเพ็กซ์,13.873246499999999,100.36079409999999,ChIJ5fS9F06O4jARA7oZDpJXKMM,"4 หมู่ 11 บางรักใหญ่, บ้านใหม่ อำเภอบางใหญ่ นนทบุรี 11140",places,high,,,,,
บ้านรักษ์นา คาเฟ่,4,,บ้านรักษ์นา คาเฟ่,14.358865,100.5371942,ChIJFURsQQB14jARqokdDdcfOVU,9 11 ตำบล บ้านป้อม อำเภอ พระนครศรีอยุธยา จังหวัดพระนครศรีอยุธยา 13000,places,high,,,D235,2,"same coords, same place_id"
บริษัท เจอาร์พี ฟู้ด เซอร์วิส จำกัด,4,,บริษัท เจอาร์พี ฟู้ด เซอร์วิส จำกัด,13.6320397,100.31463289999999,ChIJVzQkZWa_4jARtIcab40seCM,"311, ตำบล คลองมะเดื่อ อำเภอกระทุ่มแบน สมุทรสาคร 74110",places,high,,,,,
Cabinet วังน้อย,4,,Cabinet วังน้อย,14.2199475,100.68903429999999,ChIJeUccBFaPHTERkiCH27hhaDs,188 6M9R+MCF 1 ถ. พหลโยธิน ตำบล ลำไทร อำเภอวังน้อย จังหวัดพระนครศรีอยุธยา 13170,places,medium,,,,,
โรงงานแปรรูปไข่บ้านนา นครนายก,4,,โรงงานแปรรูปไข่บ้านนา นครนายก,14.223037,101.069442,ChIJSeKj0Tm9HTERFJN2HDPhBMk,"199/1-3, หมู่ที่3, ตำบล ทองหลาง อำเภอบ้านนา นครนายก 26110",places,medium,,,D201,3,"same coords, same place_id"
BDC4 คลองส่งน้ำ,4,,BDC4 คลองส่งน้ำ,13.5863172,100.75290919999999,ChIJEzgiNuFdHTERvcqh3YEJmRU,เลขที่ 173/2 7 ตำบล บางปลา อำเภอบางพลี สมุทรปราการ 10540,places,high,,,D141,2,"same coords, same place_id"
PFP คลังพิษณุโลก,4,,PFP คลังพิษณุโลก,16.8258457,100.2596825,ChIJVVVVVRWY3zARJFyTlTyJFXA,ถนน วังจันทน์ ตำบล ในเมือง อำเภอเมืองพิษณุโลก พิษณุโลก 65000,places,high,,,,,
Don Asado ยานนาวา,4,,Don Asado ยานนาวา,13.712722099999999,100.5487758,ChIJdyLxutyf4jARjCoogPNM460,"237, 1 ซ. เย็นอากาศ 2 แขวงช่องนนทรี เขตยานนาวา กรุงเทพมหานคร 10120",places,high,,,,,
รักษ์นาไวน์ (อยุธยา),4,,อยุธยา รักษ์นาไวน์,14.342728,100.52758299999999,ChIJ-ctw08Vz4jARvBNK_zLWNis,8GRH+Q46 AH2 ตำบล บ้านป้อม อำเภอ พระนครศรีอยุธยา จังหวัดพระนครศรีอยุธยา 13000,places,high,,,,,
Royal Plus แพรกหนามแดง,4,,Royal Plus แพรกหนามแดง,13.325814999999999,99.87814650000001,ChIJD3EWbRXV_DARqNWVvfQoEAs,"129, ตำบล แพรกหนามแดง อำเภออัมพวา สมุทรสงคราม 75110",places,high,,,,,
ไร่ทับกวาง,4,,ไร่ทับกวาง,14.579772300000002,101.1382553,ChIJi7nvkMraHTER1H4oAL9pVlg,6 10 18260 19 หมู่ 4ถนน ตำบล ทับกวาง อำเภอแก่งคอย สระบุรี 18110,places,high,,,D228,2,"same coords, same place_id"
เทรา ฟู้ด โคราช,4,,เทรา ฟู้ด โคราช,15.001244199999999,101.91228129999999,ChIJBSWI_aqxHjERGJJzdWkCEtQ,555 หนองม่วง ตำบล โป่งแดง อำเภอ ขามทะเลสอ นครราชสีมา 30280,places,high,,,,,
อิชิตัน โรงงานโรจนะ 3,4,,อิชิตัน โรงงานโรจนะ 3,14.345678600000001,100.67836489999999,ChIJhRi6o8eLHTERocW86BNP8Po,8MWH+87F ตำบล อุทัย อำเภออุทัย จังหวัดพระนครศรีอยุธยา 13210,places,high,,,D219,2,"same coords, same place_id"
NSL,4,,NSL,13.5470007,100.2333637,ChIJu4Vsu77H4jAR472kpI-0ANY,ซอย นิคมฯสมุทรสาคร 1 ตำบล ท่าทราย อำเภอเมืองสมุทรสาคร สมุทรสาคร 74000,places,low,,,,,
สหชัย ซีฟู้ด,4,,สหชัย ซีฟู้ด,13.372390099999999,99.9975844,ChIJyRbpAdvT4jAR6wK6AcQhgZI,208 1 ถ.วิธานวิถี ตำบล บางจะเกร็ง อำเภอเมืองสมุทรสงคราม สมุทรสงคราม 75000,places,high,,,,,
BETTER,4,,BETTER,13.5537089,100.2798231,ChIJZ-30qme44jARfEHqrh3c-n0,"อาคาร 1300/386, 387 ถนนนรราชอุทิศ, ตำบลมหาชัย อำเภอเมือง, สมุทรสาคร 74000",places,low,,,,,
คลังสินค้าชิน (ไทยออซัม),4,,ไทยออซัม คลังสินค้าชิน,13.5454473,99.8070602,ChIJl4kvAgEl4zARV2w58xWrsVE,118/1 ถ. เพชรเกษม ตำบล หน้าเมือง อำเภอเมืองราชบุรี ราชบุรี 70000,places,medium,,,D064,4,"same coords, same place_id"
7 - 11 ลาดหลุมแก้ว,4,,7 - 11 ลาดหลุมแก้ว,14.0375233,100.40804949999999,ChIJM2wMWQCJ4jARy5KkH7OVvcg,ปาก ซอยเทศบาล 1 ระแหง อำเภอลาดหลุมแก้ว ปทุมธานี 12140,places,high,,,,,
DC Tops (ปลั้กตู้),4,,ปลั้กตู้ DC Tops,13.5408882,100.2152583,ChIJF3HpVzXG4jARCkacBUJr72A,8/5-7 ตำบลบางกระเจ้า อำเภอเมืองสมุทรสาคร สมุทรสาคร 74000,places,medium,,,D217,3,"same coords, same place_id"
NextDay/Gourmet เดอะ พรอมานาด,4,,NextDay/Gourmet เดอะ พรอมานาด,13.8270343,100.676474,ChIJKY8UQg9jHTERd3PhNAVTUVg,"587, 589, 589 7 9 ถ. รามอินทรา แขวงคันนายาว เขตคันนายาว กรุงเทพมหานคร 10230",places,high,,,,,
NextDay/Gourmet Terminal 21 Asoke,4,,NextDay/Gourmet Terminal 21 Asoke,13.737625,100.5606201,ChIJCztWnuOe4jARxcnC7XWPzjM,ชั้น 5 88 ถ. สุขุมวิท แขวงคลองเตยเหนือ เขตวัฒนา กรุงเทพมหานคร 10110,places,low,,,,,
Thai Excel Foods สมุทรปราการ,4,,Thai Excel Foods สมุทรปราการ,13.669695599999999,100.71103199999999,ChIJC5wmbKFeHTER598-txJj3zQ,MP96+RF7 92 ซอย กิ่งแก้ว 21 ตำบล บางพลีใหญ่ อำเภอบางพลี สมุทรปราการ 10540,places,high,,,D160,3,"same coords, same place_id"
โกโบล ฟู้ดส์,4,โกลโบ ฟู้ดส์,,,,,,,,,,,,
บิ๊กซีลาดพร้าว,4,บิ้กซีลาดพร้าว,,,,,,,,,,,,
Sushiro (6สาขา),4,,6สาขา Sushiro,7.8916913,98.3672444,ChIJMXA0agAxUDARenFm-yMFyF0,"Central Phuket Festival, ชั้น 3 ตำบล วิชิต อำเภอเมืองภูเก็ต ภูเก็ต 83000",places,medium,,,,,
ไอคอน,4,,ไอคอน,13.7258584,100.5099839,ChIJFRjwgc2Z4jAR9JIadoa9YBY,299 ถ. เจริญนคร แขวงคลองต้นไทร คลองสาน กรุงเทพมหานคร 10600,places,high,,,D101,3,"same coords, same place_id"
สหฟาร์มลพบุรี,4,,สหฟาร์มลพบุรี,15.107945500000001,101.024164,ChIJ1x1KwfVqHjER8zkg72mJBHo,สหฟาร์ม ม่วงค่อม ตำบล ห้วยหิน อำเภอชัยบาดาล ลพบุรี 15130,places,medium,,,,,
โตโยเซกัน อยุธยา,4,,โตโยเซกัน อยุธยา,14.323097899999999,100.6737323,ChIJq6qqqmaJHTERFRRjwVVIYIQ,95 สวนอุตสาหกรรม โรจนะ E3 ตำบล บ้านช้าง อำเภออุทัย จังหวัดพระนครศรีอยุธยา 13210,places,high,,,,,
Merry (ห้องเย็นรัตนากร),4,,ห้องเย็นรัตนากร Merry,13.5487668,100.2589527,ChIJ71Nzy4nH4jAR4ACDNcw2L_s,Unnamed Road ตำบล ท่าจีน อำเภอเมืองสมุทรสาคร สมุทรสาคร 74000,places,high,,,D125,7,"same coords, same place_id"
GOLF MAHACHAI SEAFOOD,4,GOLFMAHACHAI SEAFOOD,,,,,,,,,,,,
NextDay/Gourmet Emporium,4,,NextDay/Gourmet Emporium,13.7300495,100.5683329,ChIJGclTKAKf4jAR5RPa3NFOqqA,"L4, Foodhall, The Emporium Shopping Complex, 622 ถ. สุขุมวิท แขวงคลองตัน Klongton, กรุงเทพมหานคร 10110",places,medium,,,,,
บริษัท เศรษฐชล จำกัด,4,,บริษัท เศรษฐชล จำกัด,13.621170999999999,100.713,ChIJaQb9VyZcHTERWT9yNnEDYVI,225 หมู่12 ถนนเทพารักษ์ กม.13 ตำบลบางพลีใหญ่ อำเภอบางพลี สมุทรปราการ 10540,places,high,,,,,
PSC Starch,4,,PSC Starch,13.555718400000002,100.60770839999999,ChIJG3mSup1fHTERNaQ2ECbHZkQ,299 ซอย เทศบาลบางปู 54 ตำบล ท้ายบ้าน อำเภอเมืองสมุทรปราการ สมุทรปราการ 10280,places,high,,,,,
Thai Nippon Foods,4,,Thai Nippon Foods,14.325533300000002,100.6442687,ChIJN-rewa6LHTERbKJmGlvnGEI,Rojana Industrial Park 1/21 ตำบล คานหาม อำเภออุทัย จังหวัดพระนครศรีอยุธยา 13210,places,high,,,,,
สุธาลักษณ์,4,,สุธาลักษณ์,14.636298900000002,102.17278069999999,ChIJF7WvvRn8GzERApFHWi0u2K8,โนนปอแดง ตำบล ทุ่งอรุณ อำเภอโชคชัย นครราชสีมา 30190 ประเทศไทย,places,high,,,,,
รถ6ล้อ,4,,รถ6ล้อ,13.6045193,100.3110396,ChIJcc7n_Yq54jARQ6V35FQL5Pg,41 นาดี 8 ตำบล นาดี อำเภอเมืองสมุทรสาคร สมุทรสาคร 74000,places,high,,,,,
สถานีขนส่งสินค้าคลองหลวง,4,,สถานีขนส่งสินค้าคลองหลวง,14.0822659,100.69344989999999,ChIJ9ZqS_5mBHTERbcFv0vFwOic,18 ถ. กาญจนาภิเษก ตำบล คลองสี่ อำเภอคลองหลวง ปทุมธานี 12120,places,high,,,,,
KCG Corporation,4,,KCG Corporation,13.689549999999999,100.609084,ChIJL6rzX4-f4jARSahhY8CtU8o,3059 3059/1-3 ถ. สุขุมวิท แขวงบางจาก เขตพระโขนง กรุงเทพมหานคร 10260,places,low,,,,,
NextDay/Modish ถนนจันทน์,4,,NextDay/Modish ถนนจันทน์,13.7212876,100.5581948,ChIJLZfvCfef4jARJGuri5_bdPU,88 ถ. รัชดาภิเษก แขวงคลองเตย เขตคลองเตย กรุงเทพมหานคร 10110,places,medium,,,,,
เวิลด์แนชเชอรัลฟู้ด ลำพูน,4,,เวิลด์แนชเชอรัลฟู้ด ลำพูน,18.5871569,99.03867679999999,ChIJEbz1ocvS2zARM1ie7Ixm8EQ,H2PQ+VF7 ตำบล บ้านกลาง อำเภอเมืองลำพูน ลำพูน 51000,places,high,,,,,
บ.คุริโตะฟูดส์ จำกัด (เอกชัย บางบอน),4,,เอกชัย บางบอน บ.คุริโตะฟูดส์ จำกัด,13.6568315,100.3946023,ChIJ8dIjIAC94jAR-cpxIPRrm-Y,M94V+PRQ แขวงบางบอนเหนือ เขตบางบอน กรุงเทพมหานคร 10150,places,high,,,D227,3,"same coords, same place_id"
บางกอกซีฟู้ดส์,4,บางกอกซีฟู้ด,,,,,,,,,,,,
อันดามันซีฟู้ดส์,4,,อันดามันซีฟู้ดส์,13.554202700000001,100.5953443,ChIJEwjnZQun4jARHJNhdeHd2g4,HH3W+M4Q ตำบล ท้ายบ้าน อำเภอเมืองสมุทรปราการ สมุทรปราการ 10280,places,high,,,D236,2,"same coords, same place_id"
ABS Lopburi (Betagro),4,,Betagro ABS Lopburi,14.8159795,100.9099679,ChIJQZNP1HQKHjERGMdUoOoUZto,ถนน สระบุรี - หล่มสัก ตำบล ช่องสาริกา อำเภอพัฒนานิคม ลพบุรี 15220,places,low,,,D163,2,"same coords, same place_id"
ABS Lopburi,4,,ABS Lopburi,14.764804499999997,100.71554069999999,ChIJzwLN-OP9HTERmg5PP33_dpU,11 หมู่ 11 ถ. พหลโยธิน ตำบลนิคมสร้างตนเอง อำเภอเมืองลพบุรี ลพบุรี 15000,places,high,,,,,
F&N นครปฐม,4,,F&N นครปฐม,14.037484800000001,100.1010592,ChIJVzPXR5j34jARpBLlhXyY-fU,"79, ตำบล ลำลูกบัว อำเภอดอนตูม นครปฐม 73150",places,high,,,,,
บริษัท ไอซ์อุบล จำกัด,4,,บริษัท ไอซ์อุบล จำกัด,15.138118399999998,104.8882592,ChIJQ4XgrvyEFjERVon8UgVxyUs,188 ตำบล ธาตุ อำเภอวารินชำราบ อุบลราชธานี 34190,places,high,,,,,
AEP (AMERICAN - EUROPEAN),4,,AMERICAN - EUROPEAN AEP,13.8094738,100.605263,ChIJs22LaZqd4jARU_KYAUwvk0I,58 Soi Naknivas 37 Naknivas Rd 54 นาคนิวาส 37 แขวงลาดพร้าว ลาดพร้าว กรุงเทพมหานคร 10230,places,high,,,D186,3,"same coords, same place_id"
ศูนย์เชียงใหม่,4,,ศูนย์เชียงใหม่,18.7993965,98.9556246,ChIJd4EQADQ72jARWwMcOVmQqlg,239 ถ. ห้วยแก้ว ตำบลสุเทพ เมือง เชียงใหม่ 50200,places,high,,,,,
NextDay/ร้านฮามาคัตสึ เดอะมอลล์ งามวงศ์วาน,4,,NextDay/ร้านฮามาคัตสึ เดอะมอลล์ งามวงศ์วาน,13.8560366,100.54164399999999,ChIJ0XWnR7uc4jARjYwTwVbTdSM,เดอะมอลล์ไลฟ์สโตร์ บางเขน ชั้น G โซนหน้าห้าง gourmet eat ถนน งามวงศ์วาน ตำบลบางเขน อำเภอเมืองนนทบุรี นนทบุรี 11000,places,low,,,,,
ชิมะคิว ดอนไก่ดี,4,,ชิมะคิว ดอนไก่ดี,13.6401182,100.27371219999999,ChIJJTs2-g-_4jAR3uXhl1qr8KY,22711 ซอย 2 ตำบล ดอนไก่ดี อำเภอกระทุ่มแบน สมุทรสาคร 74110,places,medium,,,D245,2,"same coords, same place_id"
ห้องเย็นปิติชัยโลจิสติกส์ วังน้อย,4,,ห้องเย็นปิติชัยโลจิสติกส์ วังน้อย,14.2640294,100.783599,ChIJKWnPZoJ54jAR7yLLZU0LeiA,"9, 9 ตำบล สนับทึบ อำเภอวังน้อย จังหวัดพระนครศรีอยุธยา 13170",places,medium,,,D110,2,"same coords, same place_id"
Black Salmon ภูเก็ต,4,,Black Salmon ภูเก็ต,7.993192699999999,98.30637329999999,ChIJJxt5VNg5UDAREXZK_Ie1zAM,164 Baandon Cherngtalay ตำบลเชิงทะเล อำเภอถลาง ภูเก็ต 83110,places,high,,,D206,3,"same coords, same place_id"
อินเตอร์แพน สุขุมวิท36,4,,อินเตอร์แพน สุขุมวิท36,13.7189157,100.5738798,ChIJh2NGzJuf4jAR1I_0BZbxPnE,"107, 1 ซ สุขุมวิท 36 แขวงคลองตัน เขตคลองเตย กรุงเทพมหานคร 10110",places,high,,,D061,2,"same coords, same place_id"
PFPสงขลา,4,PFP สงขลา,,,,,,,,,,,,
MR.NOPPOL,4,,MR.NOPPOL,13.7279775,100.37485989999999,ChIJVzo8vaGX4jARPe_g4wHfh_o,3 84 ซ. เศรษฐกิจ 22-7 แขวงบางไผ่ บางแค กรุงเทพมหานคร 10160,places,high,,,,,
"โคโค่เนส (ดำเนินสะดวก, ราชบุรี)",4,,"ดำเนินสะดวก, ราชบุรี โคโค่เนส",13.5683283,99.90376599999999,ChIJpzrw76DZ4jARh4bhMFNci2w,HW93+8GJ 325 ตำบล แพงพวย อำเภอดำเนินสะดวก ราชบุรี 70130,places,medium,,,,,
โอคินอสฟู้ด (OKF) /TUF,4,,OKF โอคินอสฟู้ด /TUF,13.570111299999999,100.2989623,ChIJz79Nevu44jARealzzY_bheY,"85, 85/2, 30/2, 42/1 ตำบล นาดี อำเภอเมืองสมุทรสาคร สมุทรสาคร 74000",places,high,,,D019,6,"same coords, same place_id"
ชลบุรี ออฟฟิศใหม่,4,,ชลบุรี ออฟฟิศใหม่,13.580922999999999,100.9511885,ChIJtQ3pPgBBHTERS9qVtSYMRzI,PR4C+6H8 กรุงเทพมหานคร อำเภอบางปะกง ฉะเชิงเทรา 10520,places,low,,,,,
โรบินสัน ศรีราชา,4,,โรบินสัน ศรีราชา,13.168352899999999,100.9309167,ChIJq3aPn_m3AjERkdGkA56KbsY,90/1 ถ. สุขุมวิท ตำบล ศรีราชา อำเภอศรีราชา ชลบุรี 20110,places,high,,,,,
ทิมฟู้ด,4,บริษัท ทิมฟู้ด จำกัด,,,,,,,,,,,,
เอ็มไพส์ ทาวเวอร์,4,,เอ็มไพส์ ทาวเวอร์,13.7204547,100.5303727,ChIJzYUZzzKf4jARjboQTyTdndE,102 ถนน นราธิวาสราชนครินทร์ แขวงสีลม เขตบางรัก กรุงเทพมหานคร 10500,places,medium,,,,,
TUFโรงหมีก,4,,TUFโรงหมีก,12.709393299999999,101.2381302,ChIJ7cSGKXH7AjERtV4j7K7z8f4,29 ซอย โรงหมึก 1 ตำบลทับมา อำเภอเมืองระยอง ระยอง 21000,places,medium,,,D018,2,"same coords, same place_id"
ห้องเย็นบางกอกซีฟู้ด,4,,ห้องเย็นบางกอกซีฟู้ด,13.5751479,100.30760959999999,ChIJAQBUBzG_4jARc0Ex6_9_QEk,66 8 ถ. เอกชัย ตำบล นาดี อำเภอเมืองสมุทรสาคร สมุทรสาคร 74000,places,high,,,D047,3,"same coords, same place_id"
อยุธยาซิตี้ พาร์ค,4,อยุธยา ซิตี้พาร์ค,,,,,,,,,,,,
TFG (Kanchanaburi) Ferozen,4,,Kanchanaburi TFG Ferozen,14.061794299999999,99.8033358,ChIJQYKSmIgH4zARlrqnbKYUFsI,46 19 ตำบล อุโลกสี่หมื่น อำเภอท่ามะกา กาญจนบุรี 71130,places,low,,,,,
ขายดีพันล้าน ระยอง,4,,ขายดีพันล้าน ระยอง,13.032929399999999,101.2183781,ChIJx_cMEk_bAjERMiISs_gbup8,33/8 ตำบลตาสิทธิ์ ปลวกเเดง ระยอง 21140,places,medium,,,,,
JAO,4,,JAO,13.7893683,100.5643716,ChIJndyCNACd4jAR82-z5tqV5GM,"456, 6 ถ. สุทธิสารวินิจฉัย แขวงรัชดาภิเษก เขตดินแดง กรุงเทพมหานคร 10400",places,low,,,,,
PACS (แปซิฟิค สระบุรี) เดือน12/2025,4,,แปซิฟิค สระบุรี PACS,14.7336831,100.7793616,ChIJP2yEciD9HTERFeSx5fZ9ZOs,หมู่ที่ 13 1 ถ. พหลโยธิน ตำบล พระพุทธบาท อำเภอพระพุทธบาท สระบุรี 18120,places,low,,was wrongly geocoded to PCS Samut Sakhon; re-geocoded,D005,2,"same coords, same place_id"
(OR),4,OR,,,,,,,,,,,,
เดอะมอลล์โคราช,4,,เดอะมอลล์โคราช,14.980669200000001,102.0764698,ChIJUeW1za1MGTER2Hgaa7DS1wA,1242 ถ. มิตรภาพ ตำบลในเมือง อำเภอเมืองนครราชสีมา นครราชสีมา 30000,places,high,,,,,
โรบินสันบุรีรัมย์,4,,โรบินสันบุรีรัมย์,14.973137,103.0640698,ChIJ13kHK4yWGTERfQNCM72iSGs,125 ม.6 ถนน บุรีรัมย์ - นางรอง ตำบล อิสาณ อำเภอเมืองบุรีรัมย์ บุรีรัมย์ 31000,places,high,,,,,
MARS CHB,4,มาร์ส เพ็ทแคร์ (ประเทศไทย) จำกัด - ชลบุรี,,,,,,,,,,,,
ชิงฟู่,3,,ชิงฟู่,13.663895,100.64978699999999,ChIJs5FSxkBfHTERyJ7aXaJDRHA,ซอย บางนา-ตราด 54 แขวงบางนาใต้ เขตบางนา กรุงเทพมหานคร 10260,places,high,,,,,
FUJI Factory Phase 2,3,,FUJI Factory Phase 2,13.5714855,100.7573663,ChIJlx2TcKlbHTERKfSoFab1yBE,HQC4+HWX ถนนเลียบคลองส่งน้ำสุวรรณภูมิ ตำบล บางปลา อำเภอบางพลี สมุทรปราการ 10540,places,high,,,,,
พระราม 2,3,พระราม 2,,,,,,,,,,,,
เชสเตอร์ฟู้ด พันธุ์ทิพย์ งามวงศ์วาน,3,,เชสเตอร์ฟู้ด พันธุ์ทิพย์ งามวงศ์วาน,13.857828999999999,100.53694999999999,ChIJVTc1KgCd4jARJ_wegicIVrY,"217, 219 ห้องเลขที่ 1007 ชั้น 1 ถนน งามวงศ์วาน ตำบลบางเขน อำเภอเมืองนนทบุรี นนทบุรี 11000",places,high,,,,,
Oishi (นวนคร),3,,นวนคร Oishi,14.1072822,100.593352,ChIJJRebQAx_4jARNrO88dXw4PI,"60, 68 ซอยคลองหลวง 17 ตำบล คลองหนึ่ง อำเภอคลองหลวง ปทุมธานี 12120",places,high,,,D198,2,"same coords, same place_id"
ไทยกรีน - PCS (ห้องเย็นแปซิฟิค),3,,ไทยกรีน,13.6119986,100.33724289999999,ChIJ7WyShK2-4jAR1OdtPHrfi6U,8/5 ตำบล คอกกระบือ ตำบล บางน้ำจืด อำเภอเมืองสมุทรสาคร สมุทรสาคร 74000,places,high,,was wrongly geocoded to PCS Samut Sakhon; re-geocoded,,,
Amporn นครสวรรค์,3,,Amporn นครสวรรค์,15.721555899999998,100.1210586,ChIJryxYGQBP4DAROLIRgcIeJ4E,"P4CC+JCF ต. วัดไทร, ตำบลวัดไทร อำเภอเมืองนครสวรรค์ นครสวรรค์ 60000",places,low,,,D251,2,"same coords, same place_id"
VA VA สิงห์บุรี,3,Va Va สิงห์บุรี,,,,,,,,,,,,
สุกี้ศาลายา,3,,สุกี้ศาลายา,13.802671799999999,100.30492459999999,ChIJ-7JRgcGT4jARQOEdRhCs0aA,ถนน R833+3X7 ทางหลวง ชนบท นครปฐม 4006 ตำบล ศาลายา อำเภอพุทธมณฑล นครปฐม 73170,places,high,,,,,
ชีสไพ บางพลี,3,,ชีสไพ บางพลี,13.6817622,100.70538379999999,ChIJ-SqrBahgHTER3syf17c9Lik,101 ซอย กาญจนาภิเษก 39 แยก 10 แขวงดอกไม้ เขตประเวศ กรุงเทพมหานคร 10260,places,low,,,,,
สายบางพลี,3,,สายบางพลี,13.603413699999999,100.70782559999999,ChIJy1K2sbteHTERSFX3EpTBvPE,89 หมู่ที่ 9 ถ. เทพารักษ์ ตำบล บางพลีใหญ่ อำเภอบางพลี สมุทรปราการ 10540,places,high,,,,,
ลำพูน,3,,ลำพูน,18.5744357,99.00369719999999,ChIJHxRsiNzT2zARgYyIDKKXXgU,ลำพูน,places,high,,,,,
แพ็คฟู้ดส์,3,,แพ็คฟู้ดส์,13.570064499999999,100.30206129999999,ChIJPRR1jAy54jAReOcp5d5Ce6o,49 12 ตำบล นาดี อำเภอเมืองสมุทรสาคร สมุทรสาคร 74000,places,high,,,D032,4,"same coords, same place_id"
ลูกค้านครปฐม,3,,ลูกค้านครปฐม,13.815014600000001,100.05344509999999,ChIJFwSXk8Pl4jAR-vj9IyImUTQ,ตำบลพระปฐมเจดีย์ อำเภอเมืองนครปฐม นครปฐม 73000,places,medium,,,,,
Green Food Factory (เชียงราก),3,,เชียงราก Green Food Factory,14.0478965,100.5705382,ChIJpQyeNIGA4jARm8ZZrg8J6s0,125 ตำบล เชียงรากใหญ่ อำเภอสามโคก ปทุมธานี 12160,places,high,,,,,
ROYAL PLUS,3,,ROYAL PLUS,13.6408662,100.4249347,ChIJmyVCw9684jARcpEqva1qahY,"84, 3-7 ถนนพระราม 2 ซอย 69 แขวงแสมดำ เขตบางขุนเทียน กรุงเทพมหานคร 10150",places,high,,,,,
LKB 6,3,,LKB 6,13.7348611,100.7669706,ChIJ_-O7ymhnHTERz7j2vYdXtFo,33/4 ซ. ไอซีดี 7 แขวงคลองสามประเวศ เขตลาดกระบัง กรุงเทพมหานคร 10520,places,high,,,D011,5,"same coords, same place_id"
จีน นีเอล เอเชีย,3,,จีน นีเอล เอเชีย,14.0365849,100.6146144,ChIJnwGiAJGB4jARxSxKsE-Adzc,"โครงการ รังสิตพรอสเพอร์เอสเตท Rangsit Prosper Estate ,M.5, ตำบล คลองหนึ่ง อำเภอคลองหลวง ปทุมธานี 12120",places,high,,,D241,2,"same coords, same place_id"
ยูไนเต็ดฟู้ดส์,3,,ยูไนเต็ดฟู้ดส์,13.557362999999999,100.75626109999999,ChIJp1F_agBbHTERL5c20xYpXvQ,HQ44+WGR บางกะสี ตำบล บางปลา อำเภอบางพลี สมุทรปราการ 10540,places,high,,,,,
ยูไนเต็ดเคียวเอะฟู้ดส์ สมุทรปราการ,3,,ยูไนเต็ดเคียวเอะฟู้ดส์ สมุทรปราการ,13.6534462,100.55181720000002,ChIJh85tAZih4jARKJJlPVAm7zg,ถ. ปู่เจ้าสมิงพราย ตำบล บางหญ้าแพรก อำเภอพระประแดง สมุทรปราการ 10130,places,high,,,D256,2,"same coords, same place_id"
สหมิตรโคราช,3,,สหมิตรโคราช,14.9954486,102.07195259999999,ChIJBU8Sq1RLGTERHU4FQkW5PPQ,X3WC+5QG ซอย ตะคองเก่า 10 ตำบล หนองกระทุ่ม อำเภอเมืองนครราชสีมา นครราชสีมา 30000,places,medium,,,D229,2,"same coords, same place_id"
Kemira บางปะกง,3,,Kemira บางปะกง,13.592761900000001,100.94893640000001,ChIJ9y92DMVAHTER5WphMm-i8Rc,HWVX+4H3 ตำบล บางสมัคร อำเภอบางปะกง ฉะเชิงเทรา 24180,places,high,,,,,
: Fuji Seal Packaging,3,,: Fuji Seal Packaging,13.5508926,100.3401234,ChIJtVOqHFC44jARtPCxWRuZYZA,30 นิคมสินสาคร 38 หมู่ที่ 1 ถนน เจษฎาวิถี ตำบล โคกขาม อำเภอเมืองสมุทรสาคร สมุทรสาคร 74000,places,high,,,,,
อิชิตัน อ.อุทัย อยุธยา,3,,อิชิตัน อ.อุทัย อยุธยา,14.345678600000001,100.67836489999999,ChIJhRi6o8eLHTERocW86BNP8Po,8MWH+87F ตำบล อุทัย อำเภออุทัย จังหวัดพระนครศรีอยุธยา 13210,places,low,,,D219,2,"same coords, same place_id"
CP พิษณุโลก,3,,CP พิษณุโลก,16.810208499999998,100.2619625,ChIJNWwahdeX3zAR-VesPLpmeW4,55 39-41 ถนน ศรีธรรมไตรปิฏก ตำบล ในเมือง อำเภอเมืองพิษณุโลก พิษณุโลก 65000,places,high,,,D185,2,"same coords, same place_id"
ซีพี เมจิ,3,,ซีพี เมจิ,14.4425063,100.8976556,ChIJd-k2pnvrHTERik8-W-m36Ho,2 9 ถ. พหลโยธิน หมู่ที่ 4 ตำบล หนองนาก อำเภอหนองแค สระบุรี 18230,places,high,,,,,
LV The Place Bangkok,3,,LV The Place Bangkok,13.7439979,100.5413947,ChIJiREq88Gf4jARC01fdjchy44,"Unit 2F-S01-A, Second Floor, Unit A, 5th Floor Gaysorn Amarin, 502 ถนน เพลินจิต แขวงลุมพินี เขตปทุมวัน กรุงเทพมหานคร 10330",places,high,,,,,
"LHBK Co,.LTD.",3,,"LHBK Co,.LTD.",13.6842518,100.70517889999999,ChIJI1F4qsphHTERn9POSfTCu_k,"66 47 Soi, แขวงดอกไม้ เขตประเวศ กรุงเทพมหานคร 10250",places,high,,,,,
เฟรทมีท,3,,เฟรทมีท,13.781177399999999,100.2180961,ChIJm3vdAUDs4jARCWPMyoT5ErU,12/2 หมู่2 ถนนพุทธมณฑลสาย 7 ตำบล ขุนแก้ว อำเภอนครชัยศรี นครปฐม 73120,places,high,,,D103,2,"same coords, same place_id"
LKB 4 TIFFA,3,,LKB 4 TIFFA,13.7409445,100.7666649,ChIJ-5V0S2JmHTERGVX8c7RFx0k,21 ถนน ไอซีดี ซอย3 แขวงคลองสามประเวศ เขตลาดกระบัง กรุงเทพมหานคร 10520,places,high,,,,,
DC Makro Wang Noi (2025),3,,2025 DC Makro Wang Noi,14.178825199999999,100.6490192,ChIJFz0Wb_KHHTER72_9T4QoY6U,155 ตำบล พยอม อำเภอวังน้อย จังหวัดพระนครศรีอยุธยา 13170,places,medium,,,D249,2,"same coords, same place_id"
Suleeporn (บ.โฟรเซ่นซัพพอร์ท),3,,บ.โฟรเซ่นซัพพอร์ท Suleeporn,13.5667616,100.2948619,ChIJ8cAQSrW54jARKa_IQ8IFiRk,48/184 หมู่ที่ 4 นาดี ตำบล นาดี อำเภอเมืองสมุทรสาคร สมุทรสาคร 74000,places,high,,,,,
AEP,3,,AEP,13.995975699999999,100.6658149,ChIJVf2Clvh-HTER-vO-9pXASe8,5/55 หมู่2 อาคารบีบอย ถ. รังสิต - นครนายก ซอย 4 ตำบลบึงยี่โถ อำเภอธัญบุรี ปทุมธานี 12130,places,low,,,,,
เจอเนอรัล ฟู้ดส์,3,,เจอเนอรัล ฟู้ดส์,13.7980237,100.5759166,ChIJK5A7Isud4jARMcJsT6ilvGs,410 51-55 ซอย รัชดาภิเษก 24 แขวงสามเสนนอก เขตห้วยขวาง กรุงเทพมหานคร 10310,places,medium,,,,,
THAIMAX (King Kaew),3,,King Kaew THAIMAX,13.646389,100.7133216,ChIJk_U-cfddHTEROPS_i3mv2O0,"65 Amphur, 1 ซอย กิ่งแก้ว 1ค ตำบลราชาเทวะ อำเภอบางพลี สมุทรปราการ 10540",places,medium,,,D109,5,"same coords, same place_id"
Black Salmon Cold Store (ภูเก็ต),3,,ภูเก็ต Black Salmon Cold Store,7.993192699999999,98.30637329999999,ChIJJxt5VNg5UDAREXZK_Ie1zAM,164 Baandon Cherngtalay ตำบลเชิงทะเล อำเภอถลาง ภูเก็ต 83110,places,high,,,D206,3,"same coords, same place_id"
พระราม2,3,พระราม2,พระราม2,13.556753299999999,100.27164599999999,ChIJ6dt3qWS44jARksAfbl71cTM,โรงพยาบาลพระราม 2 ตำบลมหาชัย อำเภอเมืองสมุทรสาคร สมุทรสาคร 74000,places,high,,,,,
กรีนเดลี่ ฟู้ดส์,3,,กรีนเดลี่ ฟู้ดส์,14.056854,100.69336489999999,ChIJoRYp0uWBHTERM3EejtdwlxY,12 หมู่ 5 ซ. คลองสี่ตะวันออก 24 ตำบล คลองสี่ อำเภอคลองหลวง ปทุมธานี 12120,places,high,,,,,
ออฟฟิต มารูฮะ สาทร,3,,ออฟฟิต มารูฮะ สาทร,13.721796,100.532185,ChIJ7UdvjTKf4jARuwiC4HcSnRQ,"175 B fl, South Sathorn City Tower Tungmahamek เขตสาทร กรุงเทพมหานคร 10120",places,low,,,,,
GEN - Y FOOD,3,,GEN - Y FOOD,13.6543341,100.3539753,ChIJdQBNejK84jAR8ihVRwEvqAk,"656,658,660,662 ถนนบางบอน 5 แขวงบางบอน เขตบางบอน กรุงเทพมหานคร 10150",places,low,,,D194,2,"same coords, same place_id"
บริษัท ตรังผลิตภัณฑ์อาหารทะเล จำกัด (มหาชน),3,,มหาชน บริษัท ตรังผลิตภัณฑ์อาหารทะเล จำกัด,7.5401842,99.5834849,ChIJu5K1TLONTTARelDHQ3W2-eo,"บริษัทตรังผลิตภัณฑ์อาหารทะเล Tab Teing, อำเภอเมืองตรัง ตรัง 92000",places,high,,,,,
ไรซูชิ,3,,ไรซูชิ,13.56925,100.28887189999999,ChIJ8ewtafG44jARkOgk-cqvZl8,พอร์โต้ชิโน่ ตำบล นาดี อำเภอเมืองสมุทรสาคร สมุทรสาคร 74000,places,low,,,,,
ย่างเนยบางแค,3,บ่างเนยบางแค,,,,,,,,,,,,
TRC (รับของบูธกลับ),3,,รับของบูธกลับ TRC,13.5991609,100.298738,ChIJm-LgSxW54jAR1_TujpFWJAA,บ้านเลขที่ 11 ถ. สี่วาพาสวัสดี - เอกชัย ตำบล นาดี อำเภอเมืองสมุทรสาคร สมุทรสาคร 74000,places,low,,,,,
ครัวการบินไทย ดอนเมือง,3,,ครัวการบินไทย ดอนเมือง,13.9343112,100.61125369999999,ChIJ57rW9nKC4jARJvQ1bE9EIlw,WJM6+R4F แขวงสนามบิน ดอนเมือง กรุงเทพมหานคร 10210,places,high,,,,,
ลัคกี้สตาร์ห้องเย็น,3,,ลัคกี้สตาร์ห้องเย็น,13.5313083,100.6419138,ChIJ6RpxhHlfHTERotj-oGpkCc0,หมู่ที่ 2 888/8 ถนน สุขุมวิท ตำบล บางปูใหม่ อำเภอเมืองสมุทรปราการ สมุทรปราการ 10280,places,high,,,,,
เจนเนอรัล เบฟเวอเรจ (นครปฐม),3,,นครปฐม เจนเนอรัล เบฟเวอเรจ,13.672651400000001,100.0839975,ChIJMboQUwPq4jARvgSy8Gf3SoA,หมู่ที่ 6 ทางหลวง 375 ตำบล คลองจินดา อำเภอสามพราน นครปฐม 73110,places,high,,,D247,2,"same coords, same place_id"
Food Classic,3,Food Calssic,,,,,,,,,,,,
Eastern sea,3,Eastern Sea,,,,,,,,,,,,
Makro DC Wangnoi,3,,Makro DC Wangnoi,14.1832728,100.64675779999999,ChIJMUNY7guHHTER9HPQ_GvvHHg,5JMW+8P2 ถ. พหลโยธิน ตำบล พยอม อำเภอวังน้อย จังหวัดพระนครศรีอยุธยา 13170,places,high,,,D237,2,"same coords, same place_id"
PFP Shop ตลาดไท,3,,PFP Shop ตลาดไท,14.0824205,100.6233668,ChIJS44xW3aAHTERdsJImXHPsuw,อาคารเนื้อสัตว์ตลาดไท 31 ตำบล คลองหนึ่ง อำเภอคลองหลวง ปทุมธานี 12120,places,high,,,,,
LINFOX BANGNA,3,,LINFOX BANGNA,13.608979,100.7762795,ChIJKVgLQZVcHTERJwEggu-sLko,ตำบลบางโฉลง อำเภอบางพลี สมุทรปราการ 10540,places,medium,,,D111,4,"same coords, same place_id"
HHT (พาเลท),3,,พาเลท HHT,13.424830199999999,101.08953749999999,ChIJP7gqXjAxHTERtOjO_UkNUF0,32/6-7 ม.2 ต ตำบล หนองกะขะ อำเภอพานทอง ชลบุรี 20160,places,medium,,,,,
สยามฟู้ด (ศูนย์กระจายสินค้าโลตัส ลําลูกกา),3,,ศูนย์กระจายสินค้าโลตัส ลําลูกกา สยามฟู้ด,13.977191999999999,100.7407233,ChIJ11zn6Ax5HTER7qzGhaqgwj0,ทางหลวงชนบท ปทุมธานี 3004 ตำบล บึงคำพร้อย อำเภอลำลูกกา ปทุมธานี 12150,places,high,,,D232,3,"same coords, same place_id"
CTI cold chain พระราม4,3,CTI Cold Chain พระราม 4,,,,,,,,,,,,
RCA พระราม9,3,,RCA พระราม9,13.7470721,100.5797079,ChIJLasXk2yZ4jARCHMEprR6L1w,31 5 ถ. เพชรบุรี แขวงบางกะปิ เขตห้วยขวาง กรุงเทพมหานคร 10310,places,medium,,,,,
CPF โรงงานไข่แปรรูปบ้านนา นครนายก,3,,CPF โรงงานไข่แปรรูปบ้านนา นครนายก,14.223037,101.069442,ChIJSeKj0Tm9HTERFJN2HDPhBMk,"199/1-3, หมู่ที่3, ตำบล ทองหลาง อำเภอบ้านนา นครนายก 26110",places,medium,,,D201,3,"same coords, same place_id"
CTDวังน้อย อยุธยา,3,,CTDวังน้อย อยุธยา,14.247027899999999,100.74735199999999,ChIJfwb9i2WPHTERm6gcXvnx2aM,6PWW+RW9 ถ. พหลโยธิน ตำบล ชะแมบ อำเภอวังน้อย จังหวัดพระนครศรีอยุธยา 13170,places,medium,,,D181,3,"same coords, same place_id"
คลังสินค้า Hai Di Lao,3,,คลังสินค้า Hai Di Lao,13.5666375,100.77851559999999,ChIJYctqZgBbHTERvMNZ3Bv3Ks0,HQ8H+MC2 อีฟแอนด์บอย ตำบลบางเสาธง อำเภอบางเสาธง สมุทรปราการ 10540,places,medium,,,,,
โมบายโลจิสติกส์,3,,โมบายโลจิสติกส์,13.5708881,100.7637069,ChIJXxDdewBbHTERhM14oEPmd7o,"444/14 ,444/15 ตำบล บางปลา อำเภอบางพลี สมุทรปราการ 10540",places,high,,,D063,3,"same coords, same place_id"
สแนคกี้ไทย ปทุมธานี,3,,สแนคกี้ไทย ปทุมธานี,14.118852899999998,100.6016698,ChIJH5WaPmp_4jARJdDMnOJTS-U,"〒12120 Pathum Thani, Khlong Luang District, Klong Luang 101/1 Nava Nakorn Industrial Estate, Moo20 Phaholyothin Road, Klong1",places,high,,,D180,3,"same coords, same place_id"
Tawandang ชัยนาท,3,,Tawandang ชัยนาท,15.121861099999997,99.91900369999999,ChIJH_Jdmj6e4TARA8dQF83sBXs,88 ตำบล หนองแซง อำเภอ หันคา ชัยนาท 17160,places,high,,,,,
บริษัทสำราญทรัพย์ฟู้ดส์ จำกัด,3,,บริษัทสำราญทรัพย์ฟู้ดส์ จำกัด,14.9134029,101.00375790000001,ChIJR4nz-71zHjERmhkF6zU6BZI,ตำบล พัฒนานิคม อำเภอพัฒนานิคม ลพบุรี 15140,places,high,,,,,
Thai Green,3,,Thai Green,13.7339022,100.52715429999999,ChIJqbY8qZiZ4jARHjnIHeP5GDA,312 ติดกับ ศาลเจ้าพ่อเสือสามย่าน แขวงวังใหม่ เขตปทุมวัน กรุงเทพมหานคร 10330,places,high,,,,,
มากุโระ สายแจ้งวัฒนะ,3,,มากุโระ สายแจ้งวัฒนะ,13.903060199999999,100.532935,ChIJYXGeqGOD4jAR_0vlyzyFomQ,54 ซอย แจ้งวัฒนะ-ปากเกร็ด 29 ตำบลคลองเกลือ อำเภอปากเกร็ด นนทบุรี 11120,places,high,,,,,
ชิค รีพับบลิค ราชพฤกษ์,3,,ชิค รีพับบลิค ราชพฤกษ์,13.905233899999999,100.45034009999999,ChIJI1H3s3Ka4jAR_K5IPfLcjgU,6 15 หมู่ที่ 2 ถ. ราชพฤกษ์ ตำบล อ้อมเกร็ด อำเภอปากเกร็ด นนทบุรี 11120,places,high,,,D255,2,"same coords, same place_id"
PTT innovation,3,,PTT innovation,14.2885371,100.8101647,ChIJO3ROWtuRHTERH_XXJ7pQyPg,711 ถ. พหลโยธิน ตำบล สนับทึบ อำเภอวังน้อย จังหวัดพระนครศรีอยุธยา 13170,places,high,,,,,
สำนักงานคณะกรรมการอาหารและยา (อย.) ควบคุมอุณหภูมิ),3,,อย. สำนักงานคณะกรรมการอาหารและยา ควบคุมอุณหภูมิ),13.8468552,100.5278498,ChIJN5Ta0Pmb4jARtN-XGPFIxD4,RGWH+P4X ซอย สาธารณสุข 1 ตำบลบางเขน อำเภอเมืองนนทบุรี นนทบุรี 11000,places,high,,,D257,2,"same coords, same place_id"
รพ.เจ้าพระยาอภัยภูเศร/ปราจีน,3,,รพ.เจ้าพระยาอภัยภูเศร/ปราจีน,14.0543455,101.3957653,ChIJmUE2665VHDERtAiGDrVVO-g,เลขที่ 32/7 หมู่ 12 ถนน ปราจีนอนุสรณ์ ตำบล ท่างาม อำเภอเมืองปราจีนบุรี ปราจีนบุรี 25000,places,high,,,,,
ไทย ออซัม (,3,ไทย ออซัม,,,,,,,,,,,,
เอกมัย,3,,เอกมัย,13.719516599999999,100.58510749999999,ChIJQe4gSKWf4jARQXDtDiXmVT0,แขวงพระโขนง เขตคลองเตย กรุงเทพมหานคร 10110 ประเทศไทย,places,high,,,,,
KINGSQUARE,3,,KINGSQUARE,13.6906283,100.5268523,ChIJ2zOjiHCj4jARqVutGOe8SNs,"KingsQuare Residence, a luxury condominium on Ratchada, ถ. พระรามที่ 3 แขวงบางโพงพาง เขตยานนาวา กรุงเทพมหานคร 10120",places,high,,,,,
D DEPOT 1 KM.13,3,,D DEPOT 1 KM.13,13.6301797,100.7165079,ChIJoXbjAZNnHTERvKGXcUbOAx4,"10, 17 Bangna-trad KM.13 road, ตำบลราชาเทวะ อำเภอบางพลี สมุทรปราการ 10540",places,medium,,,D083,3,"same coords, same place_id"
KRUGER,3,,KRUGER,13.5470502,100.3400985,ChIJsYGEkI-54jARwCmykfbI7Is,นิคมอุตสาหกรรมการพิมพ์และบรรจุภัณฑ์สินสาคร 30/104 ตำบล โคกขาม อำเภอเมืองสมุทรสาคร สมุทรสาคร 74000,places,low,,,,,
Nishihara,3,,Nishihara,13.623564600000002,100.74744079999999,ChIJY8v7cCxcHTERTDcNxEpCmsI,"41/34 ถนน บางนา ตราด กม16, ตำบลบางโฉลง อำเภอบางพลี สมุทรปราการ 10540",places,low,,,D102,5,"same coords, same place_id"
โทเครุ,3,,โทเครุ,13.754869,100.57348640000001,ChIJCw4G64Wf4jARybmoFdHYrjg,246/1-8 อาคารเอส โครงการรอยัลซิตี้อเวนิว ถ. พระราม 9 แขวงห้วยขวาง เขตห้วยขวาง กรุงเทพมหานคร 10310,places,high,,,D147,4,"same coords, same place_id"
Tako,3,,Tako,13.7370621,100.7090843,ChIJ8cBu9bZnHTERy1IkC4wpkFc,11 11 ถ. พัฒนาชนบท 3 แขวงคลองสองต้นนุ่น เขตลาดกระบัง กรุงเทพมหานคร 10520,places,low,,,,,
PAC A - LCB B2,3,,PAC A - LCB B2,13.062483700000001,100.89490420000001,ChIJQ-zyU2G5AjERv9-1Q_Vg6dw,จุดรับตู้ท่าเรือแหลมฉบัง B2 ตำบลทุ่งสุขลา อำเภอศรีราชา ชลบุรี 20230,places,low,,,D258,2,"same coords, same place_id"
บางกระดี่,3,,บางกระดี่,13.600254399999999,100.4056828,ChIJ4ZnvKX274jARFsZN_d404sI,JC24+473 41หมู่ 8 ถนน ถ. บางกระดี่ แขวงแสมดำ เขตบางขุนเทียน กรุงเทพมหานคร 10150,places,high,,,,,
NextDay/เฝอซิลล่า,3,,NextDay/เฝอซิลล่า,13.7044854,100.4471885,ChIJaVAiH6uZ4jARWipQkLd6m60,"16, 9 Kanlapaphruek Rd, แขวงบางขุนเทียน เขตจอมทอง กรุงเทพมหานคร 10150",places,medium,,,,,
มหาชัยมารีน,3,,มหาชัยมารีน,13.582122,100.3172201,ChIJPQAAAADH4jARXaHVWvQAYa4,79 ถ. เอกชัย ตำบล นาดี อำเภอเมืองสมุทรสาคร สมุทรสาคร 74000,places,high,,,D121,2,"same coords, same place_id"
DCH Auriga Warehouse (ขนอุปกรณ์),3,,ขนอุปกรณ์ DCH Auriga Warehouse,13.5939371,100.7953067,ChIJxVFxOqxcHTERh2XmyK2Pxpk,HQVW+H4F ตำบล ศีรษะจรเข้ใหญ่ อำเภอบางเสาธง สมุทรปราการ 10540,places,high,,,D165,2,"same coords, same place_id"
บริษัท บี โคลเวอร์ อินดัสเทรียล จำกัด,3,,บริษัท บี โคลเวอร์ อินดัสเทรียล จำกัด,13.613631199999999,100.31498710000001,ChIJvdXlpFC94jARpPaarsTxc0g,30/20 ตำบล คอกกระบือ อำเภอเมืองสมุทรสาคร สมุทรสาคร 74000,places,high,,,,,
บ.ไทยโอเชี่ยน ภูเก็ต,3,,บ.ไทยโอเชี่ยน ภูเก็ต,7.8754893,98.41444369999999,ChIJW1VVVRU3UDAR-aaYSsz4X9s,64/213 หมู่ที่ 7 ถนนอนุภาษภุเก็ตการ ตำบล รัษฎา อำเภอเมืองภูเก็ต ภูเก็ต 83000,places,high,,,D239,3,"same coords, same place_id"
Royal Plus (แพรกหนามแดง),3,Royal Plus แพรกหนามแดง,,,,,,,,,,,,
NextDay/รักชัย - คลังอิมแพค,3,,NextDay/รักชัย - คลังอิมแพค,13.5498544,100.2802232,ChIJE4BmOvm54jAR5MAJQ_-VfmY,814/141 ตำบลมหาชัย เมือง สมุทรสาคร 74000,places,low,,,,,
ไทยเดลมาร์ (สมุทรปราการ),3,,สมุทรปราการ ไทยเดลมาร์,13.666726700000002,100.90654719999999,ChIJGzNuHg6n4jARtq0tsSOqNew,เลขที่ 88/8 นิคมอุตสาหกรรมเอเซีย (สุวรรณภูมิ) หมู่ 4 ซอยเอเซียอเวนิว 2 ตำบล คลองสวน อำเภอบางบ่อ สมุทรปราการ 10560,places,high,,,,,
BANGKOK SEAFOOD,3,,BANGKOK SEAFOOD,13.575146799999999,100.30761919999999,ChIJka8ICD254jARlTt748GUc0g,66 8 ถ. เอกชัย ตำบลนาดี อำเภอเมืองสมุทรสาคร สมุทรสาคร 74000,places,high,,,,,
MR บางบ่อ,3,,MR บางบ่อ,13.5867719,100.8380432,ChIJYZKrOhpDHTERN4kMswsl6jA,"TIA KUI HUAD MARKET ฺ320/10, Ban, ตำบล บางบ่อ อำเภอบางบ่อ สมุทรปราการ 10560",places,high,,,,,
ฟูจิ 39,3,,ฟูจิ 39,13.742275,100.57213709999999,ChIJs9sY1fie4jARKZRDmJSfm0A,"79/79, 79/80, 79/97 พร้อมพงษ์ 79/109 ซ. สุขุมวิท 39 แขวงคลองตันเหนือ เขตวัฒนา กรุงเทพมหานคร 10110",places,high,,,D131,5,"same coords, same place_id"
ทวีวงษ์ (หาดใหญ่),3,,หาดใหญ่ ทวีวงษ์,6.9677745,100.50353319999999,ChIJ9T1y3arXTDARwvPc1wiwgOY,85 หมู่4 ถ.สายเอเชียจะนะ ตำบล นาหม่อม อำเภอ นาหม่อม สงขลา 90310,places,medium,,,,,
FISP,3,,FISP,13.7303006,100.73298249999999,ChIJgb7KhrtnHTER3lXUqYNrN3g,"36/44 RK Biz Center, ถ. กรุงเทพ - ชลบุรี สายใหม่ แขวงคลองสองต้นนุ่น เขตลาดกระบัง กรุงเทพมหานคร 10520",places,low,,,,,
ห้องเย็นคาบิเนท จ.อยุธยา,3,,ห้องเย็นคาบิเนท จ.อยุธยา,14.2120249,100.6774667,ChIJ4wAeLTiGHTERkQ2rh3qFZ10,222 หมู่ที่ 4 ถ. พหลโยธิน ตำบล ลำไทร อำเภอวังน้อย จังหวัดพระนครศรีอยุธยา 13170,places,high,,,,,
PFPพระราม3,3,,PFPพระราม3,13.703784299999999,100.5447126,ChIJ859c4C6f4jARlOAWDHAMIpU,216/34 ถนน นางลิ้นจี่ ช่องนนทรี เขตยานนาวา กรุงเทพมหานคร 10120,places,high,,,,,
โรงงานนวนคร,3,,โรงงานนวนคร,14.115378999999999,100.6032034,ChIJBSqrckJ_4jARTRgsfbh1HIk,999 หมู่ที่ 13 ถ. พหลโยธิน ตำบล คลองหนึ่ง อำเภอคลองหลวง ปทุมธานี 12120,places,low,,,,,
บริษัท โมเดิร์น ฟาร์มา (สุขสวัสดิ์),3,บริษัท โมเดิร์น ฟาร์มา (สุขสวัสดิ์),สุขสวัสดิ์ บริษัท โมเดิร์น ฟาร์มา,13.6039182,100.5563809,ChIJoe9PltSm4jARJR_W-xmwYAc,หมู่ที่ 1 197/1 ถ. สุขสวัสดิ์ ตำบล ปากคลองบางปลากด อำเภอพระสมุทรเจดีย์ สมุทรปราการ 10290,places,high,,,,,
บริษัทพิศมัยผลไม้แช่แข็งจำกัด,3,,บริษัทพิศมัยผลไม้แช่แข็งจำกัด,13.522098,99.77404849999999,ChIJbZI8jaUv4zAR-XZh7lx71Es,138 3 ตำบล เจดีย์หัก อำเภอเมืองราชบุรี ราชบุรี 70000,places,high,,,D238,2,"same coords, same place_id"
Gyu - Kaku Japanese BBQ Thaniya,3,,Gyu - Kaku Japanese BBQ Thaniya,13.7286761,100.5340018,ChIJmUeaCiyf4jARH7UOIF1faaY,62/5-6 ถ. ธนิยะ แขวงสี่พระยา เขตบางรัก กรุงเทพมหานคร 10500,places,high,,,,,
"BKK/LKB (plug CSM +1,000)",3,,"plug CSM +1,000 BKK/LKB",13.7563309,100.5017651,ChIJ82ENKDJgHTERIEjiXbIAAQE,กรุงเทพมหานคร ประเทศไทย,geocoding,low,,,D189,2,"same coords, same place_id"
สแนคกี้ไทย (นวนคร),3,,นวนคร สแนคกี้ไทย,14.118852899999998,100.6016698,ChIJH5WaPmp_4jARJdDMnOJTS-U,"〒12120 Pathum Thani, Khlong Luang District, Klong Luang 101/1 Nava Nakorn Industrial Estate, Moo20 Phaholyothin Road, Klong1",places,medium,,,D180,3,"same coords, same place_id"
Food Tech,3,,Food Tech,13.566924199999999,100.29461309999999,ChIJk8AcYnm54jARlK6MuAAlJOw,"48 43, ตำบล นาดี Mueang, สมุทรสาคร 74000",places,high,,,,,
เซ็นทรัล ชลบุรี (4 Box),3,,4 Box เซ็นทรัล ชลบุรี,13.337248899999999,100.96952929999999,ChIJHRZFgppKHTERiZn-u52F1Qs,"55/88-89, 55, 91, ถ. สุขุมวิท ตำบล เสม็ด อำเภอเมืองชลบุรี ชลบุรี 20000",places,high,,,D057,4,"same coords, same place_id"
ห้องเย็นMK,3,,ห้องเย็นMK,13.585645500000002,100.2916652,ChIJ5byu8G644jARZvPr_wm_NNc,69 1 ตำบล นาดี อำเภอเมืองสมุทรสาคร สมุทรสาคร 74000,places,high,,,D030,2,"same coords, same place_id"
คลังการบินไทย สนามบินสุวรรณภูมิ,3,,คลังการบินไทย สนามบินสุวรรณภูมิ,13.7043146,100.7569054,ChIJJ4GmjJ9nHTERRgPUqr2rSnk,"Thai Airways International Public Company Limited 6th floor, Operation Center Building Suvarnabhumi Airport 333 หนองปรือ อำเภอบางพลี สมุทรปราการ 10540",places,high,,,,,
ร้านชวนคิทเช่น,3,,ร้านชวนคิทเช่น,13.915087,100.542609,ChIJ-3nl2YeD4jARWNNBD_L6r0A,"Ban mai, Pak Kret District, Nonthaburi 11120",places,high,,,D240,3,"same coords, same place_id"
มารุเอสุ,3,,มารุเอสุ,13.6811891,100.62413989999999,ChIJEyMp4fmf4jARBo-7VDj8FUg,18 5 ซอย อุดมสุข 31 แขวงบางจาก เขตพระโขนง กรุงเทพมหานคร 10260,places,high,,,,,
หลังสวน,3,,หลังสวน,9.9133345,99.05710889999999,ChIJb-cF_sB6VjARUII2LLwjAgM,อำเภอหลังสวน ชุมพร,places,high,,,,,
Va Va สิงห์บุรี เดือนตุลาคม 2568,3,,Va Va สิงห์บุรี เดือนตุลาคม 2568,14.836637500000002,100.40032839999999,ChIJ5QWSqef34TAR2IL3YzX7ADQ,เลขที่ 7 ตำบล จักรสีห์ อำเภอเมืองสิงห์บุรี สิงห์บุรี 16000,places,medium,,,,,
สหามิตร โคราช,3,,สหามิตร โคราช,14.9954486,102.07195259999999,ChIJBU8Sq1RLGTERHU4FQkW5PPQ,X3WC+5QG ซอย ตะคองเก่า 10 ตำบล หนองกระทุ่ม อำเภอเมืองนครราชสีมา นครราชสีมา 30000,places,medium,,,D229,2,"same coords, same place_id"
Central มหาชัย,3,,Central มหาชัย,13.5736089,100.2891216,ChIJl7dE6PG44jARXqpSg2y1998,98 ถ. พระรามที่ 2 ตำบล นาดี อำเภอเมืองสมุทรสาคร สมุทรสาคร 74000,places,high,,,D159,3,"same coords, DIFFERENT place_id"
คลังสินค้าบิ๊กซีเปรง ฉะเชิงเทรา,3,,คลังสินค้าบิ๊กซีเปรง ฉะเชิงเทรา,13.6919147,100.9012679,ChIJgYjW4BlqHTER-jMcCgbunHQ,99 7 ตำบล คลองเปรง อำเภอเมืองฉะเชิงเทรา ฉะเชิงเทรา 24000,places,high,,,D222,3,"same coords, same place_id"
เพลินจิต ทาวเวอร์,3,,เพลินจิต ทาวเวอร์,13.7435177,100.5449604,ChIJyzbMDdCe4jARUxOWxWXeqhg,898 ถนน เพลินจิต แขวงลุมพินี เขตปทุมวัน กรุงเทพมหานคร 10330,places,high,,,,,
บิ๊กซี ราชดำริ,3,,บิ๊กซี ราชดำริ,13.7471417,100.5411994,ChIJ2VmPMqCf4jARWPNQdDPYkfE,97/11 ถ. ราชดำริ แขวงลุมพินี เขตปทุมวัน กรุงเทพมหานคร 10330,places,high,,,,,
เนสท์เล่ อมตะระยอง,3,,เนสท์เล่ อมตะระยอง,12.984187499999999,101.10981249999999,ChIJk5kCz2HDAjERUlvDhgH4Jig,X4M5+MW จ.ม.ท ตำบล มาบยางพร อำเภอปลวกแดง ระยอง 21140,places,low,,,,,
Mckey Food Chonburi,3,,Mckey Food Chonburi,13.3634019,101.2028974,ChIJSR8od8otHTERERlBUy26gY8,88 8 ซ.ทุ่งเหียง ตำบล ทุ่งขวาง อำเภอพนัสนิคม ชลบุรี 20140,places,high,,,,,
U GLOBE INNOBEV - ปทุมธานี,3,,U GLOBE INNOBEV - ปทุมธานี,13.9568018,100.7152667,ChIJaQoLtDx7HTERr93lE9QDmW8,39 หมู่ที่ 13 ถ. เลียบด่วนลำลูกกา ตำบล บึงคำพร้อย อำเภอลำลูกกา ปทุมธานี 12150,places,high,,,D253,2,"same coords, same place_id"
SUNFOOD,3,Sunfood,,,,,,,,,,,,
DC Makro Mahachai (แมคโครมหาชัย) ลงสินค้า,3,,แมคโครมหาชัย DC Makro Mahachai ลงสินค้า,13.5003258,100.1285835,ChIJo0kG6grP4jARQQOh1ErWZ9E,"64/2 64/2, ตำบล กาหลง อำเภอเมืองสมุทรสาคร สมุทรสาคร 74000",manual,high,y,"was geocoded to the wrong ""DC Makro Mahachai"" candidate (a Makro/Lotus mall ~1km from origin) instead of the real distribution center; corrected 2026-09-23, see sum.md",D012,9,"same coords, same place_id"
Route 002 (ตีกลีบ),3,,ตีกลีบ Route 002,13.806092699999999,100.5743733,ChIJ-e63Tkuc4jARv8quzzOG1Bk,RH4F+CP5 ถ. ลาดพร้าว แขวงจอมพล เขตจตุจักร กรุงเทพมหานคร 10900,places,low,,,,,
หน้าปั้ม PT มหาชัย,3,,หน้าปั้ม PT มหาชัย,13.563282099999999,100.2717983,ChIJrSjXfSC54jARRap7CDSB1XM,"94 315 ตำบล ท่าทราย อำเภอเมือง, สมุทรสาคร 74000",places,medium,,,D099,3,"same coords, same place_id"
มีท365,3,,มีท365,13.734158899999999,100.6049311,ChIJ6-BmbACf4jARzplyYYycj7E,80 1 ซอย พัฒนาการ 20 แยก 4 แขวงสวนหลวง เขตสวนหลวง กรุงเทพมหานคร 10250,places,high,,,D214,4,"same coords, same place_id"
นครปฐม,3,,นครปฐม,13.978889,100.17032569999999,ChIJ0YjsB-zl4jARAWLcuPG-8JY,นครปฐม,places,high,,,,,
จริงใจ,3,,จริงใจ,18.8062295,98.995325,ChIJzfxey8A62jARBouRzNKxv58,46 ถนน อัษฎาธร ตำบลป่าตัน อำเภอเมืองเชียงใหม่ เชียงใหม่ 50300,places,high,,,,,
DSV Air & Sea Ltd. (Romklao Branch) (คลังกิ่งแก้ว),3,,Romklao Branch DSV Air & Sea Ltd. (คลังกิ่งแก้ว),13.7451028,100.74580399999999,ChIJ8e59nftmHTERwetsmRnrhSM,136 ถ. ร่มเกล้า แขวงคลองสามประเวศ เขตลาดกระบัง กรุงเทพมหานคร 10520,places,medium,,,,,
ร้าน หลุงหมาล่า,2,,ร้าน หลุงหมาล่า,13.752101,100.57282939999999,ChIJLxaUG8yf4jARjcZ90ZrKLTM,อาคาร ศูนย์การค้าโชว์ดีซี ห้อง AM101 99 6-9 แขวงบางกะปิ เขตห้วยขวาง กรุงเทพมหานคร 10120,places,high,,,,,
ร้านสามเสน,2,,ร้านสามเสน,13.884606699999999,100.45125159999999,ChIJSTeq0U-F4jARUqc2_DrGks0,9 15 ตำบล บางรักน้อย อำเภอเมืองนนทบุรี นนทบุรี 11000,places,medium,,,,,
นัทสุโกะ,2,,นัทสุโกะ,13.6476214,100.3075156,ChIJxRbSXYK_4jARo76b-HDG2Z0,141 ตำบล คลองมะเดื่อ อำเภอกระทุ่มแบน สมุทรสาคร 74110,places,medium,,,,,
CJ MORE ซีเจ มอร์ สาขาถนนปลายบาง,2,,CJ MORE ซีเจ มอร์ สาขาถนนปลายบาง,13.806875,100.424289,ChIJH2SCAsWR4jARH5OowqyMvZw,88 1 ตำบล มหาสวัสดิ์ อำเภอบางกรวย นนทบุรี 11130,places,high,,,,,
CP ชลบุรี (4Wใหญ่),2,,4Wใหญ่ CP ชลบุรี,13.112477799999999,101.0014855,ChIJJetLp-fHAjERrNVe4J1z9Ho,789 173 ตำบล หนองขาม อำเภอศรีราชา ชลบุรี 20230,places,low,,,D170,3,"same coords, same place_id"
CP สุราษฎร์ธานี,2,,CP สุราษฎร์ธานี,9.185280100000002,99.1377254,ChIJZTcC0QypVjAR7zixOl2H9WE,ซีพี ตำบลคลองไทร อำเภอท่าฉาง สุราษฎร์ธานี 84150,places,high,,,,,
DC Makro Wang Noi (แมคโครวังน้อย),2,,แมคโครวังน้อย DC Makro Wang Noi,14.1832728,100.64675779999999,ChIJMUNY7guHHTER9HPQ_GvvHHg,5JMW+8P2 ถ. พหลโยธิน ตำบล พยอม อำเภอวังน้อย จังหวัดพระนครศรีอยุธยา 13170,places,low,,,D237,2,"same coords, same place_id"
M - Senko,2,M senko,,,,,,,,,,,,
มหาชัยวาริน,2,,มหาชัยวาริน,15.194006399999997,104.8632825,ChIJIaWMGQyGFjERTWYvCfuB99g,20/1 ถนน เทศบาล 29 ตำบล วารินชำราบ อำเภอวารินชำราบ อุบลราชธานี 34190,places,high,,,,,
ซั่งให้,2,,ซั่งให้,13.7053017,100.5323002,ChIJ8U4V-oKf4jARFMnSk0rYOKE,169 ถ. จันทน์ แขวงช่องนนทรี เขตยานนาวา กรุงเทพมหานคร 10120,places,medium,,,,,
โนมิมาโซ,2,,โนมิมาโซ,13.677935399999999,100.62719709999999,ChIJYdJCmyBfHTERMwBAiVxwFrs,818 The master Udomsuk 28 ซ. โครงการ เดอะมาสเตอร์ แขวงบางนาเหนือ เขตบางนา กรุงเทพมหานคร 10260,places,low,,,,,
กรองทอง,2,,กรองทอง,12.6808249,101.27545409999999,ChIJ00ZMIUD8AjERDNisJCwhKYU,ภักดีบริรักษ์ ตำบล ท่าประดู่ อำเภอเมืองระยอง ระยอง 21000,places,high,,,,,
NSL บางเสาธง,2,,NSL บางเสาธง,13.617087,100.8026952,ChIJ-carfABDHTERJSnxmzrBEek,JR83+V8G บางเสาธง ตำบล ศีรษะจรเข้ใหญ่ อำเภอบางเสาธง สมุทรปราการ 10540,places,high,,,,,
คลังสุราษฎร์ธานี,2,,คลังสุราษฎร์ธานี,9.0686168,99.3723754,ChIJi_PyYR8HVDARAVzHNLovnlU,ตำบล ขุนทะเล เมือง สุราษฎร์ธานี 84000,places,high,,,,,
CPF (Mahachai),2,CPF (mahachai),Mahachai CPF,13.5116547,100.1578188,ChIJTWQDo1rP4jAR5fUv-eAILCw,G565+M48 ตำบล บางโทรัด อำเภอเมืองสมุทรสาคร สมุทรสาคร 74000,places,low,,,,,
บริษัท ฟาร์มผักอารมณ์ดี จำกัด,2,,บริษัท ฟาร์มผักอารมณ์ดี จำกัด,17.2892826,103.65772659999999,ChIJ-eI3aKS3PDERFZjtC3P6zW4,76 ตำบล วาริชภูมิ อำเภอ วาริชภูมิ สกลนคร 47150,places,high,,,,,
SATS Food (แซตฟู้ด (ปทุมธานี) +ปิติฟู้ดส์วังน้อย,2,,SATS Food  แซตฟู้ด  ปทุมธานี  +ปิติฟู้ดส์วังน้อย,14.2725639,100.8002784,ChIJSegdqCqOHTERwgFiuABC-Hw,85 หมู่1 ถ. พหลโยธิน ตำบล สนับทึบ อำเภอวังน้อย จังหวัดพระนครศรีอยุธยา 13170,places,medium,,,D055,3,"same coords, same place_id"
Tsubaki สมุทรปราการ,2,,Tsubaki สมุทรปราการ,13.5808173,100.7561437,ChIJHR69vQ9bHTERt3QNoc8i6ik,HQJ4+8F ตำบล บางปลา อำเภอบางพลี สมุทรปราการ 10540,places,high,,,D267,2,"same coords, same place_id"
LKB 3 EVERGREEN,2,,LKB 3 EVERGREEN,13.106912600000001,100.9881668,ChIJ2esecvHHAjERsMxTsEgvrPk,4X4Q+Q77 ตำบล หนองขาม อำเภอศรีราชา ชลบุรี 20230,places,medium,,,D058,4,"same coords, same place_id"
LCB A0,2,,LCB A0,13.0651757,100.89915769999999,ChIJW7hpr6a5AjERk7eGbeoMTm4,"1, Sukhumvit Road, Tambon Thungsukha, Amphoe Si Racha, Chon Buri, 20110, ตำบลทุ่งสุขลา อำเภอศรีราชา ชลบุรี 20230",places,high,,,D056,3,"same coords, same place_id"
ครีโม (จอมธนา) ปทุมธานี,2,,จอมธนา ครีโม ปทุมธานี,14.0401516,100.47041700000001,ChIJ1UwQ41GH4jARnqLGwgGaLIE,Unnamed Road ตำบล คูบางหลวง อำเภอลาดหลุมแก้ว ปทุมธานี 12140,places,high,,,D184,2,"same coords, same place_id"
BC DEPOT (BANGNA KM. 13),2,,BANGNA KM. 13 BC DEPOT,13.657528399999999,100.66093629999999,ChIJ___qTLRfHTERqd2b3bPM21c,12 ซอย บางนา-ตราด 12 ตำบล บางแก้ว อำเภอบางพลี สมุทรปราการ 10540,places,low,,,D113,2,"same coords, same place_id"
THAI INTERNATIONAL CONTAINER (TICT),2,,TICT THAI INTERNATIONAL CONTAINER,13.632278399999999,100.7686691,ChIJIyDYm-JcHTERdZMSQnCtiPM,"19/6 Moo 8 Soi Watsrivareenoi, Bangna-trat km.18 Rd.,, T. Bangchalong,, Bangplee, อำเภอบางพลี สมุทรปราการ 10540",places,medium,,,D120,3,"same coords, same place_id"
NextDay/เกษตรนวมินทร์,2,,NextDay/เกษตรนวมินทร์,13.834441499999999,100.6115315,ChIJmcPqNDmd4jARuFpQ1HA_gbM,29 29/7 ซ. ประเสริฐมนูกิจ 27 แขวงจรเข้บัว ลาดพร้าว กรุงเทพมหานคร 10230,places,medium,,,,,
ห้องเย็นเจ๊เพ็ญ,2,,ห้องเย็นเจ๊เพ็ญ,13.5682425,100.3010175,ChIJ-QYlUGS54jAR1ekvh2ECa8Y,ห้องเย็นเจ๊เพ็ญ 59 ม.4 ตำบล โคกขาม เมือง สมุทรสาคร 74000,places,high,,,,,
ไร่องุ่นทับกวาง,2,,ไร่องุ่นทับกวาง,14.579772300000002,101.1382553,ChIJi7nvkMraHTER1H4oAL9pVlg,6 10 18260 19 หมู่ 4ถนน ตำบล ทับกวาง อำเภอแก่งคอย สระบุรี 18110,places,high,,,D228,2,"same coords, same place_id"
น้ำปิงปศุสัตว์ สาขา โกดังดอนปิน 102 ม.5 ต.แม่เหียะ อ.เมือง จ.เชียงใหม่,2,,น้ำปิงปศุสัตว์ สาขา โกดังดอนปิน 102 ม.5 ต.แม่เหียะ อ.เมือง จ.เชียงใหม่,18.7383752,98.95641119999999,ChIJ8bl5uI0x2jARR3G5ucOQWCQ,102 ม 5 ถ. เชียงใหม่-หางดง ตำบล แม่เหียะ เมือง เชียงใหม่ 50100,places,high,,,,,
ร้านเชิญเก้า (เชียงใหม่),2,,เชียงใหม่ ร้านเชิญเก้า,18.696930599999998,99.0488994,ChIJxWynKQwv2jARob7v5Rp4o6o,192 ตำบล ยางเนิ้ง อำเภอ สารภี เชียงใหม่ 50140,places,medium,,,,,
DGM Support,2,,DGM Support,13.6669389,100.6012004,ChIJD9mGCI2h4jARU-TTlSb912g,15 ซอย สุขุมวิท 70/3 แขวงบางนาใต้ เขตบางนา กรุงเทพมหานคร 10260,places,high,,,D266,2,"same coords, same place_id"
ฟาร์มเฮ้าส์ โรงงานลาดกระบัง,2,,ฟาร์มเฮ้าส์ โรงงานลาดกระบัง,13.7584963,100.78478369999999,ChIJEZ1eWwBnHTERTJeX52T2FZM,91 หมู่4 ซอย นิคมอุตสาหกรรมลาดกระบัง แขวงลำปลาทิว เขตลาดกระบัง กรุงเทพมหานคร 10520,places,high,,,,,
บริษัท โมเดิร์น ฟาร์มา จำกัด สุขสวัสดิ์ สมุทรปราการ,2,,บริษัท โมเดิร์น ฟาร์มา จำกัด สุขสวัสดิ์ สมุทรปราการ,13.6039182,100.5563809,ChIJoe9PltSm4jARJR_W-xmwYAc,หมู่ที่ 1 197/1 ถ. สุขสวัสดิ์ ตำบล ปากคลองบางปลากด อำเภอพระสมุทรเจดีย์ สมุทรปราการ 10290,places,high,,,D190,3,"same coords, same place_id"
ภคพร,2,,ภคพร,13.572912899999999,100.2684542,ChIJH-fMKA3B4jARn6cbTQUoTAA,3 1 ซ.วัดศรีเมือง ตำบล ท่าทราย เมือง สมุทรสาคร 74000,places,high,,,,,
ห้องเย็นบางหญ้า,2,,ห้องเย็นบางหญ้า,13.5339122,100.2582073,ChIJeRjZhnG44jARsrwDoJ4WAdU,"74000, 1271 ถนน วิเชียรโชฎก ตำบล ท่าจีน อำเภอเมืองสมุทรสาคร สมุทรสาคร 74000",places,high,,,,,
Fortune Town,2,,Fortune Town,13.758033000000001,100.56514159999999,ChIJaZ_TGEmd4jARSh-_q8-1gnw,7 ถ. รัชดาภิเษก แขวงดินแดง เขตดินแดง กรุงเทพมหานคร 10400,places,high,,,,,
TRC (รอปิดบูธ),2,,รอปิดบูธ TRC,13.591433199999999,100.3275177,ChIJCyKxfUe54jARWdp_TyDBngU,TRC มหาชัย 72/26-27 หมู่2 ถ.เอกชัย-บางบอน คอกกระบือ อำเภอเมืองสมุทรสาคร สมุทรสาคร 74000,places,low,,,D071,3,"same coords, same place_id"
MAP,2,,MAP,13.7771253,100.5820284,ChIJPaAfLuKf4jARUPNSMtI70N8,99 ซอย ประชาราษฎร์บำเพ็ญ 18 แขวงสามเสนนอก เขตห้วยขวาง กรุงเทพมหานคร 10310,places,low,,,,,
ชิมะคิว,2,,ชิมะคิว,13.506822,100.137778,ChIJP98GPm7P4jARMGXXkHGrx6I,89/9 หมู่ 2 ตำบล กาหลง อำเภอ เมืองสมุทรสาคร สมุทรสาคร 74000,places,high,,,,,
ร้าน Sunbi,2,,ร้าน Sunbi,13.7242704,100.5160195,ChIJi2uTvsWZ4jAR3SijYCzWDPA,เลขที่ 5-7 ซอย เจริญกรุง 38 แขวงบางรัก เขตบางรัก กรุงเทพมหานคร 10500,places,medium,,,,,
บ. จันทรบุรี โกลบอล,2,,บ. จันทรบุรี โกลบอล,12.6490013,102.1741472,ChIJPTxV_ASCBDERZFR55jes1No,99/11 หมู่ที่ 9 ตำบล มะขาม อำเภอ มะขาม จันทบุรี 22150,places,high,,,,,
"FMC Services Depot, Bangna KM.21",2,,"FMC Services Depot, Bangna KM.21",13.601120799999999,100.7886583,ChIJjVLWQ4xdHTER37lp4fzX738,ทางคู่ขนาน ถนนบางนา-ตราด ตำบล ศีรษะจรเข้ใหญ่ อำเภอบางเสาธง สมุทรปราการ 10540,places,low,,,,,
สยามเจนเนอรัลเบฟเวอร์เรจ,2,,สยามเจนเนอรัลเบฟเวอร์เรจ,13.672651400000001,100.0839975,ChIJMboQUwPq4jARvgSy8Gf3SoA,หมู่ที่ 6 ทางหลวง 375 ตำบล คลองจินดา อำเภอสามพราน นครปฐม 73110,places,high,,,D247,2,"same coords, same place_id"
ครีโม (จอมธนา),2,,จอมธนา ครีโม,13.023796599999999,100.9317751,ChIJUYu0kjq-AjERd7Xni7EeDV4,"61, 1 ม.5 ตำบล บางละมุง อำเภอบางละมุง ชลบุรี 20150",places,medium,,,,,
ชลบุรี (CP ALL),2,,CP ALL ชลบุรี,12.9803046,100.98805089999999,ChIJxYIXinvAAjERUOVc_cYWe2s,XXJQ+46F ตำบล หนองปลาไหล อำเภอบางละมุง ชลบุรี 20150,places,medium,,,D200,2,"same coords, same place_id"
PFP พระราม3,2,PFPพระราม3,,,,,,,,,,,,
(CP RAM) ซีพีแรม ลาดหลุมแก้ว,2,,CP RAM  ซีพีแรม ลาดหลุมแก้ว,14.047077499999999,100.4254192,ChIJaWzuWLKJ4jARWWF09Hx-jPI,"177 หมู่ 4 ถนน ปทุมธานี, ระแหง อำเภอลาดหลุมแก้ว ปทุมธานี 12140",places,medium,,,D144,2,"same coords, same place_id"
สุราษฎร์ธานี,2,,สุราษฎร์ธานี,8.903405099999999,99.0128926,ChIJz22WBHADVDARwEw2LLwjAgE,สุราษฎร์ธานี,places,high,,,,,
ห้องเย็นปิติชัยโลจิสติกส์วังน้อย,2,ห้องเย็นปิติชัยโลจิสติกส์ วังน้อย,,,,,,,,,,,,
โกลเบิ้ลฟู้ด,2,,โกลเบิ้ลฟู้ด,13.5814105,100.787514,ChIJnaYzjVlbHTERgyoGYFZIBB0,245/305 ซอย หมู่บ้านซิตี้พาร์คทาวน์เฮ้าส์ ซอย 5 ตำบลบางเสาธง อำเภอบางเสาธง สมุทรปราการ 10540,places,high,,,,,
สยาม ไวเนอรี่,2,,สยาม ไวเนอรี่,13.5226612,100.14282999999999,ChIJtVO9YmfP4jAR-hqZKcTStpM,ตำบล บางโทรัด อำเภอเมืองสมุทรสาคร สมุทรสาคร 74000,places,high,,,D089,3,"same coords, same place_id"
NextDay/KAPOW! เจริญนคร,2,,NextDay/KAPOW! เจริญนคร,13.717426500000002,100.5077233,ChIJK9xMWQCZ4jARAzhB0RlMaNk,1299 ถ. เจริญนคร แขวงบางลำภูล่าง คลองสาน กรุงเทพมหานคร 10600,places,medium,,,,,
ฟู้ด เทค แฟคตอรี่,2,ฟู้ดเทค แฟคตอรี่,,,,,,,,,,,,
ท่าเรือแหลมฉบัง,2,,ท่าเรือแหลมฉบัง,13.075430299999999,100.9069061,ChIJV9IMbL-5AjERVXyB1H15hUo,ถ. สุขุมวิท ตำบลทุ่งสุขลา อำเภอศรีราชา ชลบุรี 20230,places,high,,,,,
CP ระโนด (สงขลา),2,,สงขลา CP ระโนด,7.7790525,100.3213552,ChIJGyLLqKSjUjARapARqW7liCo,209/1 ถ.ราษฎร์บำรุง ต.ระโนด อ.ระโนด สงขลา 90140,places,low,,,D262,2,"same coords, same place_id"
ห้องเย็นรักชัย (มหาชัย) (Pre - Cool),2,,มหาชัย ห้องเย็นรักชัย (Pre - Cool),13.563419,100.2924805,ChIJ3eX_P1i44jARAGJWzf6IN8g,57/6 หมู่ 4 ถนนเอกชัย โคกขาม เมือง สมุทรสาคร 74000,places,high,,,D014,4,"same coords, same place_id"
เซ็นทรัล แจ้งวัฒนะ - โชคสมุทรมารีน,2,,เซ็นทรัล แจ้งวัฒนะ - โชคสมุทรมารีน,13.9038246,100.52815609999999,ChIJW4cpDp2E4jARIwiyr5fqAI4,"99, 99/9 หมู่ที่ 2 ถ. แจ้งวัฒนะ ตำบลบางตลาด อำเภอปากเกร็ด นนทบุรี 11120",places,high,,,D009,4,"same coords, DIFFERENT place_id"
ซิลลิค,2,,ซิลลิค,13.6146582,100.80237819999999,ChIJE7hNmltDHTERkEVNccylaSQ,99 19 หมู่ที่ 3 ทางคู่ขนาน ถนนบางนา-ตราด ตำบลบางเสาธง อำเภอบางเสาธง สมุทรปราการ 10540,places,high,,,D050,5,"same coords, same place_id"
สามย่าน,2,,สามย่าน,13.733384599999999,100.5281227,ChIJtZlgW9WY4jARP9hp9Y7M9OQ,944 ถ. พระรามที่ 4 แขวงวังใหม่ เขตปทุมวัน กรุงเทพมหานคร 10330,places,high,,,D150,2,"same coords, same place_id"
BCS บางนา กม.18,2,,BCS บางนา กม.18,13.6075913,100.76021449999999,ChIJywbygYtcHTERVKJHMx5UDRg,"777, ซอย รัตนราช ตำบลบางโฉลง อำเภอบางพลี สมุทรปราการ 10540",places,low,,,D115,3,"same coords, same place_id"
CTD ห้องเย็น วังน้อย,2,CTD ห้องเย็นวังน้อย,,,,,,,,,,,,
MAYA,2,,MAYA,18.8022188,98.9670661,ChIJudscTQA72jAR-tI9tcZArm4,231/12 1004 1004 ตำบลช้างเผือก อำเภอเมืองเชียงใหม่ เชียงใหม่ 50200,places,low,,,,,
รพ.เทพารักษ์,2,,รพ.เทพารักษ์,15.3122877,101.5513614,ChIJ3U7iuGvlHjERQ6wp-utL3Wk,222 หมู่ 14 ถนน สายบ้านโนนเต็ง หมู่ 6-บ้านสะพานเลียบ หมู่ 6 เทพารักษ์ ตำบล สำนักตะคร้อ อำเภอ เทพารักษ์ นครราชสีมา 30210,places,high,,,,,
Go Wholessle Mahachai,2,,Go Wholessle Mahachai,13.562925799999999,100.30070839999999,ChIJL1M0XNC54jARJgcOGLMo6Hs,"57, 37 หมู่ 4 ถ. เอกชัย ตำบล โคกขาม อำเภอเมืองสมุทรสาคร สมุทรสาคร 74000",places,medium,,,D126,2,"same coords, same place_id"
MERRY ห้องเย็นทะเลไทย,2,,MERRY ห้องเย็นทะเลไทย,13.5487668,100.2589527,ChIJ71Nzy4nH4jAR4ACDNcw2L_s,Unnamed Road ตำบล ท่าจีน อำเภอเมืองสมุทรสาคร สมุทรสาคร 74000,places,medium,,,D125,7,"same coords, same place_id"
Havi Logistics,2,HAVI Logistics,,,,,,,,,,,,
Makro DC Mahachai,2,,Makro DC Mahachai,13.5768591,100.2722542,ChIJ0VVavO7H4jARWL8LV6L1rr4,119 ตำบล ท่าทราย อำเภอเมืองสมุทรสาคร สมุทรสาคร 74000,places,low,,,,,
บจก.จีนนีเอลเอเชีย ปทุมธานี,2,,บจก.จีนนีเอลเอเชีย ปทุมธานี,14.0365849,100.6146144,ChIJnwGiAJGB4jARxSxKsE-Adzc,"โครงการ รังสิตพรอสเพอร์เอสเตท Rangsit Prosper Estate ,M.5, ตำบล คลองหนึ่ง อำเภอคลองหลวง ปทุมธานี 12120",places,high,,,D241,2,"same coords, same place_id"
เบสต้า อินเตอร์เนชั่นแนล,2,,เบสต้า อินเตอร์เนชั่นแนล,14.0236092,100.6058175,ChIJDW6tz0KB4jARjJNUKgPiMbs,"62, 69 ตำบล คลองหนึ่ง อำเภอคลองหลวง ปทุมธานี 12120",places,high,,,,,
เสริม/สายนนทบุรี,2,,เสริม/สายนนทบุรี,13.8872679,100.46081869999999,ChIJZ5RMZmuF4jARQw51BijPeIw,ท่าอิฐ นนทบุรี109/4 หมู่ 2 ถนนรัตนาธิเบศร์ ซ.ท่าอิฐ ต.ไทรม้า ตำบล บางรักน้อย อำเภอเมืองนนทบุรี นนทบุรี 11000,places,medium,,,,,
Eastern sea สมุทรสาคร,2,,Eastern sea สมุทรสาคร,13.528758499999999,100.24810839999999,ChIJMave84vH4jARzK6PYS3ku2k,"70/34-35, ตำบล ท่าจีน อำเภอเมืองสมุทรสาคร สมุทรสาคร 74000",places,high,,,D183,2,"same coords, same place_id"
BJC Logistics (ฺBDC4 บางนา),2,,ฺBDC4 บางนา BJC Logistics,13.7148009,100.581578,ChIJSVH7VKOf4jARKLfZK1J5Wgg,เลขที่ 99/1 อาคาร BJC2 ชั้น 7 ซอย รูเบีย พระโขนง เขตคลองเตย กรุงเทพมหานคร 10110,places,high,,,,,
ซิลลิค ฟาร์มา กม.23,2,,ซิลลิค ฟาร์มา กม.23,13.6146582,100.80237819999999,ChIJE7hNmltDHTERkEVNccylaSQ,99 19 หมู่ที่ 3 ทางคู่ขนาน ถนนบางนา-ตราด ตำบลบางเสาธง อำเภอบางเสาธง สมุทรปราการ 10540,places,medium,,,D050,5,"same coords, same place_id"
บริษัท โมเดิร์น ฟาร์มา สมุทรปราการ,2,,บริษัท โมเดิร์น ฟาร์มา สมุทรปราการ,13.6039182,100.5563809,ChIJoe9PltSm4jARJR_W-xmwYAc,หมู่ที่ 1 197/1 ถ. สุขสวัสดิ์ ตำบล ปากคลองบางปลากด อำเภอพระสมุทรเจดีย์ สมุทรปราการ 10290,places,high,,,D190,3,"same coords, same place_id"
เซ็นทรัลลาดพร้าว,2,เซ็นทรัล ลาดพร้าว,,,,,,,,,,,,
อ่างทอง,2,,อ่างทอง,14.658366199999998,100.3947116,ChIJe5QwaqIP4jARd94r8cW6_wg,อ่างทอง,places,high,,,,,
บริษัท ไทสันโพลทรี่ คลอง7,2,,บริษัท ไทสันโพลทรี่ คลอง7,14.091352899999999,101.01687679999999,ChIJuz4QPEGhHTERTQuza6_4Nsw,42 6 ตำบลองครักษ์ อำเภอองครักษ์ นครนายก 26120,places,high,,,D242,3,"same coords, same place_id"
ซูชิ บางนา,2,,ซูชิ บางนา,13.6715859,100.63617269999999,ChIJAT0qEeZfHTERz-j2CGIY4pk,เลขที่ 30/1 ซอย บางนา-ตราด 23 แขวงบางนาเหนือ เขตบางนา กรุงเทพมหานคร 10260,places,medium,,,,,
NSL Food ชลบุุรี,2,,NSL Food ชลบุุรี,13.453951799999999,101.0716063,ChIJYS20rswwHTERx4z8Xc3Jcw0,รหัส ไปรษณีย์ ประเทศไทย ตำบล พานทอง อำเภอพานทอง ชลบุรี 20160,places,low,,,D248,2,"same coords, same place_id"
HASHTAG Rangsit,2,,HASHTAG Rangsit,13.9609692,100.57830009999999,ChIJlWPVNBWD4jARrujyqVVy5yM,"56 Soi 4, ตำบล หลักหก อำเภอเมืองปทุมธานี ปทุมธานี 12000",places,high,,,,,
ESC PARK RANGSIT,2,,ESC PARK RANGSIT,14.011062599999999,100.604635,ChIJqUXYuxOB4jARBafkHRVFoX8,31/1208 ม.16 คลองหนึ่ง ตำบล คลองหนึ่ง อำเภอคลองหลวง ปทุมธานี 12120,places,high,,,,,
RM PARK SALAYA,2,,RM PARK SALAYA,13.785111,100.27475779999999,ChIJ97NRN7yV4jAR1spOeB1Ibp0,9 บางเตย ตำบล บางเตย อำเภอสามพราน นครปฐม 73210,places,high,,,,,
CPF โรงงานไข่บ้านนา นครนายก,2,,CPF โรงงานไข่บ้านนา นครนายก,14.223037,101.069442,ChIJSeKj0Tm9HTERFJN2HDPhBMk,"199/1-3, หมู่ที่3, ตำบล ทองหลาง อำเภอบ้านนา นครนายก 26110",places,medium,,,D201,3,"same coords, same place_id"
CPF โคราช,2,,CPF โคราช,14.743873299999999,102.2152162,ChIJ7-x0m1dXGTERb0iroPo9B3U,ถ.โชคชัย - เดชอุดม ตำบลท่าเยี่ยม อำเภอโชคชัย นครราชสีมา 30190,places,high,,,D269,2,"same coords, same place_id"
เอ็มโพเรียม,2,,เอ็มโพเรียม,13.730063,100.5688425,ChIJhfF-wgOf4jARwAQMPbMAAQ8,622 ถ. สุขุมวิท แขวงคลองตัน เขตคลองเตย กรุงเทพมหานคร 10110,places,high,,,,,
ห้องเย็นAYC (อยุธยา),2,,อยุธยา ห้องเย็นAYC,14.3903506,100.59807649999999,ChIJybjjpmx14jARUaIT9BNHpp0,125/125-1 ม.2 ต ตำบล บ้านเกาะ อำเภอ พระนครศรีอยุธยา จังหวัดพระนครศรีอยุธยา 13000,places,high,,,,,
ฮาวี,2,,ฮาวี,13.5709863,100.7744519,ChIJlXeFDVVDHTER8ANMemLr_Ag,989 ตำบลบางเสาธง อำเภอบางเสาธง สมุทรปราการ 10570,places,high,,,D020,7,"same coords, same place_id"
อินเตอร์ดริ๊งส์,2,,อินเตอร์ดริ๊งส์,13.553365099999999,100.2309164,ChIJjVlfYUXH4jAR5MO06J4ers4,41 76 หมู่ 2 ถนนพระราม 2 ตำบล ท่าทราย อำเภอเมืองสมุทรสาคร สมุทรสาคร 74000,places,high,,,D173,2,"same coords, same place_id"
Pacific สงขลา,2,,Pacific สงขลา,7.036896,100.45375179999999,ChIJQ5_AzSfBTDARvJa3a2S6yWQ,No. 57/3 Subdistrict ตำบล คลองแห อำเภอหาดใหญ่ สงขลา 90110,places,medium,,,,,
SPA,2,,SPA,13.5775641,100.3059712,ChIJfyUk9ri54jARDwTxI-rp9_w,199 38 นาดี ตำบล นาดี เมือง สมุทรสาคร 74000,places,low,,,,,
ถ่ายทำโดรนและถ่ายวิดีโอ,2,,ถ่ายทำโดรนและถ่ายวิดีโอ,13.789247000000001,100.629556,ChIJR6NZwfRhHTERmYZBukr1F4A,"รับถ่ายวิดีโอ NM PRODUCTION CO.,LTD 72 ซ. 40 ซ. ลาดพร้าว 101 คลองจั่น บางกะปิ กรุงเทพมหานคร 10240",places,medium,,,,,
บริษัท ฟู้ด เทค แฟคตอรี่ จำกัด,2,ฟู้ดเทค แฟคตอรี่,,,,,,,,,,,,
แพนสยาม (สมุทรปราการ),2,,สมุทรปราการ แพนสยาม,13.605918899999999,100.35417360000001,ChIJM2gzvAC84jARcNP5c4pu0PU,35/421 ม.2 โกลเด้นแฟคทอรี่ ซ.10 ต ตำบล บางน้ำจืด อ.เมือง สมุทรสาคร 74000,places,medium,,,D182,2,"same coords, same place_id"
น้ำตาลมิตรผล สุพรรณบุรี,2,,น้ำตาลมิตรผล สุพรรณบุรี,14.8457944,99.764523,ChIJId7dZe994TARZ1SWDokw08w,RQW7+8R6 3350 ตำบล หนองมะค่าโมง อำเภอด่านช้าง สุพรรณบุรี 72180,places,medium,,,,,
Big C (ราชบุรี),2,,ราชบุรี Big C,13.550619999999999,99.8233163,ChIJw5kFIw4m4zARV-F0Lx91itw,534 หมู่ที่ 1 ถ. เพชรเกษม ตำบล โคกหม้อ อำเภอเมืองราชบุรี ราชบุรี 70000,places,high,,,D274,2,"same coords, same place_id"
อินเทค,2,,อินเทค,13.480160999999999,100.1180176,ChIJPQAAAADH4jARZFab-JV4s4g,หมู่ที่ 2 77/12 ถ. พระรามที่ 2 ตำบล นาโคก อำเภอเมืองสมุทรสาคร สมุทรสาคร 74000,places,high,,,,,
เนอวานา,2,,เนอวานา,13.7518301,100.6847865,ChIJ14HL2elhHTERndMT3_qKbAc,A04 ซ. ศรีนครินทร์ - ร่มเกล้า แขวงทับช้าง สะพานสูง กรุงเทพมหานคร 10250,places,high,,,D275,2,"same coords, same place_id"
เดอะไนน์,2,,เดอะไนน์,13.741036,100.62516769999999,ChIJYSZ00cJhHTERrY7dNcVgiWM,999/1-4 ถ. พระราม 9 แขวงสวนหลวง เขตสวนหลวง กรุงเทพมหานคร 10250,places,high,,,,,
บจก. บีเอสแมนนูแฟคเจอริ่ง,2,,บจก. บีเอสแมนนูแฟคเจอริ่ง,13.6704765,100.62733689999999,ChIJdf6qHOpfHTERLRCw2cXynyA,"385 Debaratna Rd, แขวงบางนาเหนือ เขตบางนา กรุงเทพมหานคร 10260",places,high,,,,,
Rhenus Warehouse,2,,Rhenus Warehouse,13.580379899999999,100.77071169999999,ChIJKwBca4FbHTERgwx5Rxrao0k,"396, Moo 15, Bang Sao Thong Sub-District, ตำบลบางเสาธง อำเภอบางเสาธง สมุทรปราการ 10570",places,high,,,D093,3,"same coords, same place_id"
องค์กรห้องเย็น (สมุทรสาคร),2,,สมุทรสาคร องค์กรห้องเย็น,13.559324199999999,100.291805,ChIJEwxGU5XH4jARaKNxiwcx6RU,60 104 ถ. เอกชัย ตำบลมหาชัย อำเภอเมืองสมุทรสาคร สมุทรสาคร 74000,places,medium,,,D250,2,"same coords, same place_id"
KONOIKE (โคโนอิเกะ) (แจ้งล่วงหน้า 7 วัน),2,,โคโนอิเกะ KONOIKE (แจ้งล่วงหน้า 7 วัน),13.5984973,100.7695177,ChIJ0S7FD19cHTERAWZIr2BXxac,335 29 หมู่ ที่ 9 กม .19 ทางคู่ขนาน ถนนบางนา-ตราด ตำบลบางโฉลง อำเภอบางพลี สมุทรปราการ 10540,places,low,,,D026,4,"same coords, same place_id"
คาร์กิลล์ (สระบุรี),2,คาร์กิลล์ สระบุรี,,,,,,,,,,,,
Jebsen & Jessen Ingredients (Warehouse),2,,Warehouse Jebsen & Jessen Ingredients,13.5737546,100.9468952,ChIJs-OvoBpHHTERGmWTVfRIckk,"TICON WAREHOUSE KM. 39 88/51, 88/52, ตำบล บางสมัคร อำเภอบางปะกง ฉะเชิงเทรา 24180",places,high,,,,,
ศูนย์กระจายสินค้าโลตัส ลําลูกกา,2,ศูนย์กระจายสินค้าโลตัส ลําลูกกา งดใช้,,,,,,,,,,,,
ห้องเย็น แอล อาร์,2,,ห้องเย็น แอล อาร์,13.532639699999999,100.2822609,ChIJD9XS8z-54jARf0MoyxgmoYE,168/8 ถนนธรรมคุณากร ตำบล บางหญ้าแพรก อำเภอเมืองสมุทรสาคร สมุทรสาคร 74000,places,high,,,D264,2,"same coords, same place_id"
บริษัท เอ็ม เอ็ม พี โฟรเซนฟูดส์ จำกัด,2,,บริษัท เอ็ม เอ็ม พี โฟรเซนฟูดส์ จำกัด,13.5288975,100.27397900000001,ChIJb9-pUm644jARZrDHHO8ghYo,"208/2ถ.ธรรมคุณากร, ต.โกรกกราก อ.เมือง สมุทรสาคร, 74000 ตำบล โกรกกราก อำเภอเมืองสมุทรสาคร สมุทรสาคร 74000",places,high,,,D271,2,"same coords, same place_id"
Black Salmon Office,2,,Black Salmon Office,13.6849394,100.3427907,ChIJN8Ui-1G_4jAR7YTSe8Fq7GQ,28/58 หมู่บ้านสิริอเวนิว ถนน มาเจริญ แขวงหนองแขม เขตหนองแขม กรุงเทพมหานคร 10160,places,high,,,,,
ซิลลิค ฟาร์ม่า กม.23,2,ซิลลิค ฟาร์มา กม.23,,,,,,,,,,,,
คลองส่งน้ำ,2,,คลองส่งน้ำ,13.580703699999999,100.7592825,ChIJES4vOgBbHTER8M-03BxjEss,HQJ5+4MQ ถนนเลียบคลองส่งน้ำสุวรรณภูมิ ตำบล บางปลา อำเภอบางพลี สมุทรปราการ 10540,places,high,,,,,
สุขสัวสดิ์,2,สุขสวัสดิ์,,,,,,,,,,,,
เคเฟรช บ้านแพ้ว,2,,เคเฟรช บ้านแพ้ว,13.6222462,100.1797393,ChIJ6_RwZ8LB4jARqqRI8ijHq1I,234 ตำบล สวนส้ม อำเภอบ้านแพ้ว สมุทรสาคร 74120,places,high,,,D164,2,"same coords, same place_id"
"BKK/LKB (Pre - Cool +1,500)",2,,"Pre - Cool +1,500 BKK/LKB",13.5256984,100.2968434,ChIJ04shTi644jAR9YN3_IL9oBY,24 65 ตำบล บางหญ้าแพรก อำเภอเมืองสมุทรสาคร สมุทรสาคร 74000,places,low,,,D268,2,"same coords, same place_id"
โรบินสันราชพฤกษ์,2,,โรบินสันราชพฤกษ์,13.9359995,100.4576496,ChIJ8wUGXgCF4jAR4VeyKfaBqS4,"โรบินสัน ราชพฤกษ์ ชั้น 1, ถนน ราชพฤกษ์ ตำบล คลองข่อย อำเภอปากเกร็ด นนทบุรี 11120",places,high,,,,,
สยามมิตร รีเทล,2,,สยามมิตร รีเทล,13.5434824,99.7956032,ChIJrd1qTe8l4zARdNmbUz9SYdo,567 ตำบล เจดีย์หัก เมือง ราชบุรี 70000,places,high,,,,,
บิ๊กซี มหาชัย (ท่าทราย),2,,ท่าทราย บิ๊กซี มหาชัย,13.5652821,100.273804,ChIJG_euYIi44jAR5dwc56Gz3xU,79 หมู่ที่ 8 ถนน เศรษฐกิจ 1 ตำบล ท่าทราย อำเภอเมืองสมุทรสาคร สมุทรสาคร 74000,places,high,,,D246,3,"same coords, same place_id"
CP RAM ลาดหลุมแก้ว,2,(CP RAM) ลาดหลุมแก้ว,,,,,,,,,,,,
NSL Food ชลบุรี อมตะนครเฟส7,2,,NSL Food ชลบุรี อมตะนครเฟส7,13.453951799999999,101.0716063,ChIJYS20rswwHTERx4z8Xc3Jcw0,รหัส ไปรษณีย์ ประเทศไทย ตำบล พานทอง อำเภอพานทอง ชลบุรี 20160,places,low,,,D248,2,"same coords, same place_id"
ห้องเย็นรักชัย,2,,ห้องเย็นรักชัย,13.563419,100.2924805,ChIJ3eX_P1i44jARAGJWzf6IN8g,57/6 หมู่ 4 ถนนเอกชัย โคกขาม เมือง สมุทรสาคร 74000,places,high,,,D014,4,"same coords, same place_id"
konoike,2,,konoike,13.5984973,100.7695177,ChIJ0S7FD19cHTERAWZIr2BXxac,335 29 หมู่ ที่ 9 กม .19 ทางคู่ขนาน ถนนบางนา-ตราด ตำบลบางโฉลง อำเภอบางพลี สมุทรปราการ 10540,places,high,,,D026,4,"same coords, same place_id"
LINFOX บางบ่อ,2,Linfox DC (บางบ่อ),,,,,,,,,,,,
NextDay/ฮอท ช็อคโกแลต พระโขนง,2,,NextDay/ฮอท ช็อคโกแลต พระโขนง,13.683530399999999,100.6084059,ChIJQ0RqJwCh4jARo_nzm-pgTcI,888 ถ. สุขุมวิท แขวงบางจาก เขตพระโขนง กรุงเทพมหานคร 10260,places,low,,,,,
NextDay/Gourmet Design Village พุทธมณฑล,2,,NextDay/Gourmet Design Village พุทธมณฑล,13.786210899999999,100.37091889999999,ChIJUciZvVuX4jARoGSoPeae5VQ,29/41 ทางคู่ขนาน ถ บรมราชชนนี แขวงศาลาธรรมสพน์ เขตทวีวัฒนา กรุงเทพมหานคร 10170,places,high,,,,,
คิงเวลล์ เฟิร์ส,2,,คิงเวลล์ เฟิร์ส,13.5674609,100.310397,ChIJSSrETa-54jARgzbti3CROvQ,ตำบล โคกขาม อำเภอเมืองสมุทรสาคร สมุทรสาคร 74000,places,high,,,D082,6,"same coords, same place_id"
สิงห์ คอมเพล็กซ์,2,,สิงห์ คอมเพล็กซ์,13.7480964,100.5645784,ChIJh5maxPGe4jARNhzexpU9PNM,1788 ถ. เพชรบุรี แขวงบางกะปิ เขตห้วยขวาง กรุงเทพมหานคร 10310,places,high,,,,,
Thai max กิ่งแก้ว,2,,Thai max กิ่งแก้ว,13.646389,100.7133216,ChIJk_U-cfddHTEROPS_i3mv2O0,"65 Amphur, 1 ซอย กิ่งแก้ว 1ค ตำบลราชาเทวะ อำเภอบางพลี สมุทรปราการ 10540",places,medium,,,D109,5,"same coords, same place_id"
pp wood,2,,pp wood,13.945279399999999,100.5935296,ChIJYxkTw06D4jARWEiSLtatyLo,"321, 35 ถ. เทิดราชัน แขวงสีกัน ดอนเมือง กรุงเทพมหานคร 10210",places,high,,,,,
T.O.Chemicals (1979) Ltd. Pathumthani,2,,1979 T.O.Chemicals Ltd. Pathumthani,13.9502486,100.74602159999999,ChIJ2yN76OV7HTERL5teMfv6XR8,บริษัท ที.โอ.เคมีคอลส์ จำกัด 53 ทางหลวง 3004 ตำบล บึงคำพร้อย อำเภอลำลูกกา ปทุมธานี 12150,places,high,,"carried over from token ""T.O.Chemicals Ltd. Pathumthani"" (fuel-rate parse bug fix added (1979) to the name)",,,
ฟู้ด โปรเจ็คสยาม,2,,ฟู้ด โปรเจ็คสยาม,13.6827309,100.54166070000001,ChIJKZucneGh4jARK8Q_bZknBlA,99/1 ถ. วงแหวนอุตสาหกรรม แขวงช่องนนทรี เขตยานนาวา กรุงเทพมหานคร 10120,places,high,,,,,
JWD คลองส่งน้ำ,2,,JWD คลองส่งน้ำ,13.5636967,100.75765469999999,ChIJ0wtkQwtbHTER4J1Qoz1Ls74,88 89 ตำบล บางปลา อำเภอบางพลี สมุทรปราการ 10540,places,low,,,,,
PCS (แปซิฟิค),2,,แปซิฟิค PCS,13.5845653,100.29124159999999,ChIJzz6wnnK54jARf8v9vQ0kQog,Unnamed Road H7MR+RFH ตำบล นาดี อำเภอเมืองสมุทรสาคร สมุทรสาคร 74000,places,high,,,D001,10,"same coords, same place_id"
Fuji,2,,Fuji,13.5728447,100.28867249999999,ChIJkTiFeVW54jARj77pu92ccZQ,ตำบล นาดี อำเภอเมืองสมุทรสาคร สมุทรสาคร 74000,places,low,,,,,
บจก. อายิโนะโมะโต๊ะฯ อยุธยา,2,,บจก. อายิโนะโมะโต๊ะฯ อยุธยา,14.459579800000002,100.5867913,ChIJ130cBvoK4jARBteoc1lCgks,"55/5 Mu 2, Bang Pahan-Nakhon Luang Road, ตำบล บางระกำ อำเภอนครหลวง จังหวัดพระนครศรีอยุธยา 13260",places,medium,,,,,
ฟู้ด ซีเล็คชั่น คลองหลวง,2,,ฟู้ด ซีเล็คชั่น คลองหลวง,14.0372285,100.60959369999999,ChIJa9fp8iGA4jARdWfGNvdyoP8,9 51 ตำบล คลองหนึ่ง อำเภอคลองหลวง ปทุมธานี 12120,places,high,,,D252,3,"same coords, same place_id"
BMT,2,,BMT,13.6021222,100.57248700000001,ChIJETVhKCih4jARNM2I5zaarYs,"120 mu 2 Soi Wat Kae, Suksawad Rd.,, Pak Khlong Bang Plakod, ตำบล ปากคลองบางปลากด อำเภอพระสมุทรเจดีย์ สมุทรปราการ 10290",places,low,,,,,
PACK บางนา,2,,PACK บางนา,13.6664973,100.6469372,ChIJR4thirRfHTER09IxOPD6od4,955 ถ. เทพรัตน แขวงบางนาเหนือ เขตบางนา กรุงเทพมหานคร 10260,places,medium,,,,,
รับคืนเศษหมู มากุโระ Route002,2,,รับคืนเศษหมู มากุโระ Route002,13.7394673,100.521889,ChIJudvEUwue4jARTtLzDivnIHc,"อาคาร Safebox Office, เลขที่ 1706/26 ถ. พระรามที่ 6 รองเมือง เขตปทุมวัน กรุงเทพมหานคร 10330",places,low,,,D202,7,"same coords, same place_id"
รับคืนเศษหมู/หัวปลา/เนื้อผิดสเปค (MGR018 พาราไดซ์) Route009,2,,MGR018 พาราไดซ์ รับคืนเศษหมู/หัวปลา/เนื้อผิดสเปค Route009,,,,,not_found,none,,,,,
รับคืนหัวปลา มากุโระ Route008,2,,รับคืนหัวปลา มากุโระ Route008,13.7394673,100.521889,ChIJudvEUwue4jARTtLzDivnIHc,"อาคาร Safebox Office, เลขที่ 1706/26 ถ. พระรามที่ 6 รองเมือง เขตปทุมวัน กรุงเทพมหานคร 10330",places,low,,,D202,7,"same coords, same place_id"
DC โลตัส ลำลูกกา,2,,DC โลตัส ลำลูกกา,13.977191999999999,100.7407233,ChIJ11zn6Ax5HTER7qzGhaqgwj0,ทางหลวงชนบท ปทุมธานี 3004 ตำบล บึงคำพร้อย อำเภอลำลูกกา ปทุมธานี 12150,places,high,,,D232,3,"same coords, same place_id"
มนต์โลจิสติกส์อ,2,มนต์โลจิสติกส์,,,,,,,,,,,,
เชสเตอร์ฟู้ด,2,,เชสเตอร์ฟู้ด,13.758798899999999,100.5651707,ChIJa-LfP42e4jARi_rLimJbbZ4,1 ถ. รัชดาภิเษก แขวงดินแดง เขตดินแดง กรุงเทพมหานคร 10400,places,high,,,,,
รักษ์นา (อยุธยา) (,2,,อยุธยา รักษ์นา (,14.3424952,100.52729339999999,ChIJBSufTOh14jAREWs9m9-X5Sw,88 8 ตำบล บ้านป้อม อำเภอ พระนครศรีอยุธยา จังหวัดพระนครศรีอยุธยา 13000,places,high,,,D270,2,"same coords, same place_id"
บจก. ไทสัน โพลทรี่ คลอง7,2,บริษัท ไทสันโพลทรี่ คลอง7,,,,,,,,,,,,
คิงเวลล์ (สมุทรสาคร),2,,สมุทรสาคร คิงเวลล์,13.5674609,100.310397,ChIJSSrETa-54jARgzbti3CROvQ,ตำบล โคกขาม อำเภอเมืองสมุทรสาคร สมุทรสาคร 74000,places,high,,,D082,6,"same coords, same place_id"
กูลิโกะ ปทุมธานี,2,,กูลิโกะ ปทุมธานี,13.987003999999999,100.5566071,ChIJPSuPC06B4jARIBH4omKK6_c,157 ถ. ติวานนท์ ตำบล บางกะดี อำเภอเมืองปทุมธานี ปทุมธานี 12000,places,high,,,D254,2,"same coords, same place_id"
กูลิโกะ บางกระดี ปทุมธานี,2,,กูลิโกะ บางกระดี ปทุมธานี,13.987003999999999,100.5566071,ChIJPSuPC06B4jARIBH4omKK6_c,157 ถ. ติวานนท์ ตำบล บางกะดี อำเภอเมืองปทุมธานี ปทุมธานี 12000,places,high,,,D254,2,"same coords, same place_id"
อเมริกัน ยุโรเปี้ยน,2,,อเมริกัน ยุโรเปี้ยน,13.8996281,101.5234151,ChIJy8XnFAr6HDERsHn-M0rinwI,"140 Rabopai RD. Nongprong SriMahaPhot, ตำบล หนองโพรง อำเภอศรีมหาโพธิ ปราจีนบุรี 25140",places,medium,,,D145,2,"same coords, same place_id"
หมู่บ้านวิลลาจจิโอ 3,2,,หมู่บ้านวิลลาจจิโอ 3,13.6370115,100.65772059999999,ChIJl3AFYn5fHTERfacOfw5w-vk,981 หมู่ที่ 9 ซอย พัฒนา 2 ตำบล บางแก้ว อำเภอบางพลี สมุทรปราการ 10540,places,high,,,,,
ฺBig C ลาดยาว,2,,ฺBig C ลาดยาว,15.7555992,99.8078728,ChIJGw6I3dPx4DARxLIZk88Syl4,99 19 ตำบล ลาดยาว อำเภอลาดยาว นครสวรรค์ 60150,places,high,,,D259,2,"same coords, same place_id"
ฺBig C นครสวรรค์,2,,ฺBig C นครสวรรค์,15.695056800000001,100.1213855,ChIJ95DmFalP4DARIg0L06ysIVM,320 10 ถ. สวรรค์วิถี ตำบลปากน้ำโพ อำเภอเมืองนครสวรรค์ นครสวรรค์ 60000,places,medium,,,D261,2,"same coords, same place_id"
บิ๊กซี มหาชัย (เอกชัย),2,,เอกชัย บิ๊กซี มหาชัย,13.5652821,100.273804,ChIJG_euYIi44jAR5dwc56Gz3xU,79 หมู่ที่ 8 ถนน เศรษฐกิจ 1 ตำบล ท่าทราย อำเภอเมืองสมุทรสาคร สมุทรสาคร 74000,places,high,,,D246,3,"same coords, same place_id"
ศูนย์พระราม3,2,,ศูนย์พระราม3,13.688990599999999,100.50454309999999,ChIJxRevdXWi4jARu5IrKo4A0jU,358/1 ถ. พระรามที่ 3 แขวงบางโคล่ เขตบางคอแหลม กรุงเทพมหานคร 10120,places,medium,,,,,
ศูนย์วัดกู้,2,,ศูนย์วัดกู้,13.9315638,100.5062545,ChIJV5NMIkOE4jARU9FIRqQK1Ug,57 หมู่ที่ 5 ซอย สุขาประชาสรรค์ 2 ตำบลบางพูด อำเภอปากเกร็ด นนทบุรี 11120,places,medium,,,D158,2,"same coords, same place_id"
ห้องเย็น IMG,2,ห้องเย็น IMG,,,,,,,,,,,,
Thai Agri Foods Public Co (สมุทรปราการ),2,,สมุทรปราการ Thai Agri Foods Public Co,13.5911703,100.77730179999999,ChIJPRKu36VeHTERew-60-LPtMg,155/1 ถ. เทพารักษ์ ตำบลบางเสาธง อำเภอบางเสาธง สมุทรปราการ 10570,places,high,,,D100,4,"same coords, same place_id"
CP RAM (ลาดหลุมแก้ว),2,(CP RAM) ลาดหลุมแก้ว,,,,,,,,,,,,
เจนเนอรัล ฟู้ด,2,,เจนเนอรัล ฟู้ด,15.057524899999997,101.7070035,ChIJY-j9vde_HjERG4HSYYhySrk,89 ม.3 ต ตำบล วังโรงใหญ่ อำเภอสีคิ้ว นครราชสีมา 30140,places,high,,,D213,2,"same coords, same place_id"
General Fruit Co. (ลาดหลุมแก้ว ปทุมธานี),2,,ลาดหลุมแก้ว ปทุมธานี General Fruit Co.,14.002196,100.4463133,ChIJ-38kg1iH4jARc-TsdHWiMNY,"Unnamed Road, 2C2W+VGG ตำบล คลองพระอุดม อำเภอลาดหลุมแก้ว ปทุมธานี 12140",places,high,,,D212,2,"same coords, same place_id"
บุญถาวรรังสิต,2,,บุญถาวรรังสิต,14.026523399999999,100.6143656,ChIJ__JqsyGA4jAR0dBxTToo3Nw,23 หมู่ที่ 3 ถ. พหลโยธิน ตำบล คลองหนึ่ง อำเภอคลองหลวง ปทุมธานี 12120,places,high,,,,,
อุสาหกรรมโรจนะ,2,,อุสาหกรรมโรจนะ,13.813135599999999,101.5452559,ChIJT63souHvHDERyYR2Wuyuu4I,"ถนน หลวง 304 กม .132, ตำบล หนองโพรง อำเภอศรีมหาโพธิ ปราจีนบุรี 25140",places,high,,,,,
บจก. เซ็นท์ แดรี่,2,บริษัท เซ็นท์แดรี่ จำกัด,,,,,,,,,,,,
Central World,2,,Central World,13.746533699999999,100.53914879999999,ChIJ4VX0ws-e4jARBGaQ2IACrcQ,999/9 ถ. พระรามที่ 1 แขวงปทุมวัน เขตปทุมวัน กรุงเทพมหานคร 10330,places,high,,,D077,6,"same coords, DIFFERENT place_id"
SCGN (นวนคร),2,,นวนคร SCGN,14.104778999999999,100.58897859999999,ChIJV0IFegB_4jAR-ySDTw_0yII,"60, 132 ถนน นวนคร 15 ตำบล คลองหนึ่ง อำเภอคลองหลวง ปทุมธานี 12120",places,low,,,D074,2,"same coords, same place_id"
CPF มีนบุรี,2,,CPF มีนบุรี,13.8152718,100.7546885,ChIJwSdwVlVkHTERnk8U9pnWMC4,20 ถ. สุวินทวงศ์ แขวงแสนแสบ เขตมีนบุรี กรุงเทพมหานคร 10510,places,high,,,D260,2,"same coords, same place_id"
โรงงานไข่แปรรูปบ้านนา (นครนายก),2,CPF โรงงานไข่แปรรูปบ้านนา นครนายก,,,,,,,,,,,,
ซีพี พิษณุโลก,2,ซีพีพิษณุโลก,,,,,,,,,,,,
ห้องเย็นปิติ มหาชัย,2,,ห้องเย็นปิติ มหาชัย,13.5796349,100.2900324,ChIJgYPDY_u44jARjJ9W8N_dH_A,"9/9 หมู่ที่ 4, ตำบลนาดี อำเภอเมืองสมุทรสาคร จังหวัดสมุทรสาคร, 74000 ตำบล นาดี อำเภอเมืองสมุทรสาคร สมุทรสาคร 74000",places,high,,,D265,2,"same coords, same place_id"
CPF โรงงานอาหารสัตว์ ขอนแก่น,2,,CPF โรงงานอาหารสัตว์ ขอนแก่น,16.2874963,102.78466209999999,ChIJg8p6BHV9IjERlczYDAPsIxI,เลขที่ 555 หมู่ที่ 8 ตำบล ท่าพระ อำเภอเมืองขอนแก่น ขอนแก่น 40260,places,high,,,,,
ท่าเรือ ยูนิไทย (ถ.บ้านท้าย),2,,ถ.บ้านท้าย ท่าเรือ ยูนิไทย,13.578358,100.5921456,ChIJHRkxUDmn4jAReWcMf4_pvJY,430 ถ. ท้ายบ้าน ตำบลปากน้ำ อำเภอเมืองสมุทรปราการ สมุทรปราการ 10270,places,medium,,,,,
T.Man Pharmaceutical Public Company (คลังบางขุนเทียน),2,,คลังบางขุนเทียน T.Man Pharmaceutical Public Company,13.6618315,100.4259479,ChIJYSNgGzu94jARUZuIGAuOwxo,69 1 บางขุนเทียน 14 แขวงแสมดำ เขตบางขุนเทียน กรุงเทพมหานคร 10150,places,high,,,,,
Huayang Paper ราชบุรี,2,,Huayang Paper ราชบุรี,13.641394199999999,99.94862649999999,ChIJIUPNazvf4jARES7LfZpmlno,238 ตำบล วัดแก้ว อำเภอบางแพ ราชบุรี 70160,places,high,,,,,
บางกอก (BCS2),2,,BCS2 บางกอก,13.624398800000002,100.63345059999999,ChIJ5a87q29fHTERkCh7yBUJXbo,1999/62 ถ. เทพารักษ์ ตำบลเทพารักษ์ อำเภอเมืองสมุทรปราการ สมุทรปราการ 10270,places,medium,,,,,
CIMC DEPOT,2,,CIMC DEPOT,13.7290486,100.8222256,ChIJewtr1PxpHTERdTyHZZ1d_qc,184 ถนน เลียบคลองมอญ แขวงทับยาว เขตลาดกระบัง กรุงเทพมหานคร 10520,places,medium,,,D108,2,"same coords, same place_id"
ปิติท้ายบ้าน,2,,ปิติท้ายบ้าน,13.575412799999999,100.64620250000002,ChIJeaKKMepZHTERyaukjmSixI8,294 347 ซ. 4 ตำบล แพรกษา อำเภอเมืองสมุทรปราการ สมุทรปราการ 10280,places,high,,,,,
(Pre - cool),2,,Pre - cool,13.779332,100.63753,ChIJQ4vdhXJfHTERXTSWKpuFtvs,"300 ซอย ลาดพร้าว 107 Klongjan, บางกะปิ กรุงเทพมหานคร 10240",places,medium,,,,,
Food tech,2,Food Tech,,,,,,,,,,,,
Chocksamut,2,,Chocksamut,13.5599296,100.30309919999999,ChIJPQAAAADH4jARRU3uAzpSsqs,57 40 ซอยสินชัย ตำบล โคกขาม อำเภอเมืองสมุทรสาคร สมุทรสาคร 74000,places,high,,,D007,4,"same coords, same place_id"
โพล่าร์แบร์ จ.ปทุมธานี,2,,โพล่าร์แบร์ จ.ปทุมธานี,13.936209,100.58334699999999,ChIJfU9_eACD4jARlTJcVKj0XMY,WHPM+F8Q แขวงสีกัน ดอนเมือง กรุงเทพมหานคร 10210,places,medium,,,,,
Sevenfive Distributor,2,,Sevenfive Distributor,13.824173199999999,100.4242424,ChIJ03jGaDYwEBER2a3aqw07fUc,75 ถ. นครอินทร์ ตำบล บางคูเวียง อำเภอบางกรวย นนทบุรี 11130,places,high,,,,,
เดอะทรีไนท์,2,,เดอะทรีไนท์,13.5187191,100.1307581,ChIJ7YnnMQDP4jARK3A5AhQ2ePY,15 โครงการบุญโตแฟคเตอรี่ 24 ม.3 ตำบล บางโทรัด อ.เมือง สมุทรสาคร 74000,places,high,,,,,
SIAM,2,,SIAM,13.7461302,100.53477919999999,ChIJIeWu482e4jARYymvLJqTQ58,991 ถ. พระรามที่ 1 แขวงปทุมวัน เขตปทุมวัน กรุงเทพมหานคร 10330,places,low,,,,,
LKB 3 EVREGREEN,2,LKB 3 EVERGREEN,,,,,,,,,,,,
ฟู้ดคลาสสิค,2,,ฟู้ดคลาสสิค,13.7168656,100.57055349999999,ChIJ7eqL0KCf4jARmijRddTpxw0,"3388/22 อาคารสิรินรัตน์ ชั้น 7, ถ. พระรามที่ 4 แขวงคลองตัน เขตคลองเตย กรุงเทพมหานคร 10110",places,medium,,,D188,2,"same coords, same place_id"
Piti Cold Storage (สมุทรปราการ),2,,สมุทรปราการ Piti Cold Storage,13.558968000000002,100.590682,ChIJS5h1KTin4jARvgSh4BBiY7I,หมู่ที่ 4 333 333/1 ถ. ท้ายบ้าน ตำบล ท้ายบ้าน อำเภอเมือง สมุทรปราการ 10280,places,high,,,D263,2,"same coords, same place_id"
บจ.พีโอนี่ พาวเวอร์,2,,บจ.พีโอนี่ พาวเวอร์,13.6358126,100.43321069999999,ChIJMT9Ks7y94jARlnIRbBENhK0,543 ถ. บางขุนเทียน แขวงแสมดำ เขตบางขุนเทียน กรุงเทพมหานคร 10150,places,high,,,,,
ฟู้ดมี (ซอยข้างบุญถาวรรังสิต),2,,ซอยข้างบุญถาวรรังสิต ฟู้ดมี,14.027154699999999,100.61461639999999,ChIJmxDNQWV_4jARDzJp4bxSNd4,"19/14 ซอยข้างบุญถาวรสาขารังสิต, ตำบล คลองหนึ่ง อำเภอคลองหลวง ปทุมธานี 12120",places,high,,,,,
UFM ฟูจิ2,2,,UFM ฟูจิ2,13.742275,100.57213709999999,ChIJs9sY1fie4jARKZRDmJSfm0A,"79/79, 79/80, 79/97 พร้อมพงษ์ 79/109 ซ. สุขุมวิท 39 แขวงคลองตันเหนือ เขตวัฒนา กรุงเทพมหานคร 10110",places,high,,,D131,5,"same coords, same place_id"
โกดังเจริญรุ่งเรือง,2,,โกดังเจริญรุ่งเรือง,13.812734299999999,100.7255162,ChIJffXp7WNkHTERQwnDU4AqmKU,153 ถ. สีหบุรานุกิจ แขวงมีนบุรี เขตมีนบุรี กรุงเทพมหานคร 10510,places,medium,,,,,
PN นครปฐม,2,,PN นครปฐม,13.8378976,100.0300395,ChIJrSlE11Hk4jARYDA1JDiSAQ8,85 หมู่ที่ 3 ถ. มาลัยแมน ตำบล วังตะกู อำเภอเมืองนครปฐม นครปฐม 73000,places,high,,,,,
Tops Fine Food Sukhumvit 49,2,,Tops Fine Food Sukhumvit 49,13.7369208,100.5749326,ChIJGbyzY9-f4jARtNibPyFc8vw,195 ซ. พร้อมมิตร แขวงคลองตันเหนือ เขตวัฒนา กรุงเทพมหานคร 10110,places,high,,,,,
DKSH บางเสาธง,2,,DKSH บางเสาธง,13.599670699999999,100.77755769999999,ChIJPSK5X71cHTERfwO6kkWzOO4,HQXH+V27 ตำบลบางโฉลง อำเภอบางพลี สมุทรปราการ 10540,places,medium,,,,,
ราชาเล่ม่อน (ราชบุรี),2,,ราชบุรี ราชาเล่ม่อน,13.5362052,99.844443,ChIJR9esxycm4zARHnGCsInZMm4,259 ตำบล บ้านไร่ อำเภอเมืองราชบุรี ราชบุรี 70000,places,medium,,,,,
โรงงาน K.S,2,,โรงงาน K.S,14.4257922,100.5334022,ChIJlQefT1QL4jARKuX7bc5n7kQ,50 โพธิ์สามต้น ตำบล พุทเลา อำเภอบางปะหัน จังหวัดพระนครศรีอยุธยา 13220,places,low,,,,,
TUF โรงกุ้ง/OKF,2,,TUF โรงกุ้ง/OKF,19.6546992,100.1903063,ChIJfYicjPSV1zARi2tANdQ0uOo,Unnamed Rd ตำบล เวียง อำเภอ เทิง เชียงราย 57160 ตำบล เวียง อำเภอ เทิง เชียงราย 57160,places,low,,,,,
PEC Engineering & Consultant,2,,PEC Engineering & Consultant,13.9325981,100.6988372,ChIJaWQgrHJ8HTERqGzI8LvTmgk,"26/4 Moo 3, Lumlukka street ตำบล ลาดสวาย อำเภอลำลูกกา ปทุมธานี 12150",places,high,,,,,
เอเชี่ยน อะไลอันซ์,2,,เอเชี่ยน อะไลอันซ์,13.5185075,100.1725147,ChIJEwxGU5XH4jARwP44bIefLGc,8/8 ถ. พระรามที่ 2 ตำบล บ้านบ่อ อำเภอเมืองสมุทรสาคร สมุทรสาคร 74000,places,high,,,D272,2,"same coords, same place_id"
ห้องเย็นทะเลไทย ศรีเมือง,2,,ห้องเย็นทะเลไทย ศรีเมือง,13.5487668,100.2589527,ChIJ71Nzy4nH4jAR4ACDNcw2L_s,Unnamed Road ตำบล ท่าจีน อำเภอเมืองสมุทรสาคร สมุทรสาคร 74000,places,low,,,D125,7,"same coords, same place_id"
KLN SEAPORT,2,,KLN SEAPORT,13.121396599999999,100.912725,ChIJ9_Cdn-C5AjERXQlnTYy_c9I,4WC7+H35 ตำบลทุ่งสุขลา อำเภอศรีราชา ชลบุรี 20230,places,high,,,,,
P.J. FROZEN SEAFOOD,2,,P.J. FROZEN SEAFOOD,13.846223,100.62660129999999,ChIJi2HJWn1jHTERP6XStgUzt9o,RJWG+FJQ แขวงท่าแร้ง เขตบางเขน กรุงเทพมหานคร 10220,places,high,,,,,
CPF บางน้ำเปรี๊ยว,2,CPF บางน้ำเปรี้ยว,,,,,,,,,,,,
โกเบย่า พระราม3,2,,โกเบย่า พระราม3,13.6756105,100.5445333,ChIJq1nTLm-h4jARkoOs3BR1F1s,959 ถ. พระรามที่ 3 แขวงบางโพงพาง เขตยานนาวา กรุงเทพมหานคร 10120,places,medium,,,D192,2,"same coords, same place_id"
Central Chiangmai - MAYA - เซ็นทรัล เชียงใหม่ แอร์พอร์ต,2,,Central Chiangmai - MAYA - เซ็นทรัล เชียงใหม่ แอร์พอร์ต,18.7682663,98.9758056,ChIJN16-o2Qw2jARYD2lMk7tI48,"9, 9, 1 หมู่ที่ 3 ตำบลป่าแดด อำเภอเมืองเชียงใหม่ เชียงใหม่ 50200",places,high,,,,,
เจพีเค Freezone,2,เจพีเค Free Zone,,,,,,,,,,,,
บริษัท เบคแล็บเบเกอรี่ ซัพพลายเออร์,2,,บริษัท เบคแล็บเบเกอรี่ ซัพพลายเออร์,13.9265996,100.5347772,ChIJ5yFfSsqD4jARPPsZpJrtN88,50/59 ตำบลบ้านใหม่ อำเภอปากเกร็ด นนทบุรี 11120,places,high,,,,,
บจก.สินธนโชติ (ขึ้นสินค้า),2,,ขึ้นสินค้า บจก.สินธนโชติ,13.657159,100.6371399,ChIJq5Kwa5RfHTER7YoW_PxtJzU,876 ถ. ลาซาล แขวงบางนาใต้ เขตบางนา กรุงเทพมหานคร 10260,places,high,,,,,
AEP (AMERICAN - EUROPEAN PRODUCTS) (ลำลูกกา),2,,AMERICAN - EUROPEAN PRODUCTS AEP (ลำลูกกา),13.8094738,100.605263,ChIJs22LaZqd4jARU_KYAUwvk0I,58 Soi Naknivas 37 Naknivas Rd 54 นาคนิวาส 37 แขวงลาดพร้าว ลาดพร้าว กรุงเทพมหานคร 10230,places,high,,,D186,3,"same coords, same place_id"
PSC Starch (ชลบุรี),2,,ชลบุรี PSC Starch,13.1387529,101.3662643,ChIJp4ac-a0pAzERB46E4ZyOUyc,"โรงงาน999 หมู่5ต.หนองใหญ่ อ.หนองใหญ่ ชลบุรี, 20190 เทศบาลตำบลหนองใหญ่ อำเภอหนองใหญ่ ชลบุรี 20190",places,high,,,D199,2,"same coords, same place_id"
บริษัทพิศมัยผลไม้แช่แข็ง (ราชบุรี),2,,ราชบุรี บริษัทพิศมัยผลไม้แช่แข็ง,13.522098,99.77404849999999,ChIJbZI8jaUv4zAR-XZh7lx71Es,138 3 ตำบล เจดีย์หัก อำเภอเมืองราชบุรี ราชบุรี 70000,places,high,,,D238,2,"same coords, same place_id"
สหมิตร โคราช,2,สหมิตรโคราช,,,,,,,,,,,,
Siam CTNR LKB,2,,Siam CTNR LKB,13.0575467,100.9967322,ChIJ8fY3bmnHAjERSBTzOYSQ3fA,บึง อำเภอศรีราชา ชลบุรี 20230,places,medium,,,,,
Hutchison Laemchabang Terminal,2,,Hutchison Laemchabang Terminal,13.047551499999999,100.903356,ChIJL5gjQaa5AjERtJWyCjoJ23g,2WX3+28H ตำบลทุ่งสุขลา อำเภอศรีราชา ชลบุรี 20230,places,high,,,,,
มากุโระ Route010,2,,มากุโระ Route010,13.766906899999999,100.44387379999999,ChIJEy6gfsSZ4jARdI6Jj7BqAyM,"39/1 The Circle Ratchapruk, ถ. ราชพฤกษ์ แขวงบางระมาด เขตตลิ่งชัน กรุงเทพมหานคร 10170",places,low,,,D052,6,"same coords, same place_id"
(301 - 350),2,,301 - 350,13.8909579,100.6062424,ChIJJf3Xer2C4jARL3YP3pR83no,1 ห้องเลขที่ จีซีอา 004/1 ชั้น 1 50 ถ. พหลโยธิน แขวงอนุสาวรีย์ เขตบางเขน กรุงเทพมหานคร 10220,places,medium,,,,,
KCTC 1,2,,KCTC 1,13.1215925,100.9508583,ChIJn05dgWi5AjERUPX5hvmTxQw,180 ต 8 สุรศักดิ์ อำเภอศรีราชา ชลบุรี 20110,places,high,,,,,
กอล์ฟมหาชัยซีฟู้ด เดือนตุลาคม 2568,2,,กอล์ฟมหาชัยซีฟู้ด เดือนตุลาคม 2568,13.523290999999999,100.285663,ChIJKdu2bsW54jAR4cEltCkUyfc,G7FP+G9 ตำบล บางหญ้าแพรก อำเภอเมืองสมุทรสาคร สมุทรสาคร 74000,places,high,,,D167,3,"same coords, same place_id"
Merry สมุทรสาคร (ห้องเย็นทะเลไทย) เดือนตุลาคม 2568,2,,ห้องเย็นทะเลไทย Merry สมุทรสาคร เดือนตุลาคม 2568,13.5487668,100.2589527,ChIJ71Nzy4nH4jAR4ACDNcw2L_s,Unnamed Road ตำบล ท่าจีน อำเภอเมืองสมุทรสาคร สมุทรสาคร 74000,places,medium,,,D125,7,"same coords, same place_id"
โอสถสภา อยุธยาปี2025,2,,โอสถสภา อยุธยาปี2025,14.322037900000002,100.6140544,ChIJB-6cK7N34jAR3p9f4pqwQNo,8JC7+RJ7 ตำบล คุ้งลาน อำเภอบางปะอิน จังหวัดพระนครศรีอยุธยา 13160,places,high,,,D072,2,"same coords, same place_id"
DC Makro Mahachai (แมคโครมหาชัย) (2025),2,,แมคโครมหาชัย DC Makro Mahachai (2025),13.5003258,100.1285835,ChIJo0kG6grP4jARQQOh1ErWZ9E,"64/2 64/2, ตำบล กาหลง อำเภอเมืองสมุทรสาคร สมุทรสาคร 74000",manual,high,y,"was geocoded to the wrong ""DC Makro Mahachai"" candidate (a Makro/Lotus mall ~1km from origin) instead of the real distribution center; corrected 2026-09-23, see sum.md",D012,9,"same coords, same place_id"
องกรณ์ห้องเย็น,2,,องกรณ์ห้องเย็น,13.559324199999999,100.291805,ChIJEwxGU5XH4jARaKNxiwcx6RU,60 104 ถ. เอกชัย ตำบลมหาชัย อำเภอเมืองสมุทรสาคร สมุทรสาคร 74000,places,high,,,D250,2,"same coords, same place_id"
S&P ลาดระบัง (Pre - cool),2,,Pre - cool S&P ลาดระบัง,13.761279799999999,100.7831597,ChIJz-65gAtnHTERJaSwiGTkQtk,135 ซอย นิคมอุตสาหกรรมลาดกระบัง แขวงลำปลาทิว เขตลาดกระบัง กรุงเทพมหานคร 10520,places,medium,,,,,
เดอะมอลล์งามวงศ์วาน,2,,เดอะมอลล์งามวงศ์วาน,13.8565708,100.5418005,ChIJ5yP2JLuc4jAR1qkf7lIUeAQ,ตำบลบางเขน อำเภอเมืองนนทบุรี นนทบุรี 11000 ประเทศไทย,places,high,,,,,
สุกี้ตี๋น้อย,2,,สุกี้ตี๋น้อย,13.5695041,100.2892488,ChIJG0i8fl254jARxyJx-UYKw_o,99 121 ตำบล นาดี อำเภอเมืองสมุทรสาคร สมุทรสาคร 74000,places,high,,,,,
Star 2025 อุตรดิตถ์,2,,Star 2025 อุตรดิตถ์,17.6372808,100.0891631,ChIJQ0oOSDgw3zARhcew6c7zkVw,53 1-3 ถนน อินใจมี ท่าอิฐ อำเภอเมืองอุตรดิตถ์ อุตรดิตถ์ 53000,places,high,,,,,
ไอเลิฟไอศครีม ยโสธร,2,,ไอเลิฟไอศครีม ยโสธร,15.7765875,104.1692832,ChIJzylvhCbJFzERmP5kIuo_hI8,เลขที่ 342 ถ. แจ้งสนิท หมู่ 9 ตำบล เขื่องคำ อำเภอเมืองยโสธร ยโสธร 35000,places,high,,,,,
มีท 365 (ปลั้กตู้),2,,ปลั้กตู้ มีท 365,13.734158899999999,100.6049311,ChIJ6-BmbACf4jARzplyYYycj7E,80 1 ซอย พัฒนาการ 20 แยก 4 แขวงสวนหลวง เขตสวนหลวง กรุงเทพมหานคร 10250,places,high,,,D214,4,"same coords, same place_id"
โรงงานผู้ว่าจ้าง (บางใหญ่),2,,บางใหญ่ โรงงานผู้ว่าจ้าง,13.830297300000002,100.3242293,ChIJvYMcELST4jARYB2XJZQUJEM,32 20 หมู่6 ถนนบางคูวัด บางใหญ่ อำเภอบางใหญ่ นนทบุรี 11140,places,low,,,,,
NSL Food,2,,NSL Food,13.437365999999999,101.0758389,ChIJQfhqiNUwHTER-FMfjEM6s6g,"700, 836 ตำบล หนองตำลึง อำเภอพานทอง ชลบุรี 20160",places,low,,,D195,2,"same coords, same place_id"
สยาม ฟูดส์ แอนด์ เบฟเวอร์เรจ,2,,สยาม ฟูดส์ แอนด์ เบฟเวอร์เรจ,13.5798905,100.45958499999999,ChIJIfDbgzel4jAR4hi-vs5yGcE,ประชาอุทิศ 90 ตำบล บ้านคลองสวน อำเภอพระสมุทรเจดีย์ สมุทรปราการ 10290,places,high,,,D208,2,"same coords, same place_id"
ทาโกฟู้ด นครปฐม,2,,ทาโกฟู้ด นครปฐม,13.6963257,100.08046639999999,ChIJ8f76aPXq4jARCZUYNyU-z_g,"50/10 หมู่ 3 ถนนพระประโทน-บ้านแพ้ว, ตำบล ตลาดจินดา อำเภอสามพราน นครปฐม 73110",places,high,,,D023,2,"same coords, same place_id"
บจก.เบญจนันท์ฟู้ด นครปฐม,2,,บจก.เบญจนันท์ฟู้ด นครปฐม,13.718484499999999,100.24542439999999,ChIJ2ZxPZf3r4jARlg6WfKbJKUI,P69W+F5F นักบุญ ซอยเปโตร 5/2 ตำบล ท่าข้าม อำเภอสามพราน นครปฐม 73110,places,high,,,,,
ปตท. พระราม 2 กม.22,2,,ปตท. พระราม 2 กม.22,13.584737299999999,100.31944039999999,ChIJE1tBoj254jARHzwLIqQ7BR0,99 H8M9+XR3 ตำบล คอกกระบือ อำเภอเมืองสมุทรสาคร สมุทรสาคร 74000,places,high,,,,,
TUF โรงทูน่า รับถัง,2,,TUF โรงทูน่า รับถัง,13.569123999999999,100.269663,ChIJ5byu8G644jARZUUoDtkUAGc,72/1 Sethakit 1 Road Tambon Tarsrai Amphur Muangsamutsakorn สมุทรสาคร 74000,places,low,,,D088,2,"same coords, same place_id"
TUF (ขึ้นสินค้า),2,,ขึ้นสินค้า TUF,13.5408882,100.2152583,ChIJF3HpVzXG4jARCkacBUJr72A,8/5-7 ตำบลบางกระเจ้า อำเภอเมืองสมุทรสาคร สมุทรสาคร 74000,places,low,,,D217,3,"same coords, same place_id"
Route 001 (เสริมรถ),2,,เสริมรถ Route 001,13.729583799999999,100.53282259999999,ChIJmYPHnxKf4jARHxxHc5vxV8I,29 ถ. สุรวงศ์ แขวงสุริยวงศ์ เขตบางรัก กรุงเทพมหานคร 10500,places,high,,,,,
ภูเก็ต (ส่งสินค้า2จุด),2,,ส่งสินค้า2จุด ภูเก็ต,7.8842571,98.3681361,ChIJ_yQVpLkvUDARsEAnHU7X9Qg,93 148 ตำบล วิชิต อำเภอเมืองภูเก็ต ภูเก็ต 83000,places,medium,,,,,
ลงสินค้า,2,,ลงสินค้า,13.3094051,101.1157824,ChIJ26OSDygzHTERW-on-au28wo,8458+Q87 ถนน ประโยชน์เนื่องจำนงค์ 2 ตำบล บ้านบึง อำเภอบ้านบึง ชลบุรี 20170,places,high,,,,,
ติด Sticker บิ๊กซีเปรง ฉะเชิงเทรา,2,,ติด Sticker บิ๊กซีเปรง ฉะเชิงเทรา,13.6919147,100.9012679,ChIJgYjW4BlqHTER-jMcCgbunHQ,99 7 ตำบล คลองเปรง อำเภอเมืองฉะเชิงเทรา ฉะเชิงเทรา 24000,places,high,,,D222,3,"same coords, same place_id"
บอร์เนียว โลจิสติกส์,2,,บอร์เนียว โลจิสติกส์,13.704008799999999,100.5443792,ChIJPxr5J0Sf4jARQT5yv7SFocI,"216/12,13 ชั้น 8, แอล.พี.เอ็น.ทาวเวอร์ ถ. นางลิ้นจี่ แขวงช่องนนทรี เขตยานนาวา กรุงเทพมหานคร 10120",places,high,,,,,
จันทร์เจริญ,2,,จันทร์เจริญ,13.706112399999999,100.5282598,ChIJPdeQA5aZ4jARdBn6dd-R26I,"226, 228 ถ. จันทน์ แขวงทุ่งวัดดอน เขตสาทร กรุงเทพมหานคร 10120",places,high,,,,,
บริษัท ฟิวเจอร์ พีเอ็นวาย (ปัตตานี),2,,ปัตตานี บริษัท ฟิวเจอร์ พีเอ็นวาย,6.7611261,101.4754912,ChIJNa-T0dmlszER6JUv0jJfxf4,10 ควน 66 ตำบล ควน อำเภอ ปะนาเระ ปัตตานี 94190,places,high,,,,,
TIPSCD,2,,TIPSCD,13.082217600000002,100.8911778,ChIJvQdfrCq6AjERqzuB04gHvbY,ตำบลทุ่งสุขลา อำเภอศรีราชา ชลบุรี 20230,places,low,,,,,
CONCENTER 4,2,,CONCENTER 4,13.6659999,100.63931550000001,ChIJAZV1Fg-g4jARgaQSa5pJWVw,1598 ซอย บางนา-ตราด 42 แขวงบางนาใต้ เขตบางนา กรุงเทพมหานคร 10260,places,high,,,,,
อคิโยชิ,2,,อคิโยชิ,13.716011799999999,100.59062879999999,ChIJ4VQh77uf4jARUdtbPyk60ug,1521/1 ถ. สุขุมวิท แขวงพระโขนงเหนือ เขตวัฒนา กรุงเทพมหานคร 10110,places,high,,,,,
สยามชัย ระนอง,2,,สยามชัย ระนอง,9.9576583,98.6319668,ChIJE4ktRfxRVjARF3Tx676OYAE,121/2-4 ถนน ท่าเมือง ตำบล เขานิเวศน์ เมือง ระนอง 85000,places,high,,,,,
โคราช,2,,โคราช,14.8882481,102.2547919,ChIJRZcoupNMGTERMgrLgnUq5Vo,นครราชสีมา,places,high,,,,,
ลำปาง,2,,ลำปาง,18.7440477,99.72326729999999,ChIJ2e8DBvVs2TARwEqK-sVGAwE,ลำปาง,places,high,,,,,
บริษัท ไทสันโพลทรี่,2,,บริษัท ไทสันโพลทรี่,14.091352899999999,101.01687679999999,ChIJuz4QPEGhHTERTQuza6_4Nsw,42 6 ตำบลองครักษ์ อำเภอองครักษ์ นครนายก 26120,places,high,,,D242,3,"same coords, same place_id"
นิโอสุกี้,2,,นิโอสุกี้,13.7594365,100.3305449,ChIJhxi-r-uV4jARINdkBsdevgs,111 ตำบล กระทุ่มล้ม อำเภอสามพราน นครปฐม 73220,places,medium,,,D215,2,"same coords, same place_id"
ห้องเย็นเอกชัย,2,,ห้องเย็นเอกชัย,13.5589743,100.2896304,ChIJhSAWRVi54jARi7KoyNJzuIE,57 35 ตำบล โคกขาม อำเภอเมืองสมุทรสาคร สมุทรสาคร 74000,places,medium,,,,,
"S.I.A. Farm III Co., Ltd.",2,,"S.I.A. Farm III Co., Ltd.",12.1001088,99.9530066,ChIJDyqS-0vN_TARzmrJKb7DYCE,123 15 ม.3 ตำบล เขาแดง อำเภอกุยบุรี ประจวบคีรีขันธ์ 77150,places,high,,,,,
KNS,1,,KNS,13.7407264,100.5632469,ChIJQy5t-mGf4jARBkI18lQwXvs,อาคาร P23 11/2 ชั้นที่ 14 ห้องเลขที่ C ซ. สุขุมวิท 23 แขวงคลองเตยเหนือ เขตวัฒนา กรุงเทพมหานคร 10110,places,low,,,,,
Thai Royal Frozen Foods,1,,Thai Royal Frozen Foods,13.5356776,100.2576548,ChIJEwxGU5XH4jAR7Ex-Ck3bB-E,119 99 หมู่ 1 ถนน วิเชียรโชฎก ตำบล ท่าจีน อำเภอเมืองสมุทรสาคร สมุทรสาคร 74000,places,high,,,D273,3,"same coords, same place_id"
สยาม ฟูดส์ พระราม4,1,,สยาม ฟูดส์ พระราม4,13.713977499999999,100.57644669999999,ChIJI1CClqCf4jAR7ACxr6jVYB4,2439 ถ. ทางรถไฟสายเก่าปากน้ำ แขวงพระโขนง เขตคลองเตย กรุงเทพมหานคร 10110,places,medium,,,D209,3,"same coords, same place_id"
สหมิตร (โคราช),1,สหมิตรโคราช,,,,,,,,,,,,
Sushi express,1,,Sushi express,13.8068184,100.725094,ChIJmegSArJlHTERJtcppFB7AQk,101 ถ. รามคำแหง แขวงมีนบุรี เขตมีนบุรี กรุงเทพมหานคร 10510,places,high,,,,,
อิ่มทรัพย์,1,,อิ่มทรัพย์,13.743036199999999,100.52453729999999,ChIJ-xGWDnOZ4jARk2sMIetHArk,66 8-12 ซอย จุฬาลงกรณ์ 12 แขวงวังใหม่ เขตปทุมวัน กรุงเทพมหานคร 10330,places,high,,,,,
ร้านฟู่ฟู่ชา สาขาอารีย์,1,,ร้านฟู่ฟู่ชา สาขาอารีย์,13.7787125,100.5387075,ChIJHXjsN6ie4jARz7vx8i41Bkc,ที่อยู่ 133 ซอย แขวงพญาไท เขตพญาไท กรุงเทพมหานคร 10400,places,high,,,,,
ออแกนิค นนทบุรี,1,,ออแกนิค นนทบุรี,13.8673334,100.39596019999999,ChIJr5CwQS2Q4jAR0mfk6phszks,56/4 ถนน สายเลียบคลองบางกระบือ ตำบล บางแม่นาง อำเภอบางใหญ่ นนทบุรี 11140,places,medium,,,,,
ครัวกลางไอเบอร์รี่โฮมเมด (คลังสินค้า),1,,คลังสินค้า ครัวกลางไอเบอร์รี่โฮมเมด,13.7135875,100.5764531,ChIJXfxxUnCf4jARKBplQu6IiUQ,PH7G+CHP ซอย ทางรถไฟสายปากน้ำ แขวงพระโขนง เขตคลองเตย กรุงเทพมหานคร 10110,places,high,,,D295,2,"same coords, same place_id"
Totonoi Sauna&Onsen,1,,Totonoi Sauna&Onsen,13.725715099999999,100.57519409999999,ChIJp3RmLrGf4jAREVeVvYGXGao,8 ซอย สุขุมวิท 32 แขวงคลองตัน เขตคลองเตย กรุงเทพมหานคร 10110,places,high,,,,,
Armenio's,1,,Armenio's,13.7219907,100.5479364,ChIJ29JGW2if4jARCjVU6F91zDc,48 ซอย สะพานคู่ แขวงทุ่งมหาเมฆ เขตสาทร กรุงเทพมหานคร 10120,places,high,,,,,
เจริญรุ่งเรือง,1,,เจริญรุ่งเรือง,13.6686277,100.4524041,ChIJjWzYVwGj4jARTNOFOpdW3H0,15/9 ศูนย์การค้าเดอะไบรท์ ถ. พระรามที่ 2 แขวงท่าข้าม เขตบางขุนเทียน กรุงเทพมหานคร 10150,places,high,,,D283,2,"same coords, same place_id"
สมารทยูไนเต็ด (มนต์โลจิสติกส์),1,,มนต์โลจิสติกส์ สมารทยูไนเต็ด,13.7326385,100.7757781,ChIJcaGEJ0hmHTERI873Wo8oE7w,55 55 ทางขนานมอเตอร์เวย์ แขวงลำปลาทิว เขตลาดกระบัง กรุงเทพมหานคร 10520,places,low,,,,,
NP food,1,,NP food,17.2992557,101.7671597,ChIJD3PZ_qZrITER7DuLvIanU8s,94 วังสะพุง 1 ถนนประชาเสรี ตำบล วังสะพุง อำเภอวังสะพุง เลย 42130,places,high,,,,,
Suraponfoods (เทพารักษ์),1,,เทพารักษ์ Suraponfoods,13.6157496,100.6574893,ChIJ3QUS2LheHTERZr_RolXJyeo,247 หมู่ที่ 1 ถ. เทพารักษ์ ตำบลเทพารักษ์ อำเภอเมืองสมุทรปราการ สมุทรปราการ 10270,places,high,,,D288,2,"same coords, same place_id"
M - senko เดือน3,1,,M - senko เดือน3,13.5953571,100.7848478,ChIJ9Wf2vFxdHTERtj1tfhqssKk,62 ตำบล ศีรษะจรเข้ใหญ่ อำเภอบางเสาธง สมุทรปราการ 10110,places,medium,,,D080,5,"same coords, same place_id"
มากุโระ สาขาเซ็นทรัลเวิลด์,1,,มากุโระ สาขาเซ็นทรัลเวิลด์,13.746197299999999,100.53969269999999,ChIJKSg0sv6f4jARhdzXClD65Eg,"6th Floor, Unit A606 CentralWorld แขวงปทุมวัน เขตปทุมวัน กรุงเทพมหานคร 10400",places,high,,,D303,2,"same coords, same place_id"
หมู่บ้านลัดดาไทรีสอร์ท,1,,หมู่บ้านลัดดาไทรีสอร์ท,13.8460472,100.6316906,ChIJ0xKBGQBjHTERESVfyN-5MNk,57 30 ซ. รามอินทรา 34 แขวงท่าแร้ง เขตบางเขน กรุงเทพมหานคร 10220,places,high,,,,,
ปราสาทตาควาย,1,,ปราสาทตาควาย,14.352607299999997,103.37369699999999,ChIJ45uhj8INGjEREolZbLEEf_o,บ้านไทยนิยมพัฒนา หมู่ที่ 17 ตำบล บักได อำเภอ พนมดงรัก สุรินทร์ 32140,places,high,,,,,
รพ. ธรรมศาสตร์ รังสิต อาคารบริการชั้น 2,1,,รพ. ธรรมศาสตร์ รังสิต อาคารบริการชั้น 2,14.0727123,100.61582790000001,ChIJZ0vuDQB_4jARdntmIi39skw,"95 หมู่ที่ 8 Phaholyothin Frontage Road, ตำบล คลองหนึ่ง อำเภอคลองหลวง ปทุมธานี 12120",places,medium,,,,,
ไทย กรีน 4W*2,1,,ไทย กรีน 4W*2,13.5535258,100.3360175,ChIJ4dembJ654jARbOMVm7Zi1iI,30 85 หมู่ 1 ถ.เจษฎาวิถี ตำบล โคกขาม อำเภอเมืองสมุทรสาคร สมุทรสาคร 74000,places,medium,,,D090,2,"same coords, same place_id"
วินแชนส์ ฟู้ดส์ (นิคมฯบางพลี),1,,นิคมฯบางพลี วินแชนส์ ฟู้ดส์,13.5832242,100.6913773,ChIJ3elg8a1eHTERwZfInVHRlmA,109/39 หมู่ที่ 21 ถนนบางพลี-ตำหรุ ตำบลบางพลีใหญ่ อำเภอบางพลี สมุทรปราการ 10540,places,medium,,,D278,2,"same coords, same place_id"
มากุโระ สาขาเอกมัย,1,,มากุโระ สาขาเอกมัย,13.7287445,100.5814048,ChIJbVBkkCqf4jARaS_Q0DpBRDs,"Fl 2, Zone A, 144/4 ถ. ทองหล่อ แขวงคลองตันเหนือ เขตวัฒนา กรุงเทพมหานคร 10110",places,low,,,D294,2,"same coords, same place_id"
สาขาวันแบงค๊อก,1,,สาขาวันแบงค๊อก,13.7270531,100.54725450000001,ChIJo-KudiSf4jARuHpmM504kW4,ถ. วิทยุ แขวงลุมพินี เขตปทุมวัน กรุงเทพมหานคร 10330,places,high,,,D204,3,"same coords, same place_id"
"ซ่อมมากุโระ (เมกะ,สามย่าน,เดอะไนน์)",1,,"เมกะ,สามย่าน,เดอะไนน์ ซ่อมมากุโระ",13.767238599999999,100.44234879999999,ChIJ1_snaVuZ4jARgFayTmJuChg,"ห้องเลขที่ C25, เดอะเซอร์เคิล ราชพฤกษ์ 39 ถ. ราชพฤกษ์ แขวงบางระมาด เขตตลิ่งชัน กรุงเทพมหานคร 10170",places,low,,,,,
"ซ่อมมากุโระ (เซ็นทรัล เวสเกต, โรบินสัน ราชพฤกษ์)",1,,"เซ็นทรัล เวสเกต, โรบินสัน ราชพฤกษ์ ซ่อมมากุโระ",13.9353942,100.45723900000002,ChIJAXE2-7WF4jARIL3J7eSn0t4,19 11 ตำบล คลองข่อย อำเภอปากเกร็ด นนทบุรี 11120,places,medium,,,D308,2,"same coords, same place_id"
มากุโระ สาขาสยามวัน,1,,มากุโระ สาขาสยามวัน,13.7449446,100.5334548,ChIJlbASagqf4jARhVY2qj5uKuk,"Unit SS 4005, 388 ถ. พระรามที่ 1 แขวงปทุมวัน เขตปทุมวัน กรุงเทพมหานคร 10330",places,high,,,D086,5,"same coords, same place_id"
มากุโระ สาขาสามย่าน,1,,มากุโระ สาขาสามย่าน,13.733743899999999,100.52840429999999,ChIJh5fFNwCZ4jAR3QcKojVrBFk,4th Floor Samyan Mitrtown ถ. พระรามที่ 4 แขวงวังใหม่ เขตปทุมวัน กรุงเทพมหานคร 10330,places,medium,,,D301,2,"same coords, same place_id"
Everwell Grobal,1,,Everwell Grobal,13.5557128,100.37784889999999,ChIJC34bkEe74jARU0V06d_gKJ4,99 265 หมู่2 พันท้ายนรสิงห์ อำเภอเมืองสมุทรสาคร สมุทรสาคร 74000,places,high,,,D309,2,"same coords, same place_id"
DC บางนา,1,,DC บางนา,13.570282299999999,100.7774429,ChIJW_JVrVtbHTERG93IPJ0QSMc,Unnamed Road HQCG+4X8 ตำบลบางเสาธง อำเภอบางเสาธง สมุทรปราการ 10540,places,high,,,,,
ชัยนริทร์,1,,ชัยนริทร์,6.422565,101.8251712,ChIJQTt0LfjxszERv3HIBAbo_ho,เลขที่ 45 ถนนระแงะมรรคา ตำบล บางนาค อำเภอเมืองนราธิวาส นราธิวาส 96000,places,high,,,,,
ฟู้ดแพทชั่น,1,ฟู้ดแพชชั่น,,,,,,,,,,,,
สุกี้ตี๋น้อย (BNN),1,,BNN สุกี้ตี๋น้อย,13.8101963,100.61576269999999,ChIJ9dhSUyVjHTERf1ILX2J2CNk,34/4 ถนน ประดิษฐ์มนูญธรรม แขวงลาดพร้าว ลาดพร้าว กรุงเทพมหานคร 10230,places,high,,,,,
ทรัพย์สมุทร,1,,ทรัพย์สมุทร,13.5369711,100.2954015,ChIJM3IAr8u54jARzHYRpEbF7_A,ตำบล บางหญ้าแพรก อำเภอเมืองสมุทรสาคร สมุทรสาคร 74000,places,high,,,,,
ข้าวต้มเจ๊ใจ,1,,ข้าวต้มเจ๊ใจ,14.612096,100.15397709999999,ChIJJ0m_UU874jARrzfxQDy3xEM,ตำบล ศรีประจันต์ อำเภอศรีประจันต์ สุพรรณบุรี 72140 ประเทศไทย,places,medium,,,,,
เซ็นทรัล กระบี่,1,,เซ็นทรัล กระบี่,8.1007497,98.8923906,ChIJa8ePA7mVUTARAx1dPnnLALM,"55/5, 55/6 55/7 ถ. เพชรเกษม เทศบาลเมืองกระบี่ กระบี่ใหญ่ อำเภอเมืองกระบี่ กระบี่ 81000",places,high,,,D243,2,"same coords, same place_id"
central เชียงใหม่,1,Centralเชียงใหม่,,,,,,,,,,,,
หาดใหญ่ (รอปิดบูธ),1,,รอปิดบูธ หาดใหญ่,7.007114,100.49202679999999,ChIJIRswH64pTTARxdie6y8cB2w,1142 ถ. กาญจนวนิช ตำบล หาดใหญ่ อำเภอหาดใหญ่ สงขลา 90110,places,medium,,,,,
คลังสุขาภิบาล 5,1,,คลังสุขาภิบาล 5,13.8949242,100.6622362,ChIJgcNuunp9HTERCN1bs-WOt_0,ปั้มบางจาก สำนักงานเขตสายไหม แขวงออเงิน สายไหม กรุงเทพมหานคร 10220,places,medium,,,,,
คลัง All Now,1,,คลัง All Now,13.7227467,100.5346457,ChIJVVvfYKif4jARhzg1txom-EY,127 อาคารปัญจภูมิ 2 ชั้น 15 ถ. สาทรใต้ แขวงทุ่งมหาเมฆ เขตสาทร กรุงเทพมหานคร 10120,places,medium,,,,,
Bigc เปร็ง,1,,Bigc เปร็ง,13.6919147,100.9012679,ChIJgYjW4BlqHTER-jMcCgbunHQ,99 7 ตำบล คลองเปรง อำเภอเมืองฉะเชิงเทรา ฉะเชิงเทรา 24000,places,medium,,,D222,3,"same coords, same place_id"
สห ลอว์สัน,1,,สห ลอว์สัน,13.745541999999999,100.5795782,ChIJxSvSVS6f4jARJHwqi4Ss8tU,2170 ถ. เพชรบุรีตัดใหม่ แขวงบางกะปิ เขตห้วยขวาง กรุงเทพมหานคร 10310,places,high,,,,,
มิราเคิล แพลนเนท,1,,มิราเคิล แพลนเนท,13.746794699999999,100.42753139999999,ChIJ2Z3hdwyX4jAR1aV2-27EF9Y,10 ถนน พุทธมณฑลสาย 1 แขวงบางเชือกหนัง เขตตลิ่งชัน กรุงเทพมหานคร 10170,places,high,,,,,
คลังอุดรธานี,1,,คลังอุดรธานี,17.4154031,102.7875966,ChIJI0b1NZadIzEREe7K3CyTcE0,Unnamed Road CQ8Q+529 ตำบลหมากแข้ง อำเภอเมืองอุดรธานี อุดรธานี 41000,places,high,,,,,
CK นวนคร,1,,CK นวนคร,14.1329946,100.60275879999999,ChIJKyAxYRZ_4jARqOkAlmIVA-M,101 125 หมู่ที่20 ตำบล คลองหนึ่ง อำเภอคลองหลวง ปทุมธานี 12120,places,high,,,D169,2,"same coords, same place_id"
อินเตอร์เนชั่น แนลโปรเจค เซอร์วิส (เอเชีย) จำกัด,1,,เอเชีย อินเตอร์เนชั่น แนลโปรเจค เซอร์วิส จำกัด,13.7231396,100.6011382,ChIJ89NI5juf4jAR1MfDLXkOMmo,137 ซอย มีสุวรรณ 3 แยก 3 แขวงพระโขนงเหนือ เขตวัฒนา กรุงเทพมหานคร 10110,places,high,,,,,
FoodStar บ้านแพ้ว,1,,FoodStar บ้านแพ้ว,13.666874,100.0862066,ChIJlf0uX_rp4jARsOwXyAEsMUM,"58 ม.6, ถ.พระประโทน-บ้านแพ้ว, ต.ตลาดจินดา อ.สามพราน จ.นครปฐม , 73110 ตำบล คลองจินดา อำเภอสามพราน นครปฐม 73110",places,high,,,D216,2,"same coords, same place_id"
SK Food,1,S.K. Foods,,,,,,,,,,,,
บริษัท จินซิน อินเตอร์เนชั่นแนล เทรดดิ้ง จำกัด,1,,บริษัท จินซิน อินเตอร์เนชั่นแนล เทรดดิ้ง จำกัด,13.576437199999999,100.22251609999999,ChIJtbonv0y54jARO1p4fV_CzRU,62 3 ตำบล บ้านเกาะ อำเภอเมืองสมุทรสาคร สมุทรสาคร 74000,places,high,,,,,
PACJ สุวินทวงศ์ (M - SENKO),1,,M - SENKO PACJ สุวินทวงศ์,13.8006419,100.81568879999999,ChIJwSPzN3xvHTER7k_w10euSYE,59 284 ถ. สุวินทวงศ์ ลำผักชี เขตหนองจอก กรุงเทพมหานคร 10530,places,high,,,,,
International Pet Food (Saraburi),1,,Saraburi International Pet Food,14.574043999999999,100.9842266,ChIJtcKsTQXDHTERDmoqcNCIPI4,115/2 ถ. มิตรภาพ ตำบล ตาลเดี่ยว อำเภอแก่งคอย สระบุรี 18110,places,high,,,,,
ห้องเย็นปิติเซ็นเตอร์,1,,ห้องเย็นปิติเซ็นเตอร์,14.201818699999999,100.66074499999999,ChIJUyXk6hOHHTERGJWTAM2OfMc,9/9-10 ตำบล ลำไทร อำเภอวังน้อย จังหวัดพระนครศรีอยุธยา 13170,places,high,,,D292,2,"same coords, same place_id"
โรงพยาบาลจักษุบ้านแพ้ว,1,,โรงพยาบาลจักษุบ้านแพ้ว,13.5917958,100.10385149999999,ChIJS2ohsOrE4jARijqbORU6C7U,H4R3+PG9 บ้านแพ้ว อำเภอบ้านแพ้ว สมุทรสาคร 74120,places,high,,,,,
PCS (ห้องเย็นแปซิฟิค) ครึ่งเที่ยว50%,1,,ห้องเย็นแปซิฟิค PCS ครึ่งเที่ยว50%,13.5845653,100.29124159999999,ChIJzz6wnnK54jARf8v9vQ0kQog,Unnamed Road H7MR+RFH ตำบล นาดี อำเภอเมืองสมุทรสาคร สมุทรสาคร 74000,places,high,,,D001,10,"same coords, same place_id"
บจก. คิงเวลล์ เฟิร์ส | Kingwell first สมุทรสาคร,1,,บจก. คิงเวลล์ เฟิร์ส | Kingwell first สมุทรสาคร,13.5674609,100.310397,ChIJSSrETa-54jARgzbti3CROvQ,ตำบล โคกขาม อำเภอเมืองสมุทรสาคร สมุทรสาคร 74000,places,high,,,D082,6,"same coords, same place_id"
บริษัท ซุปเปอร์ฟู้ด คาเฟ่,1,,บริษัท ซุปเปอร์ฟู้ด คาเฟ่,13.822398199999999,100.60767469999999,ChIJt0nsfwCd4jARWcf7QmX1eoc,27 ถ. สุคนธสวัสดิ์ ลาดพร้าว กรุงเทพมหานคร 10230,places,high,,,,,
บ.เอ็นเอส ซีฟูดส์ จำกัด สมุทรสาคร ลงของ ราคานี้ใชเเฉพาะเดือน 1/2026),1,,บ.เอ็นเอส ซีฟูดส์ จำกัด สมุทรสาคร ลงของ ราคานี้ใชเเฉพาะเดือน 1/2026,13.5481304,100.35111599999999,ChIJNVJIH_TH4jARYRbGEHTFWgk,"12, 3 พันท้ายนรสิงห์ อำเภอเมืองสมุทรสาคร สมุทรสาคร 74000",places,high,,,D133,4,"same coords, same place_id"
GFPT Nichirei,1,,GFPT Nichirei,13.1588005,101.3018384,ChIJhfydNVLWAjER5p9ShPUh_XQ,77ม.4 ต.ห้างสูง อ.หนองใหญ่ ตำบล ห้างสูง อำเภอหนองใหญ่ ชลบุรี 20190,places,high,,,D290,2,"same coords, same place_id"
WIN WIN CONTAINER DEPOT (LKB),1,,LKB WIN WIN CONTAINER DEPOT,13.7339743,100.77918360000001,ChIJScv6lTdmHTER6u2Mu0ddG8E,48 ถ. คุ้มเกล้า แขวงลำปลาทิว เขตลาดกระบัง กรุงเทพมหานคร 10520,places,high,,,D302,2,"same coords, same place_id"
CRG ปทุมธานี,1,,CRG ปทุมธานี,14.1211199,100.6132335,ChIJ90w27l1_4jAR_tMKkD036LE,55 18 หมู่ 13 ถ. พหลโยธิน ตำบล คลองหนึ่ง อำเภอคลองหลวง ปทุมธานี 12120,places,high,,,,,
ครัวการบินไทย (สนามบินสุวรรณภูมิ),1,,สนามบินสุวรรณภูมิ ครัวการบินไทย,13.713728399999999,100.76104869999999,ChIJXd8f_aVnHTER3ZzNMhZjR0U,333/4 ซอย กิ่งแก้ว 25/1 หนองปรือ อำเภอบางพลี สมุทรปราการ 10540,places,medium,,,D117,2,"same coords, same place_id"
"United Kyoei Foods Co.,ltd.",1,,"United Kyoei Foods Co.,ltd.",13.6534462,100.55181720000002,ChIJh85tAZih4jARKJJlPVAm7zg,ถ. ปู่เจ้าสมิงพราย ตำบล บางหญ้าแพรก อำเภอพระประแดง สมุทรปราการ 10130,places,high,,,D256,2,"same coords, same place_id"
IFC Inter - Food,1,,IFC Inter - Food,13.6323391,100.3058993,ChIJYU3ZtaO_4jARK0hvvmPNzKI,398 หมู่ที 10 ซอยคลองมะเดื่อ ตำบล คลองมะเดื่อ อำเภอกระทุ่มแบน สมุทรสาคร 74110,places,high,,,,,
CK นวนคร (อาหารเบทเทอร์) (≤ 30),1,CK นวนคร (อาหารเบทเทอร์),,,,,,,,,,,,
CTI,1,,CTI,13.732545,100.56029,ChIJT9FBL02f4jARfIyicMaqn_o,"CTI Tower 31st floor, 191/2-5 Ratchadapisek Rd.,, Khlong toei, Bangkok 10110",places,low,,,,,
ห้องเย็นศักดิ์สวัสดิ์,1,ห้องเย็นศักดิ์สวัส,,,,,,,,,,,,
COU - 002 (เนอวานา),1,,เนอวานา COU - 002,13.7518301,100.6847865,ChIJ14HL2elhHTERndMT3_qKbAc,A04 ซ. ศรีนครินทร์ - ร่มเกล้า แขวงทับช้าง สะพานสูง กรุงเทพมหานคร 10250,places,medium,,,D275,2,"same coords, same place_id"
คอนโดศุภาคาร (รับถัง),1,,รับถัง คอนโดศุภาคาร,13.7183856,100.5102251,ChIJtdSh0sOY4jARl22Js2zITFk,ซอย เจริญนคร 15 A แขวงคลองต้นไทร คลองสาน กรุงเทพมหานคร 10600,places,low,,,,,
สยาม ไวเนอรี่ สำนักงานใหญ่ (รับถังองุ่น),1,,รับถังองุ่น สยาม ไวเนอรี่ สำนักงานใหญ่,13.5226612,100.14282999999999,ChIJtVO9YmfP4jAR-hqZKcTStpM,ตำบล บางโทรัด อำเภอเมืองสมุทรสาคร สมุทรสาคร 74000,places,high,,,D089,3,"same coords, same place_id"
สาธรบิซิเนส (ส่ง),1,,ส่ง สาธรบิซิเนส,13.719107,100.5385909,ChIJ3a9vtDCf4jARorLyeMAjQQk,อาคารจี.พี.เฮ้าส์ สาทร 466/31 ซอย สาทร 3 แขวงทุ่งมหาเมฆ เขตสาทร กรุงเทพมหานคร 10120,places,medium,,,,,
ไร่คุณธรรม อ.หมวกเหล็ก จ.สระบุรี,1,,ไร่คุณธรรม อ.หมวกเหล็ก จ.สระบุรี,14.781205400000001,101.2283279,ChIJN3la4ZR4HjERNDwpk6NnQlc,Q6JH+F8P 2224 ตำบล หนองย่างเสือ อำเภอมวกเหล็ก สระบุรี 18180,places,high,,,D291,2,"same coords, same place_id"
ไร่คุณธรรม อ.มวกเหล็ก จ.สระบุรี,1,ไร่คุณธรรม อ.หมวกเหล็ก จ.สระบุรี,,,,,,,,,,,,
ศรีสะเกษ,1,,ศรีสะเกษ,14.757942400000001,104.4723301,ChIJ2ZxSrf_bFjERww-4eJTbhHs,ศรีสะเกษ,places,high,,,,,
SCGN,1,,SCGN,13.5639124,100.7798218,ChIJ52D6eUBbHTER6UDkKvyNkJc,173 173 หมู่ 16 ตำบลบางเสาธง อำเภอบางเสาธง สมุทรปราการ 10540,places,low,,,D112,2,"same coords, same place_id"
ชลบุรี มหาชัยซีฟู้ดส์,1,,ชลบุรี มหาชัยซีฟู้ดส์,13.3751609,100.9933473,ChIJpQawhqU1HTERGR8Z_aCFW7E,245/1-4 ตำบล บ้านสวน อำเภอเมืองชลบุรี ชลบุรี 20000,places,high,,,D174,3,"same coords, same place_id"
สินธนรัตน์ ระยอง,1,,สินธนรัตน์ ระยอง,12.6791437,101.28155919999999,ChIJbfiPWx79AjERaBls1d_jN-4,7 31 ถ. ตากสินมหาราช ตำบล ท่าประดู่ อำเภอเมืองระยอง ระยอง 21000,places,high,,,,,
DC Makro Mahachai (แมคโครมหาชัย) รวมลงของ,1,,แมคโครมหาชัย DC Makro Mahachai รวมลงของ,13.5003258,100.1285835,ChIJo0kG6grP4jARQQOh1ErWZ9E,"64/2 64/2, ตำบล กาหลง อำเภอเมืองสมุทรสาคร สมุทรสาคร 74000",manual,high,y,"was geocoded to the wrong ""DC Makro Mahachai"" candidate (a Makro/Lotus mall ~1km from origin) instead of the real distribution center; corrected 2026-09-23, see sum.md",D012,9,"same coords, same place_id"
K&J Food,1,,K&J Food,13.6567104,100.6431913,ChIJ2b7r58hfHTERhGBKx6T5YqY,221 ถ. ศรีนครินทร์ แขวงบางนาใต้ เขตบางนา กรุงเทพมหานคร 10260,places,high,,,,,
ห้องเย็นอุตรดิต (ปั๊มPTคลองหลวง),1,,ปั๊มPTคลองหลวง ห้องเย็นอุตรดิต,17.6104971,100.098176,ChIJWf_xrD0w3zARXbaNmtp5LRs,35/128 ถนนพาดวารี ท่าอิฐ อำเภอเมืองอุตรดิตถ์ อุตรดิตถ์ 53000,places,high,,,D310,2,"same coords, same place_id"
บริษัท ฉีติ่ง จำกัด,1,,บริษัท ฉีติ่ง จำกัด,13.5264145,101.0291491,ChIJL9n7mVQ5HTERd_BOS3a7oC4,40 หมู่ 3 ตำบล เขาดิน อำเภอบางปะกง ฉะเชิงเทรา 24130,places,high,,,,,
ไทโยโกเร พระประแดง,1,,ไทโยโกเร พระประแดง,13.6592782,100.5736357,ChIJ_wq2uLSh4jARhvRisJWOqUo,MH5F+PF6 ตำบล สำโรง อำเภอพระประแดง สมุทรปราการ 10130,places,medium,,,D054,6,"same coords, same place_id"
ห้องเย็นIMG,1,ห้องเย็นIMG,ห้องเย็นIMG,13.565536499999999,100.2964545,ChIJPQAAAADH4jARmz5CwiznWrY,"หมู่ที่ 4 48/6, ตำบล นาดี อำเภอเมืองสมุทรสาคร สมุทรสาคร 74000",places,high,,,,,
ห้องเย็นคิงเวลล์ (ซอยวัดบ้านขอม),1,,ซอยวัดบ้านขอม ห้องเย็นคิงเวลล์,13.5674609,100.310397,ChIJSSrETa-54jARgzbti3CROvQ,ตำบล โคกขาม อำเภอเมืองสมุทรสาคร สมุทรสาคร 74000,places,low,,,D082,6,"same coords, same place_id"
DC Makro Mahachai (แมคโครมหาชัย) (เคสพิเศษ),1,,แมคโครมหาชัย DC Makro Mahachai (เคสพิเศษ),13.5003258,100.1285835,ChIJo0kG6grP4jARQQOh1ErWZ9E,"64/2 64/2, ตำบล กาหลง อำเภอเมืองสมุทรสาคร สมุทรสาคร 74000",manual,high,y,"was geocoded to the wrong ""DC Makro Mahachai"" candidate (a Makro/Lotus mall ~1km from origin) instead of the real distribution center; corrected 2026-09-23, see sum.md",D012,9,"same coords, same place_id"
ร้านโคตรทะเล,1,,ร้านโคตรทะเล,13.6761938,100.60770880000001,ChIJ7-W2gG6f4jAR_WjfDSPbAYM,3070 ซ. สุขุมวิท 70 แขวงบางนาเหนือ เขตบางนา กรุงเทพมหานคร 10260,places,high,,,,,
โรงแรมอครา ราชเทวี ชั้น 4,1,,โรงแรมอครา ราชเทวี ชั้น 4,13.7558961,100.54123179999999,ChIJoVRY5Mee4jARI_sqfC92WAM,372 ถ. ศรีอยุธยา แขวงถนนพญาไท เขตราชเทวี กรุงเทพมหานคร 10400,places,high,,,,,
คลังสินค้าร่มเกล้า,1,,คลังสินค้าร่มเกล้า,13.7937391,100.7480561,ChIJfcBDX4dlHTERiLvgYmeRGls,61 ซอย ไบโอแลปจำกัด แขวงแสนแสบ เขตมีนบุรี กรุงเทพมหานคร 10510,places,high,,,,,
55/103 เฉลิมพระเกียรติ ร.9 ซอย 37 บางบอน,1,,55/103 เฉลิมพระเกียรติ ร.9 ซอย 37 บางบอน,13.650305,100.3453558,ChIJQZcQ09u_4jARg6fmuJXF2ZI,333 หมู่ที่ 1 แคราย ตำบล แคราย อำเภอกระทุ่มแบน สมุทรสาคร 74110,places,low,,,,,
โรงงาน Mayao,1,,โรงงาน Mayao,13.5901266,100.2692838,ChIJXbLLcaO44jARaXb5z2AZg7k,41/3 ตำบล ท่าทราย อำเภอเมืองสมุทรสาคร สมุทรสาคร 74000,places,low,,,,,
ไทยโยโกเรสำโรงปี2025,1,,ไทยโยโกเรสำโรงปี2025,13.6592782,100.5736357,ChIJ_wq2uLSh4jARhvRisJWOqUo,MH5F+PF6 ตำบล สำโรง อำเภอพระประแดง สมุทรปราการ 10130,places,medium,,,D054,6,"same coords, same place_id"
ห้องเย็นไทยโยโกเร สำโรง,1,,ห้องเย็นไทยโยโกเร สำโรง,13.6592782,100.5736357,ChIJ_wq2uLSh4jARhvRisJWOqUo,MH5F+PF6 ตำบล สำโรง อำเภอพระประแดง สมุทรปราการ 10130,places,high,,,D054,6,"same coords, same place_id"
ไทยแม็กซ์ 2 เวลโก,1,,ไทยแม็กซ์ 2 เวลโก,13.5990759,100.80860799999999,ChIJZ2ThTk5DHTERl4JNPxHF2So,"99/9, ตำบลบางเสาธง อำเภอบางเสาธง สมุทรปราการ 10570",places,high,,,D142,2,"same coords, same place_id"
บริษัท เซ็นทรัล ฟู้ด โฮลเซลล์ จำกัด,1,,บริษัท เซ็นทรัล ฟู้ด โฮลเซลล์ จำกัด,13.6639397,100.4377198,ChIJw_3kQQC94jARin1-VbK1Jjw,5 พระรามที่ 2 ซอย 54 แยก 2 แขวงแสมดำ เขตบางขุนเทียน กรุงเทพมหานคร 10150,places,high,,,,,
บจก. โกลบอล มารีน โฟรเซ่น ฟู้ด,1,โกลบอล มารีน โฟรเซ่น ฟู้ด,,,,,,,,,,,,
แพ็คฟู๊ด,1,,แพ็คฟู๊ด,13.570064499999999,100.30206129999999,ChIJPRR1jAy54jAReOcp5d5Ce6o,49 12 ตำบล นาดี อำเภอเมืองสมุทรสาคร สมุทรสาคร 74000,places,high,,,D032,4,"same coords, same place_id"
มีนาไทย,1,,มีนาไทย,13.6232975,100.3877224,ChIJDQKoXIii4jARafbpw1T_bBo,8 พระรามที่ 2 ซอย 94 แขวงแสมดำ เขตบางขุนเทียน กรุงเทพมหานคร 10150,places,medium,,,,,
บ่างเนยบางแค,1,,บ่างเนยบางแค,13.713375599999999,100.4368702,ChIJ4wT-Xf6X4jARtv-WW38bO0I,"534, 3 ถ. เพชรเกษม แขวงบางหว้า เขตภาษีเจริญ กรุงเทพมหานคร 10160",places,high,,,,,
ฮาวี่,1,,ฮาวี่,13.5709863,100.7744519,ChIJlXeFDVVDHTER8ANMemLr_Ag,989 ตำบลบางเสาธง อำเภอบางเสาธง สมุทรปราการ 10570,places,high,,,D020,7,"same coords, same place_id"
โนมิมาโซ่,1,โนมิมาโซ,,,,,,,,,,,,
อาหลิว => ชาเลย์ (ปลั้กตู้),1,,ปลั้กตู้ อาหลิว => ชาเลย์,13.7862051,100.4903377,ChIJy6Kqn9ab4jARXQlsua-6G-c,46 ถ. สิรินธร แขวงบางพลัด บางพลัด กรุงเทพมหานคร 10700,places,low,,,D148,4,"same coords, same place_id"
เจพีทีสกาย,1,,เจพีทีสกาย,13.7368542,100.36497229999999,ChIJB35Nt_mX4jAR4yVkg7WkdLI,6/1 ถนน ศิริเกษม แขวงบางไผ่ บางแค กรุงเทพมหานคร 10160,places,high,,,,,
รพ ยันฮี,1,,รพ ยันฮี,13.799493499999999,100.51157180000001,ChIJ1VPvUeqb4jARde8FbCQym7Y,454 ถ. จรัญสนิทวงศ์ แขวงบางอ้อ บางพลัด กรุงเทพมหานคร 10700,places,high,,,,,
The Food School Bangkok,1,,The Food School Bangkok,13.7353463,100.52414309999999,ChIJvb_ezfWZ4jAR_KdU-KWc3HI,"BLOCK 28 Building E, 936 ซ. จุฬาลงกรณ์ 9 แขวงวังใหม่ เขตปทุมวัน กรุงเทพมหานคร 10330",places,high,,,,,
แชมป์บ๊ะจ่าง สาขาอ่อนนุช 28,1,,แชมป์บ๊ะจ่าง สาขาอ่อนนุช 28,13.7088164,100.61722569999999,ChIJsy7xzd-f4jARfmWiJqmGoRU,910 ถ. อ่อนนุช แขวงสวนหลวง เขตสวนหลวง กรุงเทพมหานคร 10250,places,high,,,,,
Thai Max2 (เวลโกล),1,,เวลโกล Thai Max2,13.570333,100.9225597,ChIJpZgfRw04HTERRWfkbEU3h0s,HWCF+42M ตำบล หอมศีล อำเภอบางปะกง ฉะเชิงเทรา 24180,places,low,,,D151,2,"same coords, same place_id"
Mars (ปากช่อง),1,,ปากช่อง Mars,13.808228199999999,100.55843109999999,ChIJZTl4evOc4jAR8sB73vr4q8o,123 อาคาร ซันทาวเวอร์ ถนน วิภาวดีรังสิต แขวงลาดยาว เขตจตุจักร กรุงเทพมหานคร 10900,places,low,,,,,
ไทยฮอกไกได,1,ไทยฮอกไกโด,,,,,,,,,,,,
เซฟกู้ดมูฟ,1,,เซฟกู้ดมูฟ,13.602157799999999,100.6600622,ChIJc8y0vihfHTERRY9eMLmgDLQ,555/130 หมู่1 ซอย หมู่บ้านเฟื่องฟ้าวิลล่าโครงการ ซ. หมู่บ้านเฟื่องฟ้าวิลล่า 9 เฟส 6 ตำบล แพรกษา อำเภอเมืองสมุทรปราการ สมุทรปราการ 10280,places,low,,,,,
จริงหมูกระทะ,1,จริงใจหมูกระทะ,,,,,,,,,,,,
สหลอว์สัน พระราม3,1,,สหลอว์สัน พระราม3,13.690868300000002,100.51604329999999,ChIJp3s1hT2Z4jARe3NntACBpQU,611 ซอย ประดู่ 55 แขวงบางโคล่ เขตบางคอแหลม กรุงเทพมหานคร 10120,places,high,,,,,
เอส ซี จี วังน้อย,1,,เอส ซี จี วังน้อย,14.1634909,100.6253692,ChIJqWc84F2HHTERkBv-uzuD5Es,55 ตำบล พยอม อำเภอวังน้อย จังหวัดพระนครศรีอยุธยา 13170,places,high,,,,,
๋Jagota บางเสาธง,1,Jagota (บางเสาธง),,,,,,,,,,,,
Jagota ภูเก็ต,1,,Jagota ภูเก็ต,8.0394916,98.34082029999999,ChIJWa2ygE83UDARUOwEGunjuqg,88 12 หมู่ 7 ถนน นาใน ตำบล เทพกระษัตรี อำเภอถลาง ภูเก็ต 83110,places,high,,,,,
ฮาริส พรีเมียม บุฟเฟต์,1,,ฮาริส พรีเมียม บุฟเฟต์,13.892488900000002,100.51645219999999,ChIJp2qfN0eF4jAREBkmWZV9WUM,63 34 หมู่ที่ 3 ถ. เลี่ยงเมืองปากเกร็ด ตำบลบางตลาด อำเภอปากเกร็ด นนทบุรี 11120,places,high,,,,,
คลังวินเนอร์,1,,คลังวินเนอร์,13.638511699999999,100.3583661,ChIJHzXWcme94jARZpM18h-V_WE,38 ถ. เอกชัย แขวงบางบอนเหนือ เขตบางบอน กรุงเทพมหานคร 10150,places,medium,,,,,
ใช้รถ 4 ล้อ,1,,ใช้รถ 4 ล้อ,13.7789665,100.59606629999999,ChIJd4RMHdad4jARDla9zARBdHM,65 ซอย ลาดพร้าว 80 แยก 26 วังทองหลาง กรุงเทพมหานคร 10310,places,medium,,,,,
TUF (Datd logger),1,,Datd logger TUF,13.6754556,100.5132436,ChIJA4JTmBOi4jAR0W0bjJGv00M,ซอย สุขสวัสดิ์ 33/1 แขวงราษฎร์บูรณะ เขตราษฎร์บูรณะ กรุงเทพมหานคร 10140,places,low,,,,,
TUF (Datd logger) (2025),1,,Datd logger TUF (2025),,,,,not_found,none,,,,,
ECD,1,,ECD,13.0650732,100.9331661,ChIJoSMIPhy5AjERlUH0q-ArXf4,3W8M+27F ตำบล บางละมุง อำเภอบางละมุง ชลบุรี 20150,places,low,,,,,
คลังท่าเรือกรุงเทพ คลองเตย,1,,คลังท่าเรือกรุงเทพ คลองเตย,13.7102183,100.5799033,ChIJv9jZAwCf4jARjjtyaDtPqzA,16/149 ถ. อาจณรงค์ แขวงคลองเตย เขตคลองเตย กรุงเทพมหานคร 10110,places,high,,,,,
จรินทร์ทิพย์ ศรีนครินทร์,1,,จรินทร์ทิพย์ ศรีนครินทร์,13.7238093,100.64157379999999,ChIJ5-XhDzZgHTERLlmO1wr7h1s,916 ถ. ศรีนครินทร์ แขวงสวนหลวง เขตสวนหลวง กรุงเทพมหานคร 10250,places,high,,,,,
ยูอาร์ เคมีคอล,1,,ยูอาร์ เคมีคอล,13.5832445,100.7239369,ChIJe1QpKvFbHTERhrFqbGMslco,81 หมู่ 11 ซอย ธนสิทธิ์ 4 ตำบล บางปลา อำเภอบางพลี สมุทรปราการ 10540,places,high,,,,,
ไทย ยังเกอร์ ฟาร์ม,1,,ไทย ยังเกอร์ ฟาร์ม,13.573593299999999,100.77590119999999,ChIJ437QrLBZHTERgybnb5O3_aY,"168, 8 ตำบลบางเสาธง อำเภอบางเสาธง สมุทรปราการ 10570",places,high,,,,,
SINCERELY WAREHOUSE,1,,SINCERELY WAREHOUSE,13.732324199999999,100.3201941,ChIJD7zEn7CV4jARSyocrKuaJr0,146 กระทุ่มล้ม 19 หมู่ 4 ตำบล กระทุ่มล้ม อำเภอสามพราน นครปฐม 73220,places,high,,,,,
นครสวรรค์ (CP ALL),1,,CP ALL นครสวรรค์,15.8910396,100.1151761,ChIJg9jVnu5D4DARKY2WRa8VLlM,144 ม.6 ตำบล หนองเต่า อำเภอเก้าเลี้ยว นครสวรรค์ 60230,places,high,,,,,
ห้างหุ้นส่วนจำกัด ซี.เค ไก่สด,1,,ห้างหุ้นส่วนจำกัด ซี.เค ไก่สด,13.961850499999999,99.7468232,ChIJu98ktaIF4zAR2XseVH6eQqI,ตำบล ท่าเรือ อำเภอท่ามะกา กาญจนบุรี 71130 ประเทศไทย,places,high,,,,,
นันธาวรรณฟู้ดส์,1,,นันธาวรรณฟู้ดส์,13.9540972,100.65130409999999,ChIJ30yqu9l9HTERR-tSspCdhRI,เลขที่ 59 หมู่5 ซอย ลำลูกกา 11/10 ตำบลคูคต อำเภอลำลูกกา ปทุมธานี 12130,places,high,,,,,
TUF5,1,,TUF5,13.7502376,100.5396555,ChIJpesjQM-e4jARrNmUmQJuyPY,"FL 3, Zone 3, Nathan C, 3-49, Platinum Fashion Mall, ถ. เพชรบุรี แขวงถนนเพชรบุรี ถนนเพชรบุรี กรุงเทพมหานคร 10400",places,low,,,,,
บริษัท ตะวันแดง 1999 จำกัด (โรงงานผลิตสุรา),1,,โรงงานผลิตสุรา บริษัท ตะวันแดง 1999 จำกัด,15.128552099999999,99.914338,ChIJYdRmbACf4TAReD_wCiwO_g0,4WH7+CPG หนองแซง ตำบล หนองแซง อำเภอ หันคา ชัยนาท 17160,places,high,,,,,
โรงงานปุ๋ยไอออนิค กาญจน์3,1,,โรงงานปุ๋ยไอออนิค กาญจน์3,14.053058900000002,99.9341208,ChIJHVv4vrz_4jARd5hyx9x80EQ,3W3M+6JH ตำบล ทุ่งบัว อำเภอกำแพงแสน นครปฐม 73140,places,high,,,,,
CP RAMชลบุรี รวมลงของ,1,,CP RAMชลบุรี รวมลงของ,13.112477799999999,101.0014855,ChIJJetLp-fHAjERrNVe4J1z9Ho,789 173 ตำบล หนองขาม อำเภอศรีราชา ชลบุรี 20230,places,high,,,D170,3,"same coords, same place_id"
JPK (เจพีเค โคลด์ สโตเรจ)),1,JPK (เจพีเค โคลด์ สโตเรจ),,,,,,,,,,,,
ไร่วังม่วง,1,,ไร่วังม่วง,14.780042,101.1166688,ChIJwyOwHyt3HjERTwg3AcbIF5g,Q4J8+2M7 2089 ตำบล แสลงพัน อำเภอ วังม่วง สระบุรี 18220,places,high,,,,,
ไร่เชียงใหม่,1,,ไร่เชียงใหม่,18.90485,99.00459239999999,ChIJyy-Etc482jARL03tBcwU9Fc,80 หมู่ 12 เทศบาลเมืองแม่โจ้ อำเภอสันทราย เชียงใหม่ 50290,places,high,,,,,
NextDay/แชมป์เปี้ยน สาขาพาราไดซ์,1,,NextDay/แชมป์เปี้ยน สาขาพาราไดซ์,13.6877108,100.6477719,ChIJs1wtNWlgHTER6gafR9hHtSk,61 ถ. ศรีนครินทร์ แขวงหนองบอน เขตประเวศ กรุงเทพมหานคร 10250,places,medium,,,D281,2,"same coords, same place_id"
อินเตอร์เซีย ท่าจีน,1,,อินเตอร์เซีย ท่าจีน,13.5660472,100.29354909999999,ChIJR8p2XVi54jARQz9oTLbDm84,"48/10,48/28 ถ. เอกชัย ตำบล นาดี อ.เมือง สมุทรสาคร 74000",places,medium,,,D134,2,"same coords, same place_id"
โจลี่ บริษัท เอเวอร์เวล โกลบอล จำกัด,1,,โจลี่ บริษัท เอเวอร์เวล โกลบอล จำกัด,13.5557128,100.37784889999999,ChIJC34bkEe74jARU0V06d_gKJ4,99 265 หมู่2 พันท้ายนรสิงห์ อำเภอเมืองสมุทรสาคร สมุทรสาคร 74000,places,high,,,D309,2,"same coords, same place_id"
CP บางน้ำเปรี๊ยว (Pre - cool),1,,Pre - cool CP บางน้ำเปรี๊ยว,13.798408199999999,100.9401053,ChIJ8-6v6_lsHTER23edfa1ozUA,59 1 ตำบล คลองหลวงแพ่ง อำเภอเมืองฉะเชิงเทรา ฉะเชิงเทรา 24000,places,medium,,,D095,2,"same coords, same place_id"
หมู่บ้านคาซ่าวิลล์ พระราม2,1,,หมู่บ้านคาซ่าวิลล์ พระราม2,13.674296199999999,100.4414266,ChIJQ7y6WgCj4jAR8l6vFIPxkFQ,MCFR+PH7 แขวงแสมดำ เขตบางขุนเทียน กรุงเทพมหานคร 10150,places,high,,,,,
ฮั่วเซ่งฮง นครปฐม,1,,ฮั่วเซ่งฮง นครปฐม,13.786312100000002,100.32141999999999,ChIJQTf9ZoCV4jARkOwtx-4dcNI,เลขที่ 888 ตำบล ศาลายา อำเภอพุทธมณฑล นครปฐม 73170,places,medium,,,,,
Tsubaki (Tip 8),1,,Tip 8 Tsubaki,13.5813087,100.7576993,ChIJSTMq1HhbHTERdzbnC6bFibs,HQJ4+474 ถนนเลียบคลองส่งน้ำสุวรรภูมิ ตำบล บางปลา อำเภอบางพลี สมุทรปราการ 10540,places,medium,,,,,
LOGISTEED (Thailand),1,,Thailand LOGISTEED,13.5894797,100.7864233,ChIJYUbijY1cHTERnaezyL41KLM,No.130/28 29 Moo 1 ถ. เทพารักษ์ ตำบลบางเสาธง อำเภอบางเสาธง สมุทรปราการ 10570,places,medium,,,D279,2,"same coords, same place_id"
Ango (เทพารักษ์),1,,เทพารักษ์ Ango,13.615614100000002,100.65503319999999,ChIJDyBFluJfHTERhBY-mC6Tyvw,9 9 ถ. เทพารักษ์ ตำบลเทพารักษ์ อำเภอเมืองสมุทรปราการ สมุทรปราการ 10270,places,high,,,,,
สหมิตรฟูดส์ โคราช,1,,สหมิตรฟูดส์ โคราช,15.024158300000002,101.9531408,ChIJK0YcD5O2HjERFgHvxLzYH4w,2XF3+M76 บึงอ้อ ตำบล บึงอ้อ อำเภอ ขามทะเลสอ นครราชสีมา 30280,places,high,,,,,
. Black Salmon Office,1,Black Salmon Office,,,,,,,,,,,,
องค์การเภสัชกรรม,1,,องค์การเภสัชกรรม,13.7666389,100.5286326,ChIJiw14AqSe4jARDTSwQIez24Q,75/1 ถ. พระรามที่ 6 แขวงทุ่งพญาไท เขตราชเทวี กรุงเทพมหานคร 10400,places,high,,,,,
ราชพฤกษ์,1,,ราชพฤกษ์,18.7445479,98.9280108,ChIJkQi8v9Mw2jAR93jK7vlaxvg,334 หมู่ที่ 3 ตำบล แม่เหียะ อำเภอเมืองเชียงใหม่ เชียงใหม่ 50100,places,high,,,,,
เวสเกต,1,,เวสเกต,13.8763218,100.4113708,ChIJX2AoriCQ4jAR7aglJz3j6YI,199/3 หมู่ที่ 6 ตำบล เสาธงหิน อำเภอบางใหญ่ นนทบุรี 11000,places,high,,,D059,5,"same coords, same place_id"
PCS (พาเลท),1,,พาเลท PCS,14.4274145,100.686647,ChIJP-8hyVL1HTERRkyrfUrmA9g,"111 mu3, ตำบล กระจิว อำเภอ ภาชี จังหวัดพระนครศรีอยุธยา 13140",places,medium,,,,,
โรงงานน้ำตาลมิตรผล สุพรรณบุรี (4W*2),1,โรงงานน้ำตาลมิตรผล สุพรรณบุรี,,,,,,,,,,,,
บจก.ยูโกลบ อินโนเบฟ,1,,บจก.ยูโกลบ อินโนเบฟ,13.9568018,100.7152667,ChIJaQoLtDx7HTERr93lE9QDmW8,39 หมู่ที่ 13 ถ. เลียบด่วนลำลูกกา ตำบล บึงคำพร้อย อำเภอลำลูกกา ปทุมธานี 12150,places,high,,,D253,2,"same coords, same place_id"
CPF โชคชัย (โคราช),1,,โคราช CPF โชคชัย,14.743873299999999,102.2152162,ChIJ7-x0m1dXGTERb0iroPo9B3U,ถ.โชคชัย - เดชอุดม ตำบลท่าเยี่ยม อำเภอโชคชัย นครราชสีมา 30190,places,high,,,D269,2,"same coords, same place_id"
บริษัท แซตส์ ฟู้ด โซลูชั่นส์ (ไทยแลนด์) จำกัด,1,,ไทยแลนด์ บริษัท แซตส์ ฟู้ด โซลูชั่นส์ จำกัด,14.125204900000002,100.7080409,ChIJayOcXFiBHTERZC6wPZpaeJI,4PG5+36M ตำบล คลองห้า อำเภอคลองหลวง ปทุมธานี 12120,places,high,,,D075,2,"same coords, same place_id"
ฟู้ดเอาท์เลท แอนด์ เซอร์วิส จำกัด,1,,ฟู้ดเอาท์เลท แอนด์ เซอร์วิส จำกัด,13.6462928,100.5281919,ChIJcV2qXyqi4jARsth5a0Yy260,〒10130 สมุทรปราการ อำเภอพระประแดง เทศบาลเมืองลัดหลวง ซอย สุขสวัสดิ์ 43 บางครุ,places,medium,,,,,
ห้องเย็น ปิติ ปักธงชัย,1,,ห้องเย็น ปิติ ปักธงชัย,14.804986999999997,102.06984899999999,ChIJa7ISZryrHjEROrKCM8V2GRk,Unnamed Road อ่างห้วยยาง ตำบล ธงชัยเหนือ อำเภอปักธงชัย นครราชสีมา 30150,places,high,,,,,
เซ็นทรัล สีลม ทาวเวอร์,1,,เซ็นทรัล สีลม ทาวเวอร์,13.7238156,100.5203597,ChIJh7Qyv02Z4jARZ-A-bCcC7ak,306 ถ.สีลม แขวงสุริยวงศ์ เขตบางรัก กรุงเทพมหานคร 10500,places,high,,,,,
สถานฑูตอาร์เจนตินาร์,1,,สถานฑูตอาร์เจนตินาร์,13.735286299999999,100.5633024,ChIJU1aF1OKe4jARA4PxZXkpVsc,Glas Haus Building 1 ซอย แดงประเสริฐ แขวงคลองเตยเหนือ เขตวัฒนา กรุงเทพมหานคร 10110,places,high,,,,,
มหาชัย มารีน ฟู้ดส์,1,,มหาชัย มารีน ฟู้ดส์,13.5786412,100.3150206,ChIJwcmmI3K44jARAa4SCNB98yk,82 ถ. เอกชัย ตำบล โคกขาม อ. เมือง สมุทรสาคร 74000,places,high,,,,,
Food Project Siam (Bangna),1,,Bangna Food Project Siam,13.6111034,100.8109472,ChIJwWU5ddhDHTERJpL98VeRgYw,98 ตำบลบางเสาธง อำเภอบางเสาธง สมุทรปราการ 10540,places,high,,,,,
Centralเชียงใหม่ - เทอดวลัย,1,,Centralเชียงใหม่ - เทอดวลัย,18.8062765,99.0174546,ChIJAw6GHDQl2jAROD6koPXaeQQ,"99,99/1, 99/2 หมู่ ที่ 4 ถ. ซุปเปอร์ไฮเวย์ เชียงใหม่-ลำปาง ตำบลหนองป่าครั่ง อำเภอเมืองเชียงใหม่ เชียงใหม่ 50000",places,low,,,D123,2,"same coords, same place_id"
Rhenus Warehousing,1,,Rhenus Warehousing,13.580379899999999,100.77071169999999,ChIJKwBca4FbHTERgwx5Rxrao0k,"396, Moo 15, Bang Sao Thong Sub-District, ตำบลบางเสาธง อำเภอบางเสาธง สมุทรปราการ 10570",places,high,,,D093,3,"same coords, same place_id"
สามมิตร,1,,สามมิตร,13.704994399999999,100.3185285,ChIJY86YT4KV4jAR1BXt1newuwQ,39 หมู่ 12 ถ. เพชรเกษม ตำบล อ้อมน้อย อำเภอกระทุ่มแบน สมุทรสาคร 74130,places,high,,,,,
บิ๊กซีแม่กลอง,1,,บิ๊กซีแม่กลอง,13.4109772,100.0200553,ChIJW3FT2bjT4jARoIxXcyi5Rvo,2 19 ตำบล บางแก้ว อำเภอเมืองสมุทรสงคราม สมุทรสงคราม 75000,places,high,,,,,
โมนิมาโซ,1,,โมนิมาโซ,13.571882599999999,100.2890845,ChIJ8RSpg5C54jARMVqolNxolOc,หมู่ที่ 4 98 ถ. พระรามที่ 2 ตำบล นาดี อำเภอเมืองสมุทรสาคร สมุทรสาคร 74000,places,low,,,,,
รพ.มณารมย์,1,,รพ.มณารมย์,13.664622099999999,100.60181560000001,ChIJU9CsPe-f4jARUsgQkf3gmAs,9 ซอย สุขุมวิท 70/3 แขวงบางนาใต้ เขตบางนา กรุงเทพมหานคร 10260,places,high,,,,,
NSL (บางบัวทอง),1,,บางบัวทอง NSL,13.954808,100.4337271,ChIJ0U26qBKP4jARANy06XwGNDY,55/22 หมู่ 3 345 ถนน สะพานนนทบุรี - บางบัวทอง ตำบล ลำโพ อำเภอบางบัวทอง นนทบุรี 11110,places,high,,,,,
SYNOVA เจริญกรุง - กรุงเทพ,1,,SYNOVA เจริญกรุง - กรุงเทพ,13.695348599999999,100.50279379999999,ChIJae73EpuY4jARhRg3Pgljydk,431 ซอยประดู่ 1 ซอย เจริญกรุง 107 แขวงบางคอแหลม เขตบางคอแหลม กรุงเทพมหานคร 10120,places,high,,,D197,2,"same coords, same place_id"
บิ๊กซีรัชดา,1,,บิ๊กซีรัชดา,13.769161599999999,100.571281,ChIJKdg2tYee4jARUyaFziAXX5Q,125 ถ. รัชดาภิเษก แขวงดินแดง เขตดินแดง กรุงเทพมหานคร 10400,places,high,,,,,
ปัญจธานี ทาวเวอร์,1,,ปัญจธานี ทาวเวอร์,13.696071499999999,100.5376227,ChIJtReePVGf4jARmi4ORQGzgn0,127 ถนน รัชดาภิเษก แขวงช่องนนทรี เขตยานนาวา กรุงเทพมหานคร 10120,places,high,,,,,
Dusit Thani Public,1,,Dusit Thani Public,13.7328099,100.5304938,ChIJqQINqiuf4jAR-g9Cm9PCttI,"319 Chamchuri Square Building, 29th Floor, Phayathai Road, Pathum Wan Sub-District, แขวงปทุมวัน เขตปทุมวัน กรุงเทพมหานคร 10330",places,high,,,,,
Pimalai Resort กระบี่,1,,Pimalai Resort กระบี่,7.496316,99.0758139,ChIJbWpjxeUCTjAROaX9ERTK_FA,"99 Moo 5 Ba Kan Tiang Beach, ตำบล เกาะลันตาใหญ่ อำเภอเกาะลันตา กระบี่ 81150",places,high,,,,,
ลงของ,1,,ลงของ,13.7054926,100.83425179999999,ChIJkZssunJpHTER9ImJGab2yWI,58 ถนนหลวงเเพ่ง แขวงขุมทอง เขตลาดกระบัง กรุงเทพมหานคร 10520,places,high,,,,,
ONE BANGKOK,1,One Bangkok,,,,,,,,,,,,
EMSPHER,1,,EMSPHER,13.731500599999999,100.5665848,ChIJw9r0dgCf4jARxWFi_KH5Btc,528 ถ. สุขุมวิท แขวงคลองตัน เขตคลองเตย กรุงเทพมหานคร 10110,places,high,,,,,
Simko Technology (บางละมุง),1,,บางละมุง Simko Technology,13.0388247,100.9761499,ChIJpVeeEgC5AjERZQL1Z3QmAbY,"888, 888/1, 888/2, 888/3 ตำบลตะเคียนเตี้ย อำเภอบางละมุง ชลบุรี 20150",places,high,,,,,
ท่าเรือลาดกระบัง,1,,ท่าเรือลาดกระบัง,13.742542199999999,100.7619636,ChIJW5gWbVxmHTER5TkL0KYlUEo,"33, 4 หมู่ 1 ถนน เจ้าคุณทหาร แขวงคลองสามประเวศ เขตลาดกระบัง กรุงเทพมหานคร 10520",places,medium,,,,,
STAR PACIFIC BANGNA K.M.9,1,,STAR PACIFIC BANGNA K.M.9,13.637177999999999,100.691312,ChIJkXoIaqNeHTERdnAjz5R77jM,60 3 ตำบล บางพลีใหญ่ อำเภอบางพลี สมุทรปราการ 10540,places,high,,,,,
เซ็นทรัล ภูเก็ต,1,,เซ็นทรัล ภูเก็ต,7.8915987,98.36776160000001,ChIJRZ0Fp8YxUDARkWRjR4GpCeM,"74, 75 หมู่ที่ 5 ถนน วิชิตสงคราม ตำบล วิชิต อำเภอเมืองภูเก็ต ภูเก็ต 83000",places,high,,,D179,2,"same coords, same place_id"
MMP มหาชัย,1,,MMP มหาชัย,13.5288975,100.27397900000001,ChIJb9-pUm644jARZrDHHO8ghYo,"208/2ถ.ธรรมคุณากร, ต.โกรกกราก อ.เมือง สมุทรสาคร, 74000 ตำบล โกรกกราก อำเภอเมืองสมุทรสาคร สมุทรสาคร 74000",places,low,,,D271,2,"same coords, same place_id"
อินเว พิจิตร,1,,อินเว พิจิตร,16.5780778,100.15117939999999,ChIJq6qqqnrB3zARioUdLFvJrhM,"79/1 ม.1ถ.นครสวรรค์-พิษณุโลก, ต.หนองหลุม อ.วชิรบารมี จ.พิจิตร , 66220 ตำบล หนองหลุม อำเภอวชิรบารมี พิจิตร 66220",places,high,,,,,
บริษัทไทสัน (ลำลูกกา คลอง7),1,,ลำลูกกา คลอง7 บริษัทไทสัน,14.091352899999999,101.01687679999999,ChIJuz4QPEGhHTERTQuza6_4Nsw,42 6 ตำบลองครักษ์ อำเภอองครักษ์ นครนายก 26120,places,medium,,,D242,3,"same coords, same place_id"
GO Wholesale (รามคำแหง),1,,รามคำแหง GO Wholesale,13.7720024,100.6627048,ChIJ9dti0JphHTERhDcIxgZvekQ,1289 1 ถ. รามคำแหง แขวงหัวหมาก บางกะปิ กรุงเทพมหานคร 10240,places,high,,,,,
Zion Cargo Company Limited,1,,Zion Cargo Company Limited,13.73075,100.73517059999999,ChIJDaVovnZnHTERlfZoOKHjHLQ,"Warehouse Number N5 25/2 Romklao 1 Road Klong Song Ton Nun Subdistrict, แขวงคลองสองต้นนุ่น เขตลาดกระบัง กรุงเทพมหานคร 10520",places,high,,,,,
สมายด็อกเพ็ทช็อปสาขาสันป่าข่อย,1,,สมายด็อกเพ็ทช็อปสาขาสันป่าข่อย,18.784225,99.0122937,ChIJobEYSKs62jARGy_ITbfOTOw,111/7 ตำบลวัดเกต อำเภอเมืองเชียงใหม่ เชียงใหม่ 50000,places,high,,,,,
เพ็ทมาร์ท สาขา ราชพฤกษ์,1,,เพ็ทมาร์ท สาขา ราชพฤกษ์,18.732374399999998,98.93978779999999,ChIJgVZSCQAx2jARYvf4OsDD6bQ,456 7 ตำบล หนองควาย อำเภอหางดง เชียงใหม่ 50230,places,high,,,,,
เพ็ทมาร์ท สาขา หางดง,1,,เพ็ทมาร์ท สาขา หางดง,18.696814800000002,98.927849,ChIJ5wdFmFMx2jARw5jTj5dYC74,158 หมู่ 4 บ้านแหวน อำเภอหางดง เชียงใหม่ 50230,places,high,,,,,
เพ็ทมาร์ท สาขา สันผักหวาน,1,,เพ็ทมาร์ท สาขา สันผักหวาน,18.722160799999997,98.9555601,ChIJecyhKwAx2jARYeIzpJ-mzFM,329 1 3 ตำบลสันผักหวาน อำเภอหางดง เชียงใหม่ 50230,places,high,,,,,
เทคนิคเพ็ท,1,,เทคนิคเพ็ท,13.52596,100.173329,ChIJ5ddkKDPH4jARp6YyDZdfaUs,99 ม.2 ต ตำบล ชัยมงคล อำเภอเมืองสมุทรสาคร สมุทรสาคร 74000,places,high,,,D220,2,"same coords, same place_id"
สินสมุทร อินเตอร์ฟู้ดส์,1,,สินสมุทร อินเตอร์ฟู้ดส์,13.5136421,100.2871315,ChIJ4fgbM4q34jARhTlJKvYRfrM,112 ตำบล บางหญ้าแพรก อำเภอเมืองสมุทรสาคร สมุทรสาคร 74000,places,high,,,,,
ห้องเย็นชัยนาวี สมุทรสาคร,1,,ห้องเย็นชัยนาวี สมุทรสาคร,13.5367584,100.2610244,ChIJHT6RGAq44jARL_h2lPIejkg,1258 ถนน วิเชียรโชฎก ตำบลมหาชัย อำเภอเมืองสมุทรสาคร สมุทรสาคร 74000,places,high,,,D284,2,"same coords, same place_id"
เซ็ปเป้ คลอง13 ปี2025,1,,เซ็ปเป้ คลอง13 ปี2025,13.994122599999999,100.8944336,ChIJeXAuldR1HTERm0sWhOBY7qc,XVVV+JQV ปท.3012 ตำบล พืชอุดม อำเภอลำลูกกา ปทุมธานี 12150,places,high,,,D137,2,"same coords, same place_id"
PCS (ห้องเย็นแปซิฟิค) (นำสินค้ากลับ) ปี2025,1,,ห้องเย็นแปซิฟิค PCS (นำสินค้ากลับ) ปี2025,13.5845653,100.29124159999999,ChIJzz6wnnK54jARf8v9vQ0kQog,Unnamed Road H7MR+RFH ตำบล นาดี อำเภอเมืองสมุทรสาคร สมุทรสาคร 74000,places,high,,,D001,10,"same coords, same place_id"
U.B Food,1,,U.B Food,12.699296400000001,101.17068130000001,ChIJL-BYmlD7AjERIsgMUDYa6mY,ตากวน-หาดทรายทอง 47 ตำบล มาบตาพุด อำเภอเมืองระยอง ระยอง 21150,places,medium,,,,,
Siam Food Service,1,,Siam Food Service,13.713977499999999,100.57644669999999,ChIJI1CClqCf4jAR7ACxr6jVYB4,2439 ถ. ทางรถไฟสายเก่าปากน้ำ แขวงพระโขนง เขตคลองเตย กรุงเทพมหานคร 10110,places,high,,,D209,3,"same coords, same place_id"
PANNGERN FOODS สมุทรสาคร,1,,PANNGERN FOODS สมุทรสาคร,13.5636157,100.2475406,ChIJ7_sOkpXH4jARKw4oPRbOqIc,99/888 หมู่ที่ 6 ตำบล ท่าทราย อำเภอเมืองสมุทรสาคร สมุทรสาคร 74000,places,low,,,,,
PACJ,1,,PACJ,13.6061517,100.33448759999999,ChIJvyiq8xS_4jARQcw6YU2fG2U,"เลขที่ 88/5, ตำบล บางน้ำจืด เมือง, สมุทรสาคร 74000",places,low,,,,,
MERRY ห้องเย็นรัตนากร,1,Merry (ห้องเย็นรัตนากร),,,,,,,,,,,,
EVERWELL GLOBAL,1,Everwell Grobal,,,,,,,,,,,,
บริษัท อะกรี เวิลด์ จำกัด,1,,บริษัท อะกรี เวิลด์ จำกัด,13.6025081,100.3650584,ChIJn2jTFaq74jARoAD4EhncsLw,J938+223 ตำบล บางน้ำจืด อำเภอเมืองสมุทรสาคร สมุทรสาคร 74000,places,high,,,,,
มาลีกรุ๊ป ส่งไทยโยโกเร สำโรง,1,,มาลีกรุ๊ป ส่งไทยโยโกเร สำโรง,13.6592782,100.5736357,ChIJ_wq2uLSh4jARhvRisJWOqUo,MH5F+PF6 ตำบล สำโรง อำเภอพระประแดง สมุทรปราการ 10130,places,medium,,,D054,6,"same coords, same place_id"
สายนนทบุรี 15 บิล,1,,สายนนทบุรี 15 บิล,13.873768,100.4823325,ChIJTR5TLNWa4jARC4Z4wZGDZEQ,บางกระสอ อำเภอเมืองนนทบุรี นนทบุรี 11000 ประเทศไทย,places,high,,,,,
๋JPAC สุวินทวงศ์,1,Jpac สุวินทวงศ์,,,,,,,,,,,,
SYNOVA นิคมสุมทรสาคร,1,,SYNOVA นิคมสุมทรสาคร,13.545615,100.217452,ChIJ80LvXz7H4jARtw5liZOYGZs,ตำบลบางกระเจ้า อำเภอเมืองสมุทรสาคร สมุทรสาคร 74000,places,high,,,,,
NextDay/Tempura Yamaya One Bangkok,1,,NextDay/Tempura Yamaya One Bangkok,13.726360399999999,100.5472853,ChIJAb4KKD6f4jARAbeoesk_88Y,"One Bangkok โซน Parade, ชั้น B1, Unit 1B123 1877 ถ. พระรามที่ 4 แขวงลุมพินี เขตปทุมวัน กรุงเทพมหานคร 10330",places,high,,,,,
JFC THAILAND (บางนา),1,,บางนา JFC THAILAND,13.6631474,100.64745119999999,ChIJzV1rzydfHTERzYjiBnl86BU,Tiew Hong Bangna Bldg 1780 ถ. เทพรัตน แขวงบางนาใต้ เขตบางนา กรุงเทพมหานคร 10260,places,medium,,,D139,3,"same coords, same place_id"
รักษ์นาไวน์ (อยุธยา) (32KM.=500B.),1,,อยุธยา รักษ์นาไวน์ (32KM.=500B.),14.3424952,100.52729339999999,ChIJBSufTOh14jAREWs9m9-X5Sw,88 8 ตำบล บ้านป้อม อำเภอ พระนครศรีอยุธยา จังหวัดพระนครศรีอยุธยา 13000,places,medium,,,D270,2,"same coords, same place_id"
บ้านรักษ์นา คาเฟ่ (36KM.=500B.),1,,36KM.=500B. บ้านรักษ์นา คาเฟ่,14.358865,100.5371942,ChIJFURsQQB14jARqokdDdcfOVU,9 11 ตำบล บ้านป้อม อำเภอ พระนครศรีอยุธยา จังหวัดพระนครศรีอยุธยา 13000,places,high,,,D235,2,"same coords, same place_id"
เชสเตอร์ฟู้ด ร้านตะหลิวฟิวเจอร์รังสิต (25KM=300B.),1,,25KM=300B. เชสเตอร์ฟู้ด ร้านตะหลิวฟิวเจอร์รังสิต,13.989571999999999,100.616648,ChIJk2_7GtqB4jARGM7kQN8QyCY,พีแอลแซด.บี.เอสเอชพี 010 เอ 94 ถ. พหลโยธิน ตำบล ประชาธิปัตย์ อำเภอธัญบุรี ปทุมธานี 12130,places,medium,,,,,
ลัคกี้ฟู้ด มหาชัย (18KM=200B.),1,,18KM=200B. ลัคกี้ฟู้ด มหาชัย,13.5734938,100.2897368,ChIJHzrSDgC54jAROwh1iRUSfUw,ตำบล นาดี อำเภอเมืองสมุทรสาคร สมุทรสาคร 74000,places,medium,,,D168,2,"same coords, same place_id"
คลัง CP มหาชัย (Pre - cool),1,,Pre - cool คลัง CP มหาชัย,13.5256984,100.2968434,ChIJ04shTi644jAR9YN3_IL9oBY,24 65 ตำบล บางหญ้าแพรก อำเภอเมืองสมุทรสาคร สมุทรสาคร 74000,places,low,,,D268,2,"same coords, same place_id"
Thai Excel Food สมุทรปราการ,1,Thai Excel Foods สมุทรปราการ,,,,,,,,,,,,
แองโกล เทพารักษ์,1,,แองโกล เทพารักษ์,13.605693700000002,100.6793675,ChIJS5bYCcReHTERA555WF70YX0,76 12 หมู่ที่ 3 ตำบล บางพลีใหญ่ อำเภอบางพลี สมุทรปราการ 10540,places,medium,,,,,
นิชิฮาระ กม.18,1,,นิชิฮาระ กม.18,13.623564600000002,100.74744079999999,ChIJY8v7cCxcHTERTDcNxEpCmsI,"41/34 ถนน บางนา ตราด กม16, ตำบลบางโฉลง อำเภอบางพลี สมุทรปราการ 10540",places,high,,,D102,5,"same coords, same place_id"
Eastern Sea สมุทรสาคร,1,Eastern sea สมุทรสาคร,,,,,,,,,,,,
PACR รังสิต (ส่งสินค้า Eastern Sea) (Pre - cool),1,,ส่งสินค้า Eastern Sea PACR รังสิต (Pre - cool),13.9642347,100.6426332,ChIJi7y2ehB9HTER1xQWkQ2s3u4,ตลาดดีดีพลาซ่า ซ.ลำลูกกา 11/6 ตำบลคูคต อำเภอลำลูกกา ปทุมธานี 12130,places,low,,,,,
Hama Sushi Central pinklao,1,,Hama Sushi Central pinklao,13.7778577,100.4754766,ChIJB_0QbgCZ4jAR9FSJkx50VEY,QFHG+45X แขวงอรุณอมรินทร์ เขตบางกอกน้อย กรุงเทพมหานคร 10700,places,high,,,D300,2,"same coords, same place_id"
โทโดเครุ Todokeru Foods พระราม9,1,,โทโดเครุ Todokeru Foods พระราม9,13.754869,100.57348640000001,ChIJCw4G64Wf4jARybmoFdHYrjg,246/1-8 อาคารเอส โครงการรอยัลซิตี้อเวนิว ถ. พระราม 9 แขวงห้วยขวาง เขตห้วยขวาง กรุงเทพมหานคร 10310,places,high,,,D147,4,"same coords, same place_id"
Black Salmon Phuket,1,,Black Salmon Phuket,7.993192699999999,98.30637329999999,ChIJJxt5VNg5UDAREXZK_Ie1zAM,164 Baandon Cherngtalay ตำบลเชิงทะเล อำเภอถลาง ภูเก็ต 83110,places,high,,,D206,3,"same coords, same place_id"
บ.อัครากรุ๊ป จำกัด บ้านนา นครนายก,1,,บ.อัครากรุ๊ป จำกัด บ้านนา นครนายก,14.281327899999999,101.0511473,ChIJjc1v5-u9HTER4DiQg5u_k64,88 หมู่ 2 ตำบล ป่าขะ อำเภอบ้านนา นครนายก 26110,places,high,,,,,
คลัง ซิลลิค ฟาร์มา (กม.23),1,,กม.23 คลัง ซิลลิค ฟาร์มา,13.6146582,100.80237819999999,ChIJE7hNmltDHTERkEVNccylaSQ,99 19 หมู่ที่ 3 ทางคู่ขนาน ถนนบางนา-ตราด ตำบลบางเสาธง อำเภอบางเสาธง สมุทรปราการ 10540,places,medium,,,D050,5,"same coords, same place_id"
บ.อัครากรุ๊ป (บ้านนา นครนายก),1,บ.อัครากรุ๊ป จำกัด บ้านนา นครนายก,,,,,,,,,,,,
คิงส์มารีนฟู้ด,1,,คิงส์มารีนฟู้ด,13.8648266,100.6323937,ChIJm1fM2z5jHTERmdupSiW00Yo,"24 ซอยสุขาภิบาล 5 แยก 5, ท่าแร้ง, เขตบางเขน กรุงเทพมหานคร 10220",places,high,,,D203,3,"same coords, same place_id"
ซูบากิ,1,,ซูบากิ,13.5808173,100.7561437,ChIJHR69vQ9bHTERt3QNoc8i6ik,HQJ4+8F ตำบล บางปลา อำเภอบางพลี สมุทรปราการ 10540,places,medium,,,D267,2,"same coords, same place_id"
BCS กม.18,1,,BCS กม.18,13.607687499999999,100.76018750000001,ChIJcZVTf4tcHTER6BaNGpx9Tcg,ตำบลบางโฉลง อำเภอบางพลี สมุทรปราการ 10540,places,high,,,,,
ส่งสินค้า โซนสมุทรปราการ,1,,ส่งสินค้า โซนสมุทรปราการ,13.6353747,100.62303779999999,ChIJyRtpXQBfHTER-auiaxzzHeY,1305 69 ด่านสำโรง 28 ซ. 3 ตำบล สำโรงเหนือ อำเภอเมืองสมุทรปราการ สมุทรปราการ 10270,places,low,,,,,
JWD Art Space,1,,JWD Art Space,13.7417666,100.5249103,ChIJ33FxTj6Z4jARKbA4Z8_NsOc,"188, 72 ชั้น 3 ซ. จุฬาลงกรณ์ 16 แขวงวังใหม่ เขตปทุมวัน กรุงเทพมหานคร 10330",places,high,,,,,
หาดใหญ่ - ยะลา,1,,หาดใหญ่ - ยะลา,13.6616477,100.4089089,ChIJkfc_SkC84jARuAoNSBLe9G0,MC65+MH3 แขวงคลองบางบอน เขตบางบอน กรุงเทพมหานคร 10150,places,high,,,,,
นิ่มซีเส็ง สาขาตลาดไทย,1,,นิ่มซีเส็ง สาขาตลาดไทย,14.0906633,100.63115669999999,ChIJsy5kTWOAHTERlFTSY8L6Ntk,3JRJ+7F7 ตำบล คลองหนึ่ง อำเภอคลองหลวง ปทุมธานี 12120,places,high,,,D306,2,"same coords, same place_id"
DC Makro Wamgnoi (แมคโครวังน้อย),1,DC Makro Wang Noi (แมคโครวังน้อย),,,,,,,,,,,,
บริษัท แอล อาร์ ห้องเย็น จำกัด,1,,บริษัท แอล อาร์ ห้องเย็น จำกัด,13.532639699999999,100.2822609,ChIJD9XS8z-54jARf0MoyxgmoYE,168/8 ถนนธรรมคุณากร ตำบล บางหญ้าแพรก อำเภอเมืองสมุทรสาคร สมุทรสาคร 74000,places,high,,,D264,2,"same coords, same place_id"
ห้องเย็นแอลอาร์,1,ห้องเย็น แอล อาร์,,,,,,,,,,,,
สยามไบโอ,1,,สยามไบโอ,13.843929,100.3378899,ChIJ3z1-BTCS4jARe8df06zuKw8,99 บ้านใหม่ อำเภอบางใหญ่ นนทบุรี 11140,places,high,,,D043,3,"same coords, same place_id"
ไร่หมวกเหล็ก จ.สระบุรี,1,,ไร่หมวกเหล็ก จ.สระบุรี,14.781205400000001,101.2283279,ChIJN3la4ZR4HjERNDwpk6NnQlc,Q6JH+F8P 2224 ตำบล หนองย่างเสือ อำเภอมวกเหล็ก สระบุรี 18180,places,high,,,D291,2,"same coords, same place_id"
LOGISTEED ลำลูกกา,1,,LOGISTEED ลำลูกกา,13.5894797,100.7864233,ChIJYUbijY1cHTERnaezyL41KLM,No.130/28 29 Moo 1 ถ. เทพารักษ์ ตำบลบางเสาธง อำเภอบางเสาธง สมุทรปราการ 10570,places,medium,,,D279,2,"same coords, same place_id"
บริษัท เอเชี่ยน เบสท์ ชิคเก้น จำกัด,1,,บริษัท เอเชี่ยน เบสท์ ชิคเก้น จำกัด,14.397461,100.8944872,ChIJV-3NFuCVHTERYDen4Kf7BI8,"9VWV+XQQ, Unnamed Road, ตำบล ห้วยทราย อำเภอหนองแค สระบุรี 18230",places,high,,,,,
วัดด่านสำโรง - WHALE FOODS,1,,วัดด่านสำโรง - WHALE FOODS,13.719211399999999,100.5643202,ChIJBeW6_7if4jAR0XkzsuhBO8Y,2580 2582 ถ. พระรามที่ 4 แขวงคลองเตย เขตคลองเตย กรุงเทพมหานคร 10110,places,high,,,,,
Village (รังสิตคลอง3) - Delish Foods (อ่อนนุช) - วัดด่านสำโรง,1,,รังสิตคลอง3 Village - Delish Foods (อ่อนนุช) - วัดด่านสำโรง,13.7112088,100.61222509999999,ChIJ2UKiaRie4jARcM-I66dCSBM,"921, 17/1 ถ. อ่อนนุช แขวงสวนหลวง เขตสวนหลวง กรุงเทพมหานคร 10250",places,high,,,,,
เอเชี่ยนซี Asian Sea Corporation,1,,เอเชี่ยนซี Asian Sea Corporation,13.541341,100.23684709999999,ChIJ29Se2NTH4jARlFrBWNcTDvA,"55, 2 ถ. พระรามที่ 2 ตำบล ท่าจีน Muang, สมุทรสาคร 74000",places,medium,,,D191,3,"same coords, same place_id"
พิจิตร,1,,พิจิตร,16.187201899999998,100.3497895,ChIJQ7PzA3_i3zARoEsIsFT7BAE,พิจิตร,places,high,,,,,
พัชร ธนาชัย (บางคอแหลม),1,,บางคอแหลม พัชร ธนาชัย,13.8220684,100.05424140000001,ChIJZQAaucDl4jAResMB3yS-QnY,215 ถนน ราชดำริห์ อำเภอเมือง อำเภอเมืองนครปฐม นครปฐม 73000,places,low,,,,,
คิวพี ราชบุรี,1,,คิวพี ราชบุรี,13.5872624,99.81054669999999,ChIJ0bwx9feY4jARqg9yHDTSZSo,55 ตำบล หลุมดิน อำเภอเมืองราชบุรี ราชบุรี 70000,places,high,,,,,
Linfox บางวัว (Linfox AIES),1,,Linfox AIES Linfox บางวัว,13.6601378,100.8994189,ChIJjZxPZQBBHTERfcPE2oP84uc,Asia Industrial Estate (Suvarnabhumi ตำบล คลองสวน อำเภอบางบ่อ สมุทรปราการ 10560,places,high,,,D287,2,"same coords, same place_id"
ศูนย์วิจัยและพัฒนา ซีพีเอฟ วังน้อย,1,,ศูนย์วิจัยและพัฒนา ซีพีเอฟ วังน้อย,14.2123496,100.6781031,ChIJRVaANGWHHTER2nFloJaGt2Q,6M6H+W6Q ถ. พหลโยธิน ตำบล ลำไทร อำเภอวังน้อย จังหวัดพระนครศรีอยุธยา 13170,places,high,,,,,
บริษัท คิวพี ราชบุรี,1,คิวพี ราชบุรี,,,,,,,,,,,,
Jpacสุวินทวงศ์,1,Jpac สุวินทวงศ์,,,,,,,,,,,,
Rinma ศาลายา,1,,Rinma ศาลายา,13.7850624,100.252871,ChIJ6z2TOpHr4jARpLBolIJeiDg,116 ถ. บรมราชชนนี ตำบล หอมเกร็ด อำเภอสามพราน นครปฐม 73210,places,medium,,,,,
Neo Cyber,1,,Neo Cyber,13.745554700000001,100.5512524,ChIJsfdevsKe4jARaAXPA12Uf28,"19/1-3 Ruen – rudee Building 3 rd Floor, Ruen-rudee, ถ. สุขุมวิท แขวงคลองเตยเหนือ เขตวัฒนา กรุงเทพมหานคร 10110",places,medium,,,,,
ฟานุคคี,1,,ฟานุคคี,13.5676027,100.7665851,ChIJN2WZGUtbHTERrtcN-nmgJHQ,HQ98+2JW ตำบลบางเสาธง อำเภอบางเสาธง สมุทรปราการ 10540,places,high,,,,,
Linfox นิคมสุวรรณภูมิ,1,,Linfox นิคมสุวรรณภูมิ,13.608979,100.7762795,ChIJKVgLQZVcHTERJwEggu-sLko,ตำบลบางโฉลง อำเภอบางพลี สมุทรปราการ 10540,places,medium,,,D111,4,"same coords, same place_id"
JJIT เจ๊บเซ่น,1,,JJIT เจ๊บเซ่น,13.722218,100.5843342,ChIJpbR3mLKf4jARLNzXu738hGo,"Soi Sukhumvit 63 (Ekamai) Sukhumvit Rd 23/111-117 Sorachai Building,26th 29th Floor, แขวงคลองตันเหนือ เขตวัฒนา กรุงเทพมหานคร 10110",places,low,,,D293,2,"same coords, same place_id"
"Inno Latex (Thailand) Co., Ltd.,หาดใหญ่",1,,"Thailand Inno Latex Co., Ltd.,หาดใหญ่",7.006476200000001,100.35594449999999,ChIJrUqZHDInTTARS58Wte5Jzng,"E1-6, EXPORT PROCESSING ZONE ,SOUTHERN INDUSTRIAL ESTATE, ตำบล ฉลุง อำเภอหาดใหญ่ สงขลา 90110",places,high,,,D156,2,"same coords, same place_id"
CPF Minburi 2,1,,CPF Minburi 2,13.8152718,100.7546885,ChIJwSdwVlVkHTERnk8U9pnWMC4,20 ถ. สุวินทวงศ์ แขวงแสนแสบ เขตมีนบุรี กรุงเทพมหานคร 10510,places,high,,,D260,2,"same coords, same place_id"
CPF มหาชัย,1,,CPF มหาชัย,13.5116547,100.1578188,ChIJTWQDo1rP4jAR5fUv-eAILCw,G565+M48 ตำบล บางโทรัด อำเภอเมืองสมุทรสาคร สมุทรสาคร 74000,places,high,,,D157,3,"same coords, same place_id"
Sushiro (3สาขา),1,,3สาขา Sushiro,13.670203500000001,100.6345405,ChIJL1PAVgBfHTERU8idJ3V8bXY,"ห้องเลขที่ 525, 526, 527 ชั้น 5 587 ศูนย์การค้าเซ็นทรัล บางนา 589 ถ. เทพรัตน แขวงบางนาเหนือ เขตบางนา กรุงเทพมหานคร 10260",places,medium,,,,,
โกดังรับสินค้าหงส์ไทยกรุ๊ป,1,,โกดังรับสินค้าหงส์ไทยกรุ๊ป,13.6280326,100.691934,ChIJNxUoP2BfHTERHf_3YZN-pn8,88/9-10 หมู่ที่ 7 ซอย มหาชัย ตำบล บางพลีใหญ่ อำเภอบางพลี สมุทรปราการ 10540,places,high,,,,,
The Walk Ratchaphruek,1,,The Walk Ratchaphruek,13.8212272,100.4497293,ChIJTcsyl5ab4jARpiyWvDdPMis,189 หมู่ที่ 2 ถ. ราชพฤกษ์ ตำบล บางขุนกอง อำเภอบางกรวย นนทบุรี 11130,places,high,,,,,
หจก.พรนครมงคล,1,,หจก.พรนครมงคล,13.809126599999999,100.4422206,ChIJ3-tooq2b4jARXBhhwL5dc2E,ตรงข้าม RC5R+MV5 ซอย หมู่บ้านรติรมย์ 4 ซอย 3 ตำบล มหาสวัสดิ์ อำเภอบางกรวย นนทบุรี 11130,places,high,,,,,
วิลเลจ บางนา,1,,วิลเลจ บางนา,13.620241799999999,100.69056789999999,ChIJW-yzt7pfHTERATYGrnLGL0g,หมู่บ้านเดอะวิลเลจ 3 206 ตำบล บางพลีใหญ่ อำเภอบางพลี สมุทรปราการ 10540,places,high,,,,,
ลาดพร้าว 87,1,,ลาดพร้าว 87,13.7959566,100.6191722,ChIJCZWMiWtjHTER7IEcoTJwfvw,571 ลาดพร้าว 87 ริมถนน ตรงข้ามแยก18ใน ลาดพร้าว 87 แขวงคลองเจ้าคุณสิงห์ เขตวังทองหลาง กรุงเทพมหานคร 10310,places,high,,,,,
บริษัท ฟูด โซลูชั่น จำกัด,1,,บริษัท ฟูด โซลูชั่น จำกัด,14.4227075,100.56007699999999,ChIJPzp450gL4jARI4JLIWU72tY,9/9 หมู่ 3 ต.ขยาย ตำบล ขยาย อำเภอบางปะหัน จังหวัดพระนครศรีอยุธยา 13220,places,high,,,,,
อาหลิว (ปลั้กตู้),1,,ปลั้กตู้ อาหลิว,14.7254872,100.1062974,ChIJV0YJp5sn4jARLLildC7gV-o,17 8 ตำบล ย่านยาว อำเภอสามชุก สุพรรณบุรี 72130,places,medium,,,,,
เคที เรสทัวลอง,1,,เคที เรสทัวลอง,13.7185463,100.5962826,ChIJ5wYxFVmf4jARk0uahLcdyMw,37 ถ. สุขุมวิท 71 แขวงพระโขนงเหนือ เขตวัฒนา กรุงเทพมหานคร 10110,places,high,,,,,
ชายสี่ (ปลั้กตู้),1,,ปลั้กตู้ ชายสี่,14.484544,100.52665300000001,ChIJpS7tfsAN4jARd1FhimTaVZ4,40 2 ตำบล ตานิม อำเภอบางปะหัน จังหวัดพระนครศรีอยุธยา 13220,places,medium,,,,,
ไทยฮะจิบัง,1,,ไทยฮะจิบัง,14.098802,100.5970249,ChIJq-CVtAp_4jARrGpTGm_HRqU,3HXW+GRC ตำบล คลองหนึ่ง อำเภอคลองหลวง ปทุมธานี 12120,places,high,,,,,
บริษัท ไอ.เอส.เอ จำกัด,1,,บริษัท ไอ.เอส.เอ จำกัด,13.7297019,100.2439778,ChIJo3o7HcTq4jARCl08zOpQ6lE,บริษัท ไอ.เอส.เอ จำกัด ตำบล ยายชา อำเภอสามพราน นครปฐม 73110,places,high,,,,,
บริษัท สปริงคิทเช่น (สุพรรณบุรี),1,,สุพรรณบุรี บริษัท สปริงคิทเช่น,14.149641599999999,99.8712876,ChIJBUOqAxOr4zARSZjVyJGbGUk,ตำบล บ่อสุพรรณ อำเภอสองพี่น้อง สุพรรณบุรี 72190,places,high,,,D128,2,"same coords, same place_id"
Bravo BKK (พระราม9),1,,พระราม9 Bravo BKK,13.7507492,100.5723185,ChIJq0_vzfWe4jAR_OUaEXDRxb0,99/6-9 ถนนริมคลองบางกะปิ แขวงบางกะปิ เขตห้วยขวาง กรุงเทพมหานคร 10310,places,high,,,,,
NINETY 9 Garden (นครปฐม),1,,นครปฐม NINETY 9 Garden,13.808399399999999,100.0610535,ChIJl-CoFADl4jARG4Dg_3kZugQ,671/3 ถ. เพชรเกษม ตำบลห้วยจรเข้ อำเภอเมืองนครปฐม นครปฐม 73000,places,high,,,,,
บริษัท จีเอฟพีที นิชิเร (ประเทศไทย) จำกัด,1,,ประเทศไทย บริษัท จีเอฟพีที นิชิเร จำกัด,13.1588005,101.3018384,ChIJhfydNVLWAjER5p9ShPUh_XQ,77ม.4 ต.ห้างสูง อ.หนองใหญ่ ตำบล ห้างสูง อำเภอหนองใหญ่ ชลบุรี 20190,places,high,,,D290,2,"same coords, same place_id"
จีเอ็มซี,1,,จีเอ็มซี,13.5599869,100.3030861,ChIJT6crRwC54jARoEyISUyd53U,40 ซอยสินชัย ตำบล โคกขาม อำเภอเมืองสมุทรสาคร สมุทรสาคร 74000,places,high,,,D280,2,"same coords, same place_id"
วินแชนซ์ ฟู้ดส์ นิคมบางพลี,1,วินแชนส์ ฟู้ดส์ (นิคมฯบางพลี),,,,,,,,,,,,
Simple Foods,1,,Simple Foods,14.1336582,100.60299429999999,ChIJHdCG1FB_4jAR3Fudg4DPqNo,บริษัท ซิมเพิ้ล ฟู้ดส์ จำกัด 88 หมู่ที่ 20 ถนนนวนคร 14/1 คลองหนึ่ง อำเภอคลองหลวง ปทุมธานี 12120,places,high,,,D205,2,"same coords, same place_id"
วินแชนซ์ อินดัสตรีส์,1,,วินแชนซ์ อินดัสตรีส์,13.5832242,100.6913773,ChIJ3elg8a1eHTERwZfInVHRlmA,109/39 หมู่ที่ 21 ถนนบางพลี-ตำหรุ ตำบลบางพลีใหญ่ อำเภอบางพลี สมุทรปราการ 10540,places,high,,,D278,2,"same coords, same place_id"
สยามออริจินัลฟู้ด,1,,สยามออริจินัลฟู้ด,14.1112699,100.8307447,ChIJxbePr2mdHTERcHolGPc3_T4,31 5 ถ.เลียบคลอง 10 ม.5 ตำบล บึงบา อำเภอ หนองเสือ ปทุมธานี 12170,places,high,,,D114,3,"same coords, same place_id"
NextDay/วี - ลิงค์ ดอนเมือง,1,,NextDay/วี - ลิงค์ ดอนเมือง,13.9015952,100.5872763,ChIJk3W2nYmD4jARXXzJJ4P6goA,เลขที่ 21 ถ. โกสุมรวมใจ แขวงดอนเมือง ดอนเมือง กรุงเทพมหานคร 10210,places,high,,,,,
ชัยนรินทร์,1,ชัยนริทร์,,,,,,,,,,,,
Big C (ท่าทราย),1,,ท่าทราย Big C,13.550140599999999,100.23717429999999,ChIJi3npBADH4jARPAtZV_YsiZ8,H62P+3V4 ตำบล ท่าทราย อำเภอเมืองสมุทรสาคร สมุทรสาคร 74000,places,medium,,,,,
นายน้อยหมูกระทะ (อ้อมน้อย),1,,อ้อมน้อย นายน้อยหมูกระทะ,13.7051205,100.3025806,ChIJVZr5DsuV4jAR-s0WAZSU8H8,ถ. เพชรเกษม ตำบล อ้อมน้อย อำเภอกระทุ่มแบน สมุทรสาคร 74130,places,medium,,,,,
TOTO HOLDING,1,,TOTO HOLDING,13.7737558,100.4037769,ChIJxZwPNQCX4jAR8KQgZqhmGdE,100/119 ถ. กาญจนาภิเษก แขวงศาลาธรรมสพน์ เขตทวีวัฒนา กรุงเทพมหานคร 10170,places,high,,,,,
BNNปทุม,1,,BNNปทุม,14.020197200000002,100.5264282,ChIJB37tJAp-4jARdar6QFdLP9k,โลตัส ปทุมธานี ห้อง52P2012 เลขที่21/49 ถนน ปทุม-สามโคก ตำบล บางปรอก อำเภอเมืองปทุมธานี ปทุมธานี 12000,places,medium,,,,,
BNN ปทุม,1,BNNปทุม,,,,,,,,,,,,
สุกี้จินดา (เมืองทอง),1,,เมืองทอง สุกี้จินดา,13.911337099999999,100.54123729999999,ChIJTQYoVDOD4jARb8o-9IItHIs,50 ตําบล บ้านใหม่ 817 ตำบลบางพูด อำเภอปากเกร็ด นนทบุรี 11120,places,medium,,,,,
บิ๊กซีบ้านโป่ง,1,,บิ๊กซีบ้านโป่ง,13.8191819,99.86980969999999,ChIJt0_6UKId4zARKtyP7WHTdwk,RV99+MWF แสงชูโต ตำบลบ้านโป่ง อำเภอบ้านโป่ง ราชบุรี 70110,places,high,,,,,
อินเทค (ส่งจุดแรก),1,,ส่งจุดแรก อินเทค,13.724699099999999,100.4778709,ChIJNevCe1CY4jARYKgLPH2lAu8,102 ซ. รัชดาภิเษก 16 แขวงวัดท่าพระ เขตบางกอกใหญ่ กรุงเทพมหานคร 10600,places,low,,,,,
ดีดีฟู็ด,1,,ดีดีฟู็ด,13.8106982,99.87409079999999,ChIJAQdZ1t4d4zARQF8FR10fM90,"9, ร้านดีดี ฟู้ด, 11 ถนน เนียนนิยม ตำบลบ้านโป่ง อำเภอบ้านโป่ง ราชบุรี 70110",places,high,,,,,
Merry (ห้องเย็นทะเลไทย),1,MERRY ห้องเย็นทะเลไทย,,,,,,,,,,,,
บจก.กอล์ฟมหาชัยซีฟู้ด จำกัด,1,กอล์ฟมหาชัยซีฟู้ด,,,,,,,,,,,,
Merry ห้องเย็นรัตนากร (สมุทรสาคร),1,,สมุทรสาคร Merry ห้องเย็นรัตนากร,13.5487668,100.2589527,ChIJ71Nzy4nH4jAR4ACDNcw2L_s,Unnamed Road ตำบล ท่าจีน อำเภอเมืองสมุทรสาคร สมุทรสาคร 74000,places,high,,,D125,7,"same coords, same place_id"
พาราไดซ์ พาร์ค,1,,พาราไดซ์ พาร์ค,13.6877108,100.6477719,ChIJs1wtNWlgHTER6gafR9hHtSk,61 ถ. ศรีนครินทร์ แขวงหนองบอน เขตประเวศ กรุงเทพมหานคร 10250,places,high,,,D281,2,"same coords, same place_id"
บางปะกง,1,,บางปะกง,13.510611599999999,100.95809469999999,ChIJJ6-8F21HHTERIFi04UrYAwM,อำเภอบางปะกง ฉะเชิงเทรา,places,high,,,,,
ไทย โอเชี่ยน เวนเจอร์,1,,ไทย โอเชี่ยน เวนเจอร์,7.8754893,98.41444369999999,ChIJW1VVVRU3UDAR-aaYSsz4X9s,64/213 หมู่ที่ 7 ถนนอนุภาษภุเก็ตการ ตำบล รัษฎา อำเภอเมืองภูเก็ต ภูเก็ต 83000,places,high,,,D239,3,"same coords, same place_id"
Abico dairy farm company limited,1,,Abico dairy farm company limited,14.656855300000002,101.3451494,ChIJI1dsqqssHDERJb48Uetmedk,335 หมู่ 5 ถ. มิตรภาพ วงษ์เกษตร ตำบล กลางดง อำเภอปากช่อง นครราชสีมา 30320,places,high,,,,,
สมุทรสาคร,1,,สมุทรสาคร,13.5650377,100.2151578,ChIJWQJASRK44jARGGWC2nURVAo,สมุทรสาคร,places,high,,,,,
โรงแรมไอบิส กรุงเทพ,1,,โรงแรมไอบิส กรุงเทพ,13.7176387,100.509499,ChIJT0zanMGY4jARySC5bajIwnw,27 ซอย เจริญนคร 17 แขวงบางลำภูล่าง คลองสาน กรุงเทพมหานคร 10600,places,high,,,,,
รพ.ธรรมศาสตร์ (ร้านตะหลิว),1,,ร้านตะหลิว รพ.ธรรมศาสตร์,14.0738206,100.61299819999999,ChIJ11M9RAB_4jAROz1rJkwmSlY,95 ศูนย์อาหาร โรงพยาบาลธรรมศาสตร์ ตำบล คลองหนึ่ง อำเภอคลองหลวง ปทุมธานี 12120,places,high,,,,,
มารีนโกล์ด,1,มารีน โกลด์,,,,,,,,,,,,
บริษัท เดอะ ไมเนอร์ ฟู้ด กรุ๊ป,1,,บริษัท เดอะ ไมเนอร์ ฟู้ด กรุ๊ป,13.7209624,100.55854289999999,ChIJzzSirbyf4jARRNYBQzZ5paM,"88 The Parq Building, 11th Fl ถ. รัชดาภิเษก แขวงคลองเตย Klongtoey กรุงเทพมหานคร 10110",places,high,,,D225,2,"same coords, same place_id"
NextDay/Gourmet Emsphere,1,,NextDay/Gourmet Emsphere,13.724293699999999,100.5718074,ChIJKWTrJQCf4jARdVZebY3Z-8I,PHFC+PP7 แขวงคลองตัน เขตคลองเตย กรุงเทพมหานคร 10110,places,high,,,,,
CTD วังน้อย,1,,CTD วังน้อย,14.247027899999999,100.74735199999999,ChIJfwb9i2WPHTERm6gcXvnx2aM,6PWW+RW9 ถ. พหลโยธิน ตำบล ชะแมบ อำเภอวังน้อย จังหวัดพระนครศรีอยุธยา 13170,places,high,,,D181,3,"same coords, same place_id"
ThaI Excel,1,Thai Excel,,,,,,,,,,,,
พิชัยบางบอน,1,พิชัย บางบอน,,,,,,,,,,,,
สหมิตร,1,,สหมิตร,13.5476301,100.2755318,ChIJ39w23W644jARwWrs_GCknRI,916/7-8 แยกพันท้าย ถนนนรสิงห์ ตำบลมหาชัย อำเภอเมืองสมุทรสาคร สมุทรสาคร 74000,places,high,,,,,
linfox New DC,1,,linfox New DC,14.190187499999999,100.6544375,ChIJWzSZiaiHHTERcn6TVABkGjA,ตำบล พยอม อำเภอวังน้อย จังหวัดพระนครศรีอยุธยา 13170,places,medium,,,D146,3,"same coords, same place_id"
NextDay | อาคารสินธร - PCS,1,,NextDay | อาคารสินธร - PCS,13.736015199999999,100.5451192,ChIJKXShwtie4jARrP_e-Evflbs,130-132 ถ. วิทยุ แขวงลุมพินี เขตปทุมวัน กรุงเทพมหานคร 10330,places,high,,,D105,3,"same coords, same place_id"
โรงงานคุริโตะ,1,,โรงงานคุริโตะ,13.6568315,100.3946023,ChIJ8dIjIAC94jAR-cpxIPRrm-Y,M94V+PRQ แขวงบางบอนเหนือ เขตบางบอน กรุงเทพมหานคร 10150,places,high,,,D227,3,"same coords, same place_id"
บ้านแพ้ว,1,,บ้านแพ้ว,13.592475799999999,100.10312019999999,ChIJf6wSul7E4jARwHwMRTeSAQM,อำเภอบ้านแพ้ว สมุทรสาคร,places,high,,,,,
PAN FOOD (ท่าทราย),1,,ท่าทราย PAN FOOD,13.5672836,100.2595621,ChIJjRxFL37H4jAR0TCU5TKrulE,"71/9, 71/15 หมู่ 6 ซอยรุ่งปรีชา ถ. เศรษฐกิจ 1 ตำบล ท่าทราย อำเภอเมืองสมุทรสาคร สมุทรสาคร 74000",places,high,,,D073,4,"same coords, same place_id"
โมบาย,1,,โมบาย,13.5721803,100.3040541,ChIJZ9Tl7e6_4jARMnj70XmgSeE,ถ. เอกชัย ตำบล นาดี เมือง สมุทรสาคร 74000,places,high,,,,,
ไทยโคโค่นัท ราชบุรี,1,ไทยโคโคนัท ราชบุรี,,,,,,,,,,,,
บริษัท สตาร์ฟู้ดส์ กรุ๊ป จำกัด,1,,บริษัท สตาร์ฟู้ดส์ กรุ๊ป จำกัด,13.9194763,99.9163738,ChIJ_-wYb0L94jARyY92W9gxkcA,88 ม.8 ตำบล กรับใหญ่ อำเภอบ้านโป่ง ราชบุรี 70190,places,high,,,,,
ทวีวงษ์ หาดใหญ่,1,ทวีวงษ์ (หาดใหญ่),,,,,,,,,,,,
CP แปดริ้ว โรงหมู (Pre - cool),1,,Pre - cool CP แปดริ้ว โรงหมู,13.7621994,100.9903095,ChIJ52jSnlcTHTERHH4ENSsC4uo,QX6R+V4F ตำบลคลองนครเนื่องเขต อำเภอเมืองฉะเชิงเทรา ฉะเชิงเทรา 24000,places,low,,,,,
CP ระโนด,1,,CP ระโนด,7.7790525,100.3213552,ChIJGyLLqKSjUjARapARqW7liCo,209/1 ถ.ราษฎร์บำรุง ต.ระโนด อ.ระโนด สงขลา 90140,places,medium,,,D262,2,"same coords, same place_id"
อีจ้า คลองห้า,1,,อีจ้า คลองห้า,13.796617999999999,100.65041719999999,ChIJF7DeEgBjHTERdCMDYBC5ivE,61 217 ถ. นวมินทร์ แขวงนวมินทร์ เขตบึงกุ่ม กรุงเทพมหานคร 10240,places,low,,,,,
PT มหาชัย,1,,PT มหาชัย,13.567403899999999,100.28398969999999,ChIJCV6DTAC54jARjL7LTow2Puc,H78M+XH9 ตำบล ท่าทราย อำเภอเมืองสมุทรสาคร สมุทรสาคร 74000,places,high,,,,,
PH wang - noi,1,,PH wang - noi,14.232524399999999,100.77592179999999,ChIJSxAPaIuPHTERFUa2b6sP4mw,6QMG+293 พระนคร ศรี อ ยุ ธ ย ตำบล ข้าวงาม อำเภอวังน้อย จังหวัดพระนครศรีอยุธยา 13170,places,medium,,,,,
อินโนเทล ฟิวเจอร์ปาร์ค รังสิต,1,,อินโนเทล ฟิวเจอร์ปาร์ค รังสิต,13.9950625,100.6167955,ChIJASEu5mgR3jARYDnsWXalp50,114 ถ. พหลโยธิน ตำบล ประชาธิปัตย์ อำเภอธัญบุรี ปทุมธานี 12130,places,high,,,,,
CPF โรงงานไข่แปรรูปบ้านนา (นครนายก),1,CPF โรงงานไข่แปรรูปบ้านนา นครนายก,,,,,,,,,,,,
คลัง CP มหาชัย,1,,คลัง CP มหาชัย,13.508166399999999,100.144543,ChIJqeRb5mjP4jARKQlL8OurmFg,11 2 ตำบล บางโทรัด อำเภอเมืองสมุทรสาคร สมุทรสาคร 74000,places,medium,,,,,
โมเดิร์น ฟาร์ม่า,1,โมเดิร์น ฟาร์มา,,,,,,,,,,,,
มากุโระ Route005 (มาแช่),1,,มาแช่ มากุโระ Route005,13.766906899999999,100.44387379999999,ChIJEy6gfsSZ4jARdI6Jj7BqAyM,"39/1 The Circle Ratchapruk, ถ. ราชพฤกษ์ แขวงบางระมาด เขตตลิ่งชัน กรุงเทพมหานคร 10170",places,low,,,D052,6,"same coords, same place_id"
สายนนทบุรี 24 บิล,1,,สายนนทบุรี 24 บิล,13.860147600000001,100.5132409,ChIJ92FP5EWb4jARigUFVDlBltc,"ถนน รัตนาธิเบศร์ บางกระสอ ตำบลตลาดขวัญ, นนทบุรี 11000",places,medium,,,D065,2,"same coords, same place_id"
TID DEPOT (KM.18),1,,KM.18 TID DEPOT,13.632278399999999,100.7686691,ChIJIyDYm-JcHTERdZMSQnCtiPM,"19/6 Moo 8 Soi Watsrivareenoi, Bangna-trat km.18 Rd.,, T. Bangchalong,, Bangplee, อำเภอบางพลี สมุทรปราการ 10540",places,high,,,D120,3,"same coords, same place_id"
ห้องเย็น ศรีพิทักษ์ โฟรสเซนฟูดส์,1,,ห้องเย็น ศรีพิทักษ์ โฟรสเซนฟูดส์,13.567598799999999,100.58236629999999,ChIJS5h1KTin4jARdYermL6PVTg,หมู่ที่ 6 250 ถ. ท้ายบ้าน ตำบล ท้ายบ้าน อำเภอเมืองสมุทรปราการ สมุทรปราการ 10280,places,high,,,,,
นิ่มซี่เส็ง สาขาตลาดไท,1,นิ่มซีเส็ง สาขาตลาดไทย,,,,,,,,,,,,
Surapon Foods Plc (สมุทรปราการ),1,,สมุทรปราการ Surapon Foods Plc,13.6157496,100.6574893,ChIJ3QUS2LheHTERZr_RolXJyeo,247 หมู่ที่ 1 ถ. เทพารักษ์ ตำบลเทพารักษ์ อำเภอเมืองสมุทรปราการ สมุทรปราการ 10270,places,high,,,D288,2,"same coords, same place_id"
PCS (ห้องเย็นแปซิฟิค,1,PCS (ห้องเย็นแปซิฟิค),,,,,,,,,,,,
คลังชิน (ไทยออซัม),1,,ไทยออซัม คลังชิน,13.5454473,99.8070602,ChIJl4kvAgEl4zARV2w58xWrsVE,118/1 ถ. เพชรเกษม ตำบล หน้าเมือง อำเภอเมืองราชบุรี ราชบุรี 70000,places,medium,,,D064,4,"same coords, same place_id"
โชคสมุทร - JPK,1,,โชคสมุทร - JPK,13.5599296,100.30309919999999,ChIJPQAAAADH4jARRU3uAzpSsqs,57 40 ซอยสินชัย ตำบล โคกขาม อำเภอเมืองสมุทรสาคร สมุทรสาคร 74000,places,medium,,,D007,4,"same coords, same place_id"
CP บางน้ำเปรี้ยว (Pre - Cool),1,CP บางน้ำเปรี๊ยว (Pre - cool),,,,,,,,,,,,
คลัง CP เกตุม (Pre - cool),1,,Pre - cool คลัง CP เกตุม,13.577772399999999,100.36562839999999,ChIJ3R4QxMO74jARWDGsiEC7t6c,40 พันท้ายนรสิงห์ อำเภอเมืองสมุทรสาคร สมุทรสาคร 74000,places,low,,,D211,2,"same coords, same place_id"
โมเดิร์น ฟาร์มา จำกัด สุขสวัสดิ์,1,บริษัท โมเดิร์น ฟาร์มา (สุขสวัสดิ์),,,,,,,,,,,,
องกรค์การเภสัช ธัญบุรี,1,,องกรค์การเภสัช ธัญบุรี,14.0577484,100.837209,ChIJIfCGzMadHTERdwqG1ISMP8E,องค์การเภสัชกรรมกระทรวงสาธารณสุข ตำบล บึงสนั่น อำเภอธัญบุรี ปทุมธานี 12110,places,high,,,,,
สุวรรณ,1,,สุวรรณ,13.6537626,100.2739972,ChIJ_UKMAmO_4jAR4rdnnWzwM94,181/65 ตำบล ท่าไม้ อำเภอกระทุ่มแบน สมุทรสาคร 74110,places,high,,,,,
SMART LOGISTIC / SMC (BANGNA KM.13),1,,BANGNA KM.13 SMART LOGISTIC / SMC,13.6265988,100.7192518,ChIJlVDTXfZdHTERWm8ynWH2AIY,JPG9+JPJ ซอย สุขาภิบาล 6 ตำบล บางพลีใหญ่ อำเภอบางพลี สมุทรปราการ 10540,places,medium,,,,,
มจธ. บางขุนเทียน,1,,มจธ. บางขุนเทียน,13.5772745,100.4414213,ChIJheVf27VjHTERi8b0zmUfFCU,HCGV+J7Q 49 เทียนทะเล 25 แขวงท่าข้าม เขตบางขุนเทียน กรุงเทพมหานคร 10150,places,high,,,,,
PCS - HHT,1,,PCS - HHT,13.689980600000002,100.61136669999999,ChIJZ-u2dfmf4jAR6om2bZHwMSk,234 ซอย สุขุมวิท 101 แขวงบางจาก เขตพระโขนง กรุงเทพมหานคร 10260,places,medium,,,D223,2,"same coords, same place_id"
MTD - ชลดา,1,,MTD - ชลดา,13.221767,101.0078643,ChIJmSrrDQDLAjEROp1wo-Obn1o,211 1 ตำบล บางพระ อำเภอศรีราชา ชลบุรี 20110,places,medium,,,,,
Chack in Baan Mea (นครปฐม),1,,นครปฐม Chack in Baan Mea,13.7341739,100.2985587,ChIJSy5bOhWV4jARqxKUkm-naMA,55 5 ถ. พุทธมณฑลสาย 5 ตำบล ไร่ขิง อำเภอสามพราน นครปฐม 73210,places,medium,,,,,
The Most (ตลิ่งชัน),1,,ตลิ่งชัน The Most,13.7459806,100.44736759999999,ChIJV9w5BdGZ4jARWhzZmNCu9vk,7 ถ. ราชพฤกษ์ แขวงบางพรม เขตตลิ่งชัน กรุงเทพมหานคร 10170,places,high,,,,,
มาร์ส เพ็ทแคร์ ชลบุรี,1,,มาร์ส เพ็ทแคร์ ชลบุรี,13.4561789,101.1005037,ChIJnakg8OwwHTERUTn4MMvtW5I,F442+F6C ตำบล มาบโป่ง อำเภอพานทอง ชลบุรี 20160,places,high,,,D017,3,"same coords, same place_id"
อินเทคค์ ฟู้ดส์,1,,อินเทคค์ ฟู้ดส์,13.4777723,100.1114506,ChIJs7_eFwDP4jARn6OgpMBSPpg,77 36 หมู่ที่ 2 ถ. พระรามที่ 2 ตำบล นาโคก อำเภอเมือง สมุทรสาคร 74000,places,high,,,,,
บ. บางกอก นานาฟู้ดส์,1,,บ. บางกอก นานาฟู้ดส์,13.6355375,100.2759129,ChIJ9eTJUAC_4jARH9Jk2cApAlE,86 ตำบล หมู่4 ตำบล ดอนไก่ดี อำเภอกระทุ่มแบน สมุทรสาคร 74110,places,high,,,,,
ไฮ้ ดิ เหลา พร็อพไพรเอทเทอร์รี่,1,,ไฮ้ ดิ เหลา พร็อพไพรเอทเทอร์รี่,13.6360493,100.43320299999999,ChIJN609Z5y94jARq28dIGrnFaA,543 ถ. บางขุนเทียน แขวงแสมดำ เขตบางขุนเทียน กรุงเทพมหานคร 10150,places,high,,,,,
Linfox บางบ่อ,1,Linfox DC (บางบ่อ),,,,,,,,,,,,
บิ๊กซี - หนองบัว (นครสวรรค์),1,,นครสวรรค์ บิ๊กซี - หนองบัว,15.866044800000001,100.6074788,ChIJ7fdzbW4g4DARa861S8i0PIk,VJ84+8V9 554 หมู่ 3 ถนนนครสวรรค์–ชัยภูมิ ตำบล หนองกลับ อำเภอ หนองบัว นครสวรรค์ 60110,places,high,,,D304,2,"same coords, same place_id"
บิ๊กซี - ท่าตะโก (นครสวรรค์),1,,นครสวรรค์ บิ๊กซี - ท่าตะโก,15.635436599999997,100.47662749999999,ChIJR2mP0mQu4DARGMuzUgZ2W7E,เลขที่ 989 ตำบล ท่าตะโก อำเภอ ท่าตะโก นครสวรรค์ 60160,places,high,,,D305,2,"same coords, same place_id"
บิ๊กซี (นครสวรรค์),1,,นครสวรรค์ บิ๊กซี,15.695056800000001,100.1213855,ChIJ95DmFalP4DARIg0L06ysIVM,320 10 ถ. สวรรค์วิถี ตำบลปากน้ำโพ อำเภอเมืองนครสวรรค์ นครสวรรค์ 60000,places,high,,,D261,2,"same coords, same place_id"
บิ๊กซี - ลาดยาว (นครสวรรค์),1,,นครสวรรค์ บิ๊กซี - ลาดยาว,15.7555992,99.8078728,ChIJGw6I3dPx4DARxLIZk88Syl4,99 19 ตำบล ลาดยาว อำเภอลาดยาว นครสวรรค์ 60150,places,high,,,D259,2,"same coords, same place_id"
สยามมิตรฟู้ด,1,,สยามมิตรฟู้ด,13.3737423,99.7726916,ChIJu4_Ftkkt4zARi1yQ984I--4,59 9 ตำบลดอนทราย อำเภอปากท่อ ราชบุรี 70140,places,high,,,,,
อาหลิว Rleaw Noodles,1,,อาหลิว Rleaw Noodles,13.7862051,100.4903377,ChIJy6Kqn9ab4jARXQlsua-6G-c,46 ถ. สิรินธร แขวงบางพลัด บางพลัด กรุงเทพมหานคร 10700,places,high,,,D148,4,"same coords, same place_id"
Smile Meat สาขาเจดีย์หัก,1,,Smile Meat สาขาเจดีย์หัก,13.5427751,99.79748269999999,ChIJkV7nNlsl4zARBDO_NSEm4A8,428 2 ตำบล เจดีย์หัก อำเภอเมืองราชบุรี ราชบุรี 70000,places,high,,,D161,2,"same coords, same place_id"
บิ๊กซี มหาชัย (โคกขาม),1,,โคกขาม บิ๊กซี มหาชัย,13.5652821,100.273804,ChIJG_euYIi44jAR5dwc56Gz3xU,79 หมู่ที่ 8 ถนน เศรษฐกิจ 1 ตำบล ท่าทราย อำเภอเมืองสมุทรสาคร สมุทรสาคร 74000,places,high,,,D246,3,"same coords, same place_id"
นีโอสุกี้ (นนทบุรี),1,,นนทบุรี นีโอสุกี้,13.876913600000002,100.41164250000001,ChIJX6HmsiCQ4jAR68szGKZtBB4,"Rattanathibet Road 199 Room 347, Floor 3, Central Plaza Westgate ตำบล เสาธงหิน อำเภอบางใหญ่ นนทบุรี 11140",places,medium,,,,,
รพ.ยันฮี,1,รพ ยันฮี,,,,,,,,,,,,
เค.พี.ฟู้ด,1,,เค.พี.ฟู้ด,13.839622199999999,100.1972758,ChIJ88MZN0vs4jARhI_K4LQ3sVY,R5QW+RWR ตำบล ดอนแฝก อำเภอนครชัยศรี นครปฐม 73120,places,high,,,,,
ตลาดไท,1,,ตลาดไท,14.082184300000002,100.6226327,ChIJ52s9K3eAHTERDG2AO9jqxfc,31 หมู่ที่9 ถ. พหลโยธิน ตำบล คลองหนึ่ง อำเภอคลองหลวง ปทุมธานี 12120,places,high,,,,,
ห้องเย็นทันที พระสมุทรเจดีย์,1,,ห้องเย็นทันที พระสมุทรเจดีย์,13.5813046,100.5277687,ChIJhbXCxB2k4jARBWapYhnrIsY,ตำบล ในคลองบางปลากด อำเภอพระสมุทรเจดีย์ สมุทรปราการ 10290,places,high,,,,,
BFCS ลพบุรี,1,,BFCS ลพบุรี,14.785262699999999,100.91664209999999,ChIJZ_colm0KHjER5-87XKLfQh0,QWP8+4M2 ตำบล ช่องสาริกา อำเภอพัฒนานิคม ลพบุรี 15220,places,high,,,,,
ร้านตะหลิว โลตัส รังสิต,1,,ร้านตะหลิว โลตัส รังสิต,13.9936213,100.6127729,ChIJn9wP2TeB4jARjCdX6TClCo0,XJV7+C4J ตำบล ประชาธิปัตย์ อำเภอธัญบุรี ปทุมธานี 12130,places,high,,,D230,2,"same coords, same place_id"
โรงงานเครื่องดื่มแรงเยอร์ (นครปฐม),1,,นครปฐม โรงงานเครื่องดื่มแรงเยอร์,13.7949527,100.0885541,ChIJBUAp0qvo4jARAzslzG0-3-Y,Unnamed Road ตำบล ถนนขาด อำเภอเมืองนครปฐม นครปฐม 73000,places,high,,,,,
ส้มพาสุก สมุทรปราการ,1,,ส้มพาสุก สมุทรปราการ,13.6028999,100.54652159999999,ChIJXS45VwCh4jAR-g1wf1oWiCg,เลขที่ 299/18-19 ตำบล ในคลองบางปลากด อำเภอพระสมุทรเจดีย์ สมุทรปราการ 10290,places,high,,,,,
ไอดีไอ,1,,ไอดีไอ,13.786076399999999,100.46783710000001,ChIJb_Q9sBSyoakRSsyq11orO7E,147/142 ถ. บรมราชชนนี แขวงอรุณอมรินทร์ เขตบางกอกน้อย กรุงเทพมหานคร 10700,places,high,,,,,
NextDay/บ้านเลขที่ 5 ซอยราชมนตรี 4,1,,NextDay/บ้านเลขที่ 5 ซอยราชมนตรี 4,13.5477323,100.26709969999999,ChIJwe49FnG44jARBy4jctLM9dI,G7X8+3RX ตำบลมหาชัย อำเภอเมืองสมุทรสาคร สมุทรสาคร 74000,places,high,,,,,
บริษัท ขายดี,1,,บริษัท ขายดี,13.5493217,100.7027882,ChIJiSeed51ZHTER7SB_TORGy3s,590 หมู่ 2 ซอยสุนทรวิภาษ ตำบล แพรกษา อ.เมือง สมุทรปราการ 10280,places,high,,,,,
นิ่มซี่เส็งขนส่ง 1988 จำกัด สาขามหาชัย,1,,นิ่มซี่เส็งขนส่ง 1988 จำกัด สาขามหาชัย,13.5335133,100.2601439,ChIJARpDbym54jARzsFqon3UniQ,258/2 ถนน วิเชียรโชฎก ตำบลมหาชัย อำเภอเมืองสมุทรสาคร สมุทรสาคร 74000,places,high,,,,,
Siam square one,1,,Siam square one,13.744750499999999,100.5338589,ChIJLdw3yiyZ4jARaNnG-XlHZfA,388 ถ. พระรามที่ 1 แขวงปทุมวัน เขตปทุมวัน กรุงเทพมหานคร 10330,places,high,,,D196,3,"same coords, same place_id"
อเมริกันยูโรเปี้ยน,1,อเมริกัน ยุโรเปี้ยน,,,,,,,,,,,,
พีพี วู้ด,1,,พีพี วู้ด,13.5498132,100.2166345,ChIJwcmxzmjH4jARTuNsSkeDnZ0,59 2 ตำบล ท่าทราย อำเภอเมืองสมุทรสาคร สมุทรสาคร 74000,places,medium,,,,,
Tsubaki,1,,Tsubaki,13.753604699999999,100.574053,ChIJbej8P1Cf4jARsmttz6rqC-A,"29, 11 12 Soonvijai Aly, Bang Kapi Subdistrict, เขตห้วยขวาง กรุงเทพมหานคร 10310",places,high,,,,,
BCS bangna,1,,BCS bangna,13.662881500000001,100.61547449999999,ChIJQw-_Nwug4jAR-pzvifZ-Vwo,4 ซ. ลาซาล 24 แขวงบางนาใต้ เขตบางนา กรุงเทพมหานคร 10260,places,low,,,,,
สหมิตรฟู้ด โคราช,1,สหมิตรฟูดส์ โคราช,,,,,,,,,,,,
Thai Royal Frozen Foods (สมุทรสาคร),1,,สมุทรสาคร Thai Royal Frozen Foods,13.5356776,100.2576548,ChIJEwxGU5XH4jAR7Ex-Ck3bB-E,119 99 หมู่ 1 ถนน วิเชียรโชฎก ตำบล ท่าจีน อำเภอเมืองสมุทรสาคร สมุทรสาคร 74000,places,high,,,D273,3,"same coords, same place_id"
คลัง CTI คลองเตย,1,,คลัง CTI คลองเตย,13.7162104,100.56639419999999,ChIJaa4egQ6f4jAR-PDb2y65ioM,PH88+FHJ แขวงคลองเตย เขตคลองเตย กรุงเทพมหานคร 10110,places,low,,,D177,2,"same coords, same place_id"
บริษัท เดฟโปร (เอ็กซ์พอร์ต โปรดักส์) จำกัด,1,,เอ็กซ์พอร์ต โปรดักส์ บริษัท เดฟโปร จำกัด,13.710007099999999,100.3630596,ChIJZ-UO3KqX4jAROnmJzWvQZvQ,272 ถนน เพชรเกษม แขวงหนองค้างพลู เขตหนองแขม กรุงเทพมหานคร 10160,places,high,,,,,
คลังซิน,1,,คลังซิน,13.920338,99.605426,ChIJUxfqbpwO4zARQRGZ1HWJ1Hk,"12, 1, ต.เขาน้อย, อำเภอท่าม่วง กาญจนบุรี 71110",places,medium,,,,,
Crown Cargo Experss (มีนบุรี),1,,มีนบุรี Crown Cargo Experss,13.842065499999999,100.7845385,ChIJM4cVzuVlHTER0p-YyaQEF9Q,RQRM+RRF แขวงทรายกองดินใต้ เขตคลองสามวา กรุงเทพมหานคร 10510,places,high,,,D296,2,"same coords, same place_id"
ICT ลาดกระบัง,1,,ICT ลาดกระบัง,13.731000199999999,100.7811136,ChIJ_Y_pjDBmHTERyjiMA2-nQ8s,1 ซอย ฉลองกรุง 1 แขวงลาดกระบัง เขตลาดกระบัง กรุงเทพมหานคร 10520,places,high,,,,,
Food Calssic (Pre - cool),1,,Pre - cool Food Calssic,16.4285267,102.85124820000001,ChIJhwnDydSLIjERivo4X_fl2MA,182 138 ถ.ศรีจันทร์ ตำบลในเมือง เมือง ขอนแก่น 40000,places,medium,,,,,
DC Makro Mahachai (แมคโครมหาชัย) (Pre - Cool),1,,แมคโครมหาชัย DC Makro Mahachai (Pre - Cool),13.5003258,100.1285835,ChIJo0kG6grP4jARQQOh1ErWZ9E,"64/2 64/2, ตำบล กาหลง อำเภอเมืองสมุทรสาคร สมุทรสาคร 74000",manual,high,y,"was geocoded to the wrong ""DC Makro Mahachai"" candidate (a Makro/Lotus mall ~1km from origin) instead of the real distribution center; corrected 2026-09-23, see sum.md",D012,9,"same coords, same place_id"
Jumbo Seafood ไอคอนสยาม,1,,Jumbo Seafood ไอคอนสยาม,13.726488999999999,100.51043279999999,ChIJX9bcWzyZ4jARPyyg4LiwDlA,299 ถ. เจริญนคร แขวงคลองต้นไทร คลองสาน กรุงเทพมหานคร 10600,places,high,,,,,
พนัส พระราม 9,1,,พนัส พระราม 9,13.758595399999999,100.5661774,ChIJt4AYHY2e4jARP0jJFXncXCE,9/9 ถ. พระราม 9 แขวงห้วยขวาง เขตห้วยขวาง กรุงเทพมหานคร 10310,places,high,,,D097,2,"same coords, same place_id"
เมซากุ (Meisaku Premium Yakiniku),1,,Meisaku Premium Yakiniku เมซากุ,13.6663891,100.6469046,ChIJ24qRYPJfHTER8NWX9eYroWU,955 ถ. เทพรัตน แขวงบางนาเหนือ เขตบางนา กรุงเทพมหานคร 10260,places,high,,,,,
ชวนคิทเช่น เมืองทองธานี,1,,ชวนคิทเช่น เมืองทองธานี,13.915087,100.542609,ChIJ-3nl2YeD4jARWNNBD_L6r0A,"Ban mai, Pak Kret District, Nonthaburi 11120",places,high,,,D240,3,"same coords, same place_id"
Shoshi express,1,,Shoshi express,13.7870846,100.2757895,ChIJZVmd3oqV4jAROKp-v6G0y9c,"เซ็นทรัล พลาซา สาขาศาลายา, ชั้น 3, โซนธนาคาร, ตำบล บางเตย อำเภอสามพราน นครปฐม 73210",places,high,,,,,
Jebsen & Jessen Ingredients,1,,Jebsen & Jessen Ingredients,13.722218,100.5843342,ChIJpbR3mLKf4jARLNzXu738hGo,"Soi Sukhumvit 63 (Ekamai) Sukhumvit Rd 23/111-117 Sorachai Building,26th 29th Floor, แขวงคลองตันเหนือ เขตวัฒนา กรุงเทพมหานคร 10110",places,high,,,D293,2,"same coords, same place_id"
JJIT,1,,JJIT,13.573943499999999,100.94695399999999,ChIJJWjrAC5HHTERjnxgb_2DlW0,"88, 49-52 Moo5 บางนาตราด กม.39, ตำบล บางสมัคร อำเภอบางปะกง ฉะเชิงเทรา 24180",places,low,,,,,
HAMA SUSHI เซ็นทรัลปิ่นเกล้า,1,,HAMA SUSHI เซ็นทรัลปิ่นเกล้า,13.7778577,100.4754766,ChIJB_0QbgCZ4jAR9FSJkx50VEY,QFHG+45X แขวงอรุณอมรินทร์ เขตบางกอกน้อย กรุงเทพมหานคร 10700,places,high,,,D300,2,"same coords, same place_id"
แชมป์บ๊ะจ่าง สาขาสุขุมวิท 36,1,,แชมป์บ๊ะจ่าง สาขาสุขุมวิท 36,13.7186807,100.57625800000001,ChIJ_R7Yo6ef4jAR4HtzGsxmRf4,67 ซ สุขุมวิท 36 แขวงพระโขนง เขตคลองเตย กรุงเทพมหานคร 10110,places,high,,,,,
Gateway Unilever,1,,Gateway Unilever,13.612146,101.343014,ChIJLyMPWH8gHTERldlz5unPE_g,J86V+V62 ตำบล หัวสำโรง อำเภอแปลงยาว ฉะเชิงเทรา 24190,places,high,,,,,
PACJ เจดับเบิ้ลยูดี แปซิฟิค (สุวินทวงศ์),1,,สุวินทวงศ์ PACJ เจดับเบิ้ลยูดี แปซิฟิค,13.770944799999999,100.98044259999999,ChIJJx85rFITHTERzs8-3ybiVa0,99 3 ถ. สุวินทวงศ์ ตำบลคลองนครเนื่องเขต อำเภอเมืองฉะเชิงเทรา ม.11 24000,places,high,,,D003,5,"same coords, same place_id"
ไทยซันฟู้ดส์,1,,ไทยซันฟู้ดส์,13.7128372,100.65460379999999,ChIJkZTIXFtgHTERDyAKtPwcvS0,แขวงประเวศ เขตประเวศ กรุงเทพมหานคร 10250 ประเทศไทย,places,high,,,D207,3,"same coords, same place_id"
CPF โรงงานไข่บ้านนา (นครนายก),1,CPF โรงงานไข่บ้านนา นครนายก,,,,,,,,,,,,
TYSON (อยุธยา),1,,อยุธยา TYSON,14.331542899999999,100.6112557,ChIJ64d86NZ14jARykDob85v5tc,8JJ6+HG7 ตำบล คลองสวนพลู ตำบลคลองสวนพลู อำเภอ พระนครศรีอยุธยา จังหวัดพระนครศรีอยุธยา 13000,places,medium,,,,,
พี เอส ฟู้ดส์,1,,พี เอส ฟู้ดส์,13.726555999999999,100.58020429999999,ChIJqeprHlCe4jARmETwOrgeBds,757 ถ. สุขุมวิท แขวงคลองตันเหนือ เขตวัฒนา กรุงเทพมหานคร 10110,places,high,,,,,
อิออน ปทุมธานี,1,,อิออน ปทุมธานี,14.0203551,100.5265328,ChIJr5JqjC2H4jARxP3wD2aBIvw,"21/49, เทสโก้ โลตัส ปทุมธานี ชั้น 1, ถ.ปทุมสามโคก, ต.บางปรอก อ.เมือง จ.ปทุมธานี, 12000 ตำบล บางปรอก อำเภอเมืองปทุมธานี ปทุมธานี 12000",places,high,,,,,
ห้างฟูจิ 3,1,,ห้างฟูจิ 3,13.742275,100.57213709999999,ChIJs9sY1fie4jARKZRDmJSfm0A,"79/79, 79/80, 79/97 พร้อมพงษ์ 79/109 ซ. สุขุมวิท 39 แขวงคลองตันเหนือ เขตวัฒนา กรุงเทพมหานคร 10110",places,low,,,D131,5,"same coords, same place_id"
Thai Agri Foods Public Co,1,,Thai Agri Foods Public Co,13.5911703,100.77730179999999,ChIJPRKu36VeHTERew-60-LPtMg,155/1 ถ. เทพารักษ์ ตำบลบางเสาธง อำเภอบางเสาธง สมุทรปราการ 10570,places,high,,,D100,4,"same coords, same place_id"
King Stella (Samutprakarn),1,,Samutprakarn King Stella,13.6056431,100.9220744,ChIJU3NKLEtCHTERXB_inX14NOw,"98 อำเภ, ตำบล คลองนิยมยาตรา อำเภอบางบ่อ สมุทรปราการ 10560",places,high,,,D289,2,"same coords, same place_id"
food selection,1,,food selection,14.0372285,100.60959369999999,ChIJa9fp8iGA4jARdWfGNvdyoP8,9 51 ตำบล คลองหนึ่ง อำเภอคลองหลวง ปทุมธานี 12120,places,high,,,D252,3,"same coords, same place_id"
บริษัท บีเอส แมนนูแฟคเจอริ่ง จำกัด,1,บจก. บีเอสแมนนูแฟคเจอริ่ง,,,,,,,,,,,,
KF Foods สมุทรสาคร,1,,KF Foods สมุทรสาคร,13.578808299999999,100.2881752,ChIJpTD8ru644jARczh5mrXGb3E,1 หมู่ที่ 4 ซอยบ้านปลายคลองครุ ตำบล นาดี อำเภอเมืองสมุทรสาคร สมุทรสาคร 74000,places,high,,,D066,3,"same coords, same place_id"
พุงแตก,1,,พุงแตก,14.2841428,100.6706189,ChIJ1RSwXXyJHTERT8dEONlnhlo,246 บ้านสร้าง อำเภอบางปะอิน จังหวัดพระนครศรีอยุธยา 13170,places,high,,,,,
ชิมะคิว กระทุ่มแบน,1,,ชิมะคิว กระทุ่มแบน,13.6401182,100.27371219999999,ChIJJTs2-g-_4jAR3uXhl1qr8KY,22711 ซอย 2 ตำบล ดอนไก่ดี อำเภอกระทุ่มแบน สมุทรสาคร 74110,places,medium,,,D245,2,"same coords, same place_id"
เอ็ม เอ็ม พี โฟรเซนฟูดส์,1,บริษัท เอ็ม เอ็ม พี โฟรเซนฟูดส์ จำกัด,,,,,,,,,,,,
PCS สมุทรสาคร,1,,PCS สมุทรสาคร,13.5784168,100.306187,ChIJZb5DVgC54jARmkeHWZJKDgQ,199 172 ถ. พระรามที่ 2 ตำบล นาดี อำเภอเมืองสมุทรสาคร สมุทรสาคร 74000,places,high,,,,,
โชว์โลมาภูเก็ต,1,,โชว์โลมาภูเก็ต,7.8423143,98.3568128,ChIJ33J1DVIuUDARPeLYBVDFRC8,"33 50, ตำบล ฉลอง อำเภอเมืองภูเก็ต ภูเก็ต 83130",places,high,,,,,
"รับคืนเศษหมู , หัวปลา ,เนื้อผิดสเปค มากุโระ Route007",1,,"รับคืนเศษหมู , หัวปลา ,เนื้อผิดสเปค มากุโระ Route007",13.7394673,100.521889,ChIJudvEUwue4jARTtLzDivnIHc,"อาคาร Safebox Office, เลขที่ 1706/26 ถ. พระรามที่ 6 รองเมือง เขตปทุมวัน กรุงเทพมหานคร 10330",places,low,,,D202,7,"same coords, same place_id"
รับคืนเศษหมู มากุโระ Route005,1,,รับคืนเศษหมู มากุโระ Route005,13.7394673,100.521889,ChIJudvEUwue4jARTtLzDivnIHc,"อาคาร Safebox Office, เลขที่ 1706/26 ถ. พระรามที่ 6 รองเมือง เขตปทุมวัน กรุงเทพมหานคร 10330",places,low,,,D202,7,"same coords, same place_id"
รับคืนเศษหมู มากุโระ Route008,1,,รับคืนเศษหมู มากุโระ Route008,13.7394673,100.521889,ChIJudvEUwue4jARTtLzDivnIHc,"อาคาร Safebox Office, เลขที่ 1706/26 ถ. พระรามที่ 6 รองเมือง เขตปทุมวัน กรุงเทพมหานคร 10330",places,low,,,D202,7,"same coords, same place_id"
รับคืนเศษหมู/หัวปลา/เนื้อผิดสเปค (SHA004เอ็มสเฟียร์) มากุโระ Route002,1,,SHA004เอ็มสเฟียร์ รับคืนเศษหมู/หัวปลา/เนื้อผิดสเปค มากุโระ Route002,13.6679143,100.44982139999999,ChIJd-BuZeKj4jARhTIbn6qy_5o,MC9X+5W8 ถ. พระรามที่ 2 แขวงท่าข้าม เขตบางขุนเทียน กรุงเทพมหานคร 10150,places,low,,,D282,2,"same coords, same place_id"
"รับคืนเศษหมู/หัวปลา/เนื้อผิดสเปค (MGR008สยามวัน,MGR013บางแค,) มากุโระ Route003",1,,"MGR008สยามวัน,MGR013บางแค, รับคืนเศษหมู/หัวปลา/เนื้อผิดสเปค มากุโระ Route003",13.7449446,100.5334548,ChIJlbASagqf4jARhVY2qj5uKuk,"Unit SS 4005, 388 ถ. พระรามที่ 1 แขวงปทุมวัน เขตปทุมวัน กรุงเทพมหานคร 10330",places,low,,,D086,5,"same coords, same place_id"
รับคืน เศษหมู/หัวปลา/เนื้อผิดสเปค (SHA019วันแบงค็อก) มากุโระ Route008,1,,SHA019วันแบงค็อก รับคืน เศษหมู/หัวปลา/เนื้อผิดสเปค มากุโระ Route008,13.7449446,100.5334548,ChIJlbASagqf4jARhVY2qj5uKuk,"Unit SS 4005, 388 ถ. พระรามที่ 1 แขวงปทุมวัน เขตปทุมวัน กรุงเทพมหานคร 10330",places,low,,,D086,5,"same coords, same place_id"
"รับคืนเศษหมู/หัวปลา/เนื้อผิดสเปค (เซอร์เคิล,แจ้งวัฒนะ,ฮิโตริ ชิค) มากุโระ Route001",1,,"เซอร์เคิล,แจ้งวัฒนะ,ฮิโตริ ชิค รับคืนเศษหมู/หัวปลา/เนื้อผิดสเปค มากุโระ Route001",13.9041005,100.527884,ChIJW6nsFX2F4jARRcTqG_EuWhc,"99,99/9 ศูนย์การค้าเซ็นทรัล แจ้งวัฒนะ ห้องเลขที่ 105, 105T, 106, 106T ชั้นที่ 1 ม.2 ถ. แจ้งวัฒนะ ตำบล ปากเกร็ด อำเภอปากเกร็ด นนทบุรี 11120",places,low,,,,,
"รับคืนเศษหมู/หัวปลา/เนื้อผิดสเปค (เอสพานาด,ฮิโตริ มาเก็ตเพลส) มากุโระ Route004",1,,"เอสพานาด,ฮิโตริ มาเก็ตเพลส รับคืนเศษหมู/หัวปลา/เนื้อผิดสเปค มากุโระ Route004",13.7663792,100.5695224,ChIJfZ6OPzif4jAR4fn2MugasN8,99 ถ. รัชดาภิเษก แขวงดินแดง เขตดินแดง กรุงเทพมหานคร 10400,places,medium,,,,,
"รับคืนเศษหมู/หัวปลา/เนื้อผิดสเปค (ฮิโตริ มาเช่,ฮิโตริ เอกมัย,ฮิโตริ ประดิษ,ฮิโตริ พรอมานาด) มากุโระ Route005",1,,"ฮิโตริ มาเช่,ฮิโตริ เอกมัย,ฮิโตริ ประดิษ,ฮิโตริ พรอมานาด รับคืนเศษหมู/หัวปลา/เนื้อผิดสเปค มากุโระ Route005",13.726636099999999,100.54635960000002,ChIJidGuJgCf4jAR4gxwxiRoHR4,199 อาคาร เดอะสตอรี่ส์ ห้องเลขที่ 2131 ชั้นที่ 1 ถ. วิทยุ แขวงลุมพินี เขตปทุมวัน กรุงเทพมหานคร 10330,places,low,,,,,
"รับคืนเศษหมู/เนื้อ/หัวปลา (MGP001 เซ็นทรัล ปาร์ค , KWM001 คิวามิยะ เซ็นทรัล ปาร์ค) มากุโระ Route007",1,,"MGP001 เซ็นทรัล ปาร์ค , KWM001 คิวามิยะ เซ็นทรัล ปาร์ค รับคืนเศษหมู/เนื้อ/หัวปลา มากุโระ Route007",13.7280114,100.5376568,ChIJJYVTOwCf4jARUct_DyeOzjo,86 ศูนย์การค้าเซ็นทรัล พาร์ค ห้องเลขที่ 508-508T ชี้นที่ 5 ถ. พระรามที่ 4 สีลม เขตบางรัก กรุงเทพมหานคร 10500,places,low,,,,,
"รับคืนเศษหมู/เนื้อ/หัวปลา (MGR003 ชิค,MGR010 เซ็นทรัล เวิล์ด,MGR014 เนอวานา) Route 002",1,,"MGR003 ชิค,MGR010 เซ็นทรัล เวิล์ด,MGR014 เนอวานา รับคืนเศษหมู/เนื้อ/หัวปลา Route 002",13.746533699999999,100.53914879999999,ChIJ4VX0ws-e4jARBGaQ2IACrcQ,999/9 ถ. พระรามที่ 1 แขวงปทุมวัน เขตปทุมวัน กรุงเทพมหานคร 10330,places,high,,,D077,6,"same coords, DIFFERENT place_id"
รับคืนเศษหมู Route 005,1,,รับคืนเศษหมู Route 005,,,,,not_found,none,,,,,
รับคืนเศษหมู เซ็นทรัลเวิลด์,1,,รับคืนเศษหมู เซ็นทรัลเวิลด์,13.746421000000002,100.5401313,ChIJz0BF2oWf4jARvDsjLrxoa-M,"4, 4/5 ถ. ราชดำริ แขวงปทุมวัน เขตปทุมวัน กรุงเทพมหานคร 10330",places,high,,,,,
รับคืนหัวปลา มากุโระ Route003,1,,รับคืนหัวปลา มากุโระ Route003,13.7259902,100.5470232,ChIJszoDXQCf4jAR6JRIv0Vo8Co,"1877 โครงการ One Bangkok ห้องเลขที่ 1324,OP1302 ชั้นที่ 3 ถ. พระรามที่ 4 แขวงลุมพินี เขตปทุมวัน กรุงเทพมหานคร 10330",places,low,,,D244,5,"same coords, same place_id"
รับคืนเศษหมู Route 007,1,,รับคืนเศษหมู Route 007,14.9468692,102.15505019999999,ChIJc9klBD1NGTER0FPP_wThP2g,995/34 หมู่8 ตำบล หัวทะเล เมือง นครราชสีมา 30000,places,low,,,,,
รับคืนหัวปลา เซ็นทรัลพระราม3,1,,รับคืนหัวปลา เซ็นทรัลพระราม3,13.6979914,100.53743800000001,ChIJwVEDWFqY4jARMEq1xlugpL4,79/3 ถ. สาธุประดิษฐ์ แขวงช่องนนทรี เขตยานนาวา กรุงเทพมหานคร 10120,places,high,,,D175,2,"same coords, same place_id"
เซ็นทรัลปาร์ค,1,,เซ็นทรัลปาร์ค,13.615578099999999,100.7440668,ChIJVWkDXltcHTERDULAIdnypvo,4 42 หมู่ที่ 1 ทางคู่ขนาน ถนนบางนา-ตราด ตำบลบางโฉลง อำเภอบางพลี สมุทรปราการ 10540,places,high,,,,,
รับคืนหัวปลา The Flavorhood,1,,รับคืนหัวปลา The Flavorhood,13.6903656,100.547044,ChIJc-P7Rl-f4jARUCA2OX1cpmM,1059 ถ. พระรามที่ 3 แขวงช่องนนทรี เขตยานนาวา กรุงเทพมหานคร 10120,places,low,,,,,
รับคืนหัวปลา เอสพานาด,1,,รับคืนหัวปลา เอสพานาด,13.765841300000002,100.5693938,ChIJPRm8ouaf4jARkDOUFyebCSI,ชั้น G ห้างเอสพลานาด รัชดา ถ. รัชดาภิเษก แขวงดินแดง เขตดินแดง กรุงเทพมหานคร 10400,places,medium,,,,,
รับคืนหัวปลา ชิค รีพับบลิค ราชพฤกษ์,1,,รับคืนหัวปลา ชิค รีพับบลิค ราชพฤกษ์,13.905233899999999,100.45034009999999,ChIJI1H3s3Ka4jAR_K5IPfLcjgU,6 15 หมู่ที่ 2 ถ. ราชพฤกษ์ ตำบล อ้อมเกร็ด อำเภอปากเกร็ด นนทบุรี 11120,places,high,,,D255,2,"same coords, same place_id"
นิ่มซี่เส็งขนส่ง ตลาดไทย,1,,นิ่มซี่เส็งขนส่ง ตลาดไทย,14.0906633,100.63115669999999,ChIJsy5kTWOAHTERlFTSY8L6Ntk,3JRJ+7F7 ตำบล คลองหนึ่ง อำเภอคลองหลวง ปทุมธานี 12120,places,medium,,,D306,2,"same coords, same place_id"
PACS สระบุรี,1,,PACS สระบุรี,14.3758094,100.85296059999999,ChIJadZohRSTHTERQjR_FQ4B72g,เลขที่ 8/4 ม.6 ต ตำบล หนองปลาหมอ อำเภอหนองแค สระบุรี 18140,places,high,,,,,
PCS (ห้องเย็นแปซิฟิค) (อาคาร 6),1,,ห้องเย็นแปซิฟิค PCS (อาคาร 6),13.5845653,100.29124159999999,ChIJzz6wnnK54jARf8v9vQ0kQog,Unnamed Road H7MR+RFH ตำบล นาดี อำเภอเมืองสมุทรสาคร สมุทรสาคร 74000,places,high,,,D001,10,"same coords, same place_id"
ANT LOGISTIC (ส่งซ่อม),1,,ส่งซ่อม ANT LOGISTIC,13.772436299999999,100.2906539,ChIJSwdAqtCLgiQRQKwQqOfXlM4,148 ม.5 ตำบล บางกระทึก อำเภอสามพราน นครปฐม 73210,places,high,,,D298,2,"same coords, same place_id"
รพ.พระนั่งเกล้า - MTD LAB,1,,รพ.พระนั่งเกล้า - MTD LAB,13.865415299999999,100.4813946,ChIJVbCxG9ea4jARbLbkDKOYIiw,91 ถ. นนทบุรี บางกระสอ อำเภอเมืองนนทบุรี นนทบุรี 11000,places,high,,,,,
บจก.บิลเลี่ยน มินเลี่ยน (D101693),1,,D101693 บจก.บิลเลี่ยน มินเลี่ยน,13.6086992,100.91599959999999,ChIJsYGCtOxBHTERE17cn29AFM4,เลขที่ 555 ตำบล คลองนิยมยาตรา อำเภอบางบ่อ สมุทรปราการ 10560,places,medium,,,D285,2,"same coords, same place_id"
บจก.บิลเลี่ยน มินเลี่ยน (D101650),1,บจก.บิลเลี่ยน มินเลี่ยน (D101693),,,,,,,,,,,,
บจก.บิลเลี่ยน มินเลี่ยน (D101674/D101675),1,,D101674/D101675 บจก.บิลเลี่ยน มินเลี่ยน,13.6086992,100.91599959999999,ChIJsYGCtOxBHTERE17cn29AFM4,เลขที่ 555 ตำบล คลองนิยมยาตรา อำเภอบางบ่อ สมุทรปราการ 10560,places,medium,,,D285,2,"same coords, same place_id"
บจก.บิลเลี่ยน มินเลี่ยน (D101678/D101679/D101680),1,,D101678/D101679/D101680 บจก.บิลเลี่ยน มินเลี่ยน,13.642637299999999,100.43702139999999,ChIJQcGhPiuj4jAROj8af4k4FFQ,36 ซอย ท่าข้าม 28 แขวงแสมดำ เขตบางขุนเทียน กรุงเทพมหานคร 10150,places,medium,,,,,
บจก.บิลเลี่ยน มินเลี่ยน (D101688),1,บจก.บิลเลี่ยน มินเลี่ยน (D101693),,,,,,,,,,,,
ยูนิ - เพรสซิเดนท์ สามพราน,1,,ยูนิ - เพรสซิเดนท์ สามพราน,13.751757,100.08698899999999,ChIJ62b0qtjn4jARWVF6Z9cJpZM,"502 ม.3, ถ.พระประโทน-บ้านแพ้ว, ต.ดอนยายหอม อ.เมืองนครปฐม จ.นครปฐม , 73000 ตำบล ดอนยายหอม อำเภอเมืองนครปฐม นครปฐม 73000",places,high,,,D127,3,"same coords, same place_id"
เอ็มสเฟียร์ (ส่งซ่อม),1,,ส่งซ่อม เอ็มสเฟียร์,13.7322995,100.5662275,ChIJOVGLdfWf4jARwWvk1NHh5EA,628 ถ. สุขุมวิท แขวงคลองตัน เขตคลองเตย กรุงเทพมหานคร 10110,places,high,,,D130,2,"same coords, same place_id"
สยามฟู้ดส์ แอนด์ เบเวอร์เรจส์ ปทุมธานี,1,,สยามฟู้ดส์ แอนด์ เบเวอร์เรจส์ ปทุมธานี,14.0924553,100.6118528,ChIJ7WhDlFh_4jARNooZnbViqLc,"75/92 Moo 11 คลองหนึ่ง, ตำบล คลองหนึ่ง อำเภอคลองหลวง ปทุมธานี 12120",places,high,,,,,
อีสเทิร์นซี,1,,อีสเทิร์นซี,13.061297,100.89261619999999,ChIJZ5b5V765AjER1eW5dlGSIHY,"ท่าเรือพาณิชย์แหลมฉบัง ท่าเทียบเรือตู้สินค้าหมายเลข 3, ถนนสุขุมวิท ตำบลทุ่งสุขลา อำเภอศรีราชา ทุ่งสุขลา ตำบลทุ่งสุขลา อำเภอศรีราชา ชลบุรี 20230",places,high,,,D276,2,"same coords, same place_id"
อาคารมณฑา พระโขนง,1,,อาคารมณฑา พระโขนง,13.7126477,100.5870279,ChIJ9xM33Lyf4jARGyhXyv-VlSU,4366/1-6 ถ. พระรามที่ 4 แขวงพระโขนง เขตคลองเตย กรุงเทพมหานคร 10110,places,high,,,,,
บีไทม์ บิวตี้ เฮ้าส์,1,,บีไทม์ บิวตี้ เฮ้าส์,13.7414919,100.5246549,ChIJe02T7vu_4jARau5_4TZTa-I,188/49 DRAGON TOWN Project ถนน จรัสเมือง แขวงวังใหม่ เขตปทุมวัน กรุงเทพมหานคร 10330,places,high,,,,,
เชียงใหม่โฟรเซ่นฟู้ดส์,1,,เชียงใหม่โฟรเซ่นฟู้ดส์,13.728498,100.52879850000001,ChIJ_4xnWtOY4jARTkhhOH3xMto,"149, 34 ซอย แองโกล พลาซ่า แขวงสุริยวงศ์ เขตบางรัก กรุงเทพมหานคร 10500",places,high,,,,,
คลองเตยกรุงเทพ,1,,คลองเตยกรุงเทพ,13.7158569,100.5689948,ChIJ0z3Wvaef4jARppM9Fx510io,คลองเตย เขตคลองเตย กรุงเทพมหานคร,places,high,,,,,
ริมปิงแอร์พอร์ต เชียงใหม่,1,,ริมปิงแอร์พอร์ต เชียงใหม่,18.7835416,99.0058172,ChIJv7H2lKk62jAR8adbCO22SSg,129 ถ. เชียงใหม่-ลำพูน ตำบลวัดเกต อำเภอเมืองเชียงใหม่ เชียงใหม่ 50000,places,low,,,,,
Cibid Group,1,,Cibid Group,13.547751799999999,100.8122511,ChIJyXkchAhFHTER_5aKXl7zM3k,"189/92 Moo 4 PRO IND Factory, Bangphriang, ตำบล บางเพรียง อำเภอบางบ่อ สมุทรปราการ 10560",places,high,,,,,
GO Wholesale,1,,GO Wholesale,13.6104469,100.6170875,ChIJBxpZ3ZCh4jARGB1DrMrU9r0,5 ตำบล บางเมือง อำเภอเมืองสมุทรปราการ สมุทรปราการ 10270,places,low,,,,,
Central เชียงใหม่,1,Centralเชียงใหม่,,,,,,,,,,,,
คิงเวล,1,,คิงเวล,13.5674609,100.310397,ChIJSSrETa-54jARgzbti3CROvQ,ตำบล โคกขาม อำเภอเมืองสมุทรสาคร สมุทรสาคร 74000,places,high,,,D082,6,"same coords, same place_id"
พระราม 9,1,,พระราม 9,13.757883999999999,100.584571,ChIJg1f0ymee4jARqBJV3da09Gg,หมู่บ้านพระราม 9 แขวงบางกะปิ เขตห้วยขวาง กรุงเทพมหานคร 10310,places,high,,,,,
ไทยกูลิโกะ ปทุมธานี,1,กูลิโกะ ปทุมธานี,,,,,,,,,,,,
KONOIKE (โคโนอิเกะ) (ไม่แจ้งจองล่วงหน้าก่อน 7วัน),1,,โคโนอิเกะ KONOIKE (ไม่แจ้งจองล่วงหน้าก่อน 7วัน),13.5984973,100.7695177,ChIJ0S7FD19cHTERAWZIr2BXxac,335 29 หมู่ ที่ 9 กม .19 ทางคู่ขนาน ถนนบางนา-ตราด ตำบลบางโฉลง อำเภอบางพลี สมุทรปราการ 10540,places,low,,,D026,4,"same coords, same place_id"
3 seasons fruit (ชลบุรี),1,,ชลบุรี 3 seasons fruit,13.1616561,101.2860771,ChIJLYQDteTWAjERm6EnKa6idRw,576P+MC8 ตำบล หนองเสือช้าง อำเภอหนองใหญ่ ชลบุรี 20190,places,high,,,,,
DC Makro Mahachai (แม็คโคมหาชัย),1,DC Makro Mahachai (แมคโครมหาชัย),,,,,,,,,,,,
FISP (ปทุมธานี),1,,ปทุมธานี FISP,14.079918399999999,100.60376420000001,ChIJlV3C5ZN_4jARC-2HENpgiZ0,3JH3+XG6 ตำบล คลองหนึ่ง อำเภอคลองหลวง ปทุมธานี 12120,places,low,,,,,
สุกี้จินดา (สาขาเมืองทอง),1,สุกี้จินดา (เมืองทอง),,,,,,,,,,,,
บิ๊กซี ราชบุรี,1,,บิ๊กซี ราชบุรี,13.550619999999999,99.8233163,ChIJw5kFIw4m4zARV-F0Lx91itw,534 หมู่ที่ 1 ถ. เพชรเกษม ตำบล โคกหม้อ อำเภอเมืองราชบุรี ราชบุรี 70000,places,high,,,D274,2,"same coords, same place_id"
บิ๊กซี บ้านโป่ง,1,บิ๊กซีบ้านโป่ง,,,,,,,,,,,,
ฺBig C ท่าตะโก,1,,ฺBig C ท่าตะโก,15.635436599999997,100.47662749999999,ChIJR2mP0mQu4DARGMuzUgZ2W7E,เลขที่ 989 ตำบล ท่าตะโก อำเภอ ท่าตะโก นครสวรรค์ 60160,places,medium,,,D305,2,"same coords, same place_id"
Big C หนองบัว,1,,Big C หนองบัว,15.866044800000001,100.6074788,ChIJ7fdzbW4g4DARa861S8i0PIk,VJ84+8V9 554 หมู่ 3 ถนนนครสวรรค์–ชัยภูมิ ตำบล หนองกลับ อำเภอ หนองบัว นครสวรรค์ 60110,places,high,,,D304,2,"same coords, same place_id"
บริษัท วินเนอร์ อะโกร อินโนเวชั่น จำกัด (สกลนคร),1,,สกลนคร บริษัท วินเนอร์ อะโกร อินโนเวชั่น จำกัด,17.2790929,104.0729155,ChIJFTeZ9reRPDER2ACndU9ER4c,451 หมู่ 17 บ้านหนองหอย ตำบล เชียงเครือ อำเภอเมืองสกลนคร สกลนคร 47000,places,high,,,,,
บางน้ำผึ้ง (สมุทรปราการ),1,,สมุทรปราการ บางน้ำผึ้ง,13.672886499999999,100.5718086,ChIJYQyZBs2h4jARsJMMRTeSAQQ,ตำบล บางน้ำผึ้ง อำเภอพระประแดง สมุทรปราการ,places,high,,,,,
HAVI Logistics (Pre - cool),1,HAVI Logistics (Pre - Cool),,,,,,,,,,,,
เค.พี.ฟู้ดส์ (ลาดกระบัง),1,,ลาดกระบัง เค.พี.ฟู้ดส์,13.738847999999999,100.8214098,ChIJBUuXNwBpHTERVt7WOZuPJhM,PRQC+GHM ถนน สารีบุตร แขวงทับยาว เขตลาดกระบัง กรุงเทพมหานคร 10520,places,high,,,,,
บริษัท สยามพรีเสิร์ฟฟู้ดส์,1,,บริษัท สยามพรีเสิร์ฟฟู้ดส์,13.6286555,99.83679769999999,ChIJid2fx7nU_DAR2p-a08ZuzMo,148 ม.6 ถ. เพชรเกษม ตำบล เจ็ดเสมียน อำเภอโพธาราม ราชบุรี 70120,places,high,,,,,
ฟู้ดโปรเจ็คสยาม,1,ฟู้ด โปรเจ็คสยาม,,,,,,,,,,,,
ห้องเย็นชัยนาวี,1,,ห้องเย็นชัยนาวี,13.5367584,100.2610244,ChIJHT6RGAq44jARL_h2lPIejkg,1258 ถนน วิเชียรโชฎก ตำบลมหาชัย อำเภอเมืองสมุทรสาคร สมุทรสาคร 74000,places,high,,,D284,2,"same coords, same place_id"
บริษัท ห้องเย็นท่าข้าม จำกัด,1,ห้องเย็นท่าข้าม,,,,,,,,,,,,
NextDay/รักชัย - ไบเทคบางนา,1,,NextDay/รักชัย - ไบเทคบางนา,13.67053,100.60879109999999,ChIJ28sQ5PSh4jARtbzxfkgPmdE,ไบเทคบางนา ถ. สุขุมวิท แขวงบางนาใต้ เขตบางนา กรุงเทพมหานคร 10260,places,medium,,,,,
เอกชัย (มหาชัย สมุทรสาคร),1,,มหาชัย สมุทรสาคร เอกชัย,13.5591387,100.2929107,ChIJqaw59mG54jARO10tLEokwiM,67 534 หมู่ที่ 4 ถ. เอกชัย ตำบลมหาชัย อำเภอเมืองสมุทรสาคร สมุทรสาคร 74000,places,medium,,,,,
ซันซีที เอ็นเกตอร์ไพรส์,1,,ซันซีที เอ็นเกตอร์ไพรส์,13.862191099999999,100.647116,ChIJS2VQqCxlHTERt-nJHN1NTFs,พาทิโอ รามอินทรา เลขที่ 368/64 ถ. วัชรพล ท่าแร้ง เขตบางเขน กรุงเทพมหานคร 10220,places,high,,,,,
ซี เทค อินเตอร์เทด,1,,ซี เทค อินเตอร์เทด,13.5348863,100.6464309,ChIJDQtFO0NYHTERz91gSqBR8Ic,นิคมอุตสาหกรรมบางปู 568 หมู่2 ซอย 1C/1 ตำบล บางปูใหม่ อำเภอเมืองสมุทรปราการ สมุทรปราการ 10280,places,high,,,D210,2,"same coords, same place_id"
เซ็นซัพพลาย เชน,1,,เซ็นซัพพลาย เชน,13.571746699999998,100.7728333,ChIJ2TAQWytbHTER-XQwT_8hmWY,989 ตำบลบางเสาธง อำเภอบางเสาธง สมุทรปราการ 10540,places,high,,,,,
ชวนคิทเช่น,1,,ชวนคิทเช่น,13.915087,100.542609,ChIJ-3nl2YeD4jARWNNBD_L6r0A,"Ban mai, Pak Kret District, Nonthaburi 11120",places,high,,,D240,3,"same coords, same place_id"
ซูชิ เอ็กเพลส,1,,ซูชิ เอ็กเพลส,13.9038246,100.52815609999999,ChIJJbgoJc6F4jARyMTPgpXZajg,"99, Building, 6th Floor, Central Plaza, 99 ถ. แจ้งวัฒนะ ตำบลบางตลาด อำเภอปากเกร็ด นนทบุรี 11120",places,high,,,D009,4,"same coords, DIFFERENT place_id"
อันดามัน สมุทรปราการ (Pre - cool),1,,Pre - cool อันดามัน สมุทรปราการ,13.554202700000001,100.5953443,ChIJEwjnZQun4jARHJNhdeHd2g4,HH3W+M4Q ตำบล ท้ายบ้าน อำเภอเมืองสมุทรปราการ สมุทรปราการ 10280,places,medium,,,D236,2,"same coords, same place_id"
Jebsen & Jessen Ingredients (WH),1,Jebsen & Jessen Ingredients,,,,,,,,,,,,
พาสยาม อินเตอร์เทรด,1,,พาสยาม อินเตอร์เทรด,13.6801911,100.5282835,ChIJIRNn9AKi4jARavoa8RjJFDk,"619,621 623 ถ. พระรามที่ 3 แขวงบางโพงพาง เขตยานนาวา กรุงเทพมหานคร 10120",places,high,,,D221,2,"same coords, same place_id"
เกรทเทสท์ เพ็ทแคร์,1,,เกรทเทสท์ เพ็ทแคร์,14.353880199999999,100.6855478,ChIJ422RWqSe4jARNd_iWBwIL_E,"11, ตำบล สามบัณฑิต อำเภออุทัย จังหวัดพระนครศรีอยุธยา 13210",places,high,,,,,
Sea - Tech Intertrade,1,,Sea - Tech Intertrade,13.672590999999999,100.4435659,ChIJn8Yorbmj4jARM2G4W-7F0Nc,8 ซอยพระรามที่ 2 ซอย 50 แขวงแสมดำ เขตบางขุนเทียน กรุงเทพมหานคร 10150,places,low,,,,,
โรรงานบริการนวัตกรรมอาหารปทุมธานี,1,,โรรงานบริการนวัตกรรมอาหารปทุมธานี,14.044838299999999,100.72070099999999,ChIJ4_5KKOx5HTERd2y5OBGGTS0,35 ตำบล คลองห้า อำเภอคลองหลวง ปทุมธานี 12120,places,high,,,,,
โรงงานแปรูปไข่บ้านนา (นครนายก),1,โรงงานแปรรูปไข่บ้านนา นครนายก,,,,,,,,,,,,
บริษัท โมเดิร์น ฟาร์มา จำกัด,1,โมเดิร์น ฟาร์มา,,,,,,,,,,,,
Crown Cargo,1,,Crown Cargo,13.842065499999999,100.7845385,ChIJM4cVzuVlHTER0p-YyaQEF9Q,RQRM+RRF แขวงทรายกองดินใต้ เขตคลองสามวา กรุงเทพมหานคร 10510,places,high,,,D296,2,"same coords, same place_id"
คอมมอลเวลธ์ คอมเมอร์เชี่ยล,1,,คอมมอลเวลธ์ คอมเมอร์เชี่ยล,13.840171199999999,100.51850460000001,ChIJa8kTGnCb4jARUfOjWFIRX9I,"9 Soi Krungthepnon12 Yaek8, ตำบลบางเขน อำเภอเมืองนนทบุรี นนทบุรี 11000",places,medium,,,,,
รีซากายะไลฟ์ 65 เชฟยุน,1,,รีซากายะไลฟ์ 65 เชฟยุน,13.8019932,100.5651946,ChIJx0cQB2ud4jARFyzBc4ZQEZw,74 ชั้น5 ซอย วิภาวดีรังสิต 20 แยก 5 แขวงจอมพล จตุจักร กรุงเทพมหานคร 10900,places,low,,,,,
ดีพลัส สุขสวัสดิ์ 86,1,,ดีพลัส สุขสวัสดิ์ 86,13.6022486,100.54507850000002,ChIJBdQJqE6h4jARvNkwax1Z3vM,445 ซอย สุขสวัสดิ์ 84 ตำบล ในคลองบางปลากด อำเภอพระสมุทรเจดีย์ สมุทรปราการ 10290,places,high,,,D178,2,"same coords, same place_id"
TFG (ไทยฟู้ดส์ กาญ)),1,TFG (ไทยฟู้ดส์ กาญ),,,,,,,,,,,,
"May Exports (Thailand) Co., Ltd",1,,"Thailand May Exports Co., Ltd",13.7451793,100.5741869,ChIJab1fdUef4jAR5Z-gQaZhAs8,189/18 ซอย ประชัญคดี แขวงคลองตันเหนือ เขตวัฒนา กรุงเทพมหานคร 10110,places,high,,,,,
Mr thonnwat's warehouse,1,,Mr thonnwat's warehouse,14.1001444,100.6131041,ChIJ61bjMW1_4jARKfnRow6dOG8,4J27+365 ตำบล คลองหนึ่ง อำเภอคลองหลวง ปทุมธานี 12120,places,medium,,,,,
LCB B3,1,,LCB B3,13.061297,100.89261619999999,ChIJZ5b5V765AjER1eW5dlGSIHY,"ท่าเรือพาณิชย์แหลมฉบัง ท่าเทียบเรือตู้สินค้าหมายเลข 3, ถนนสุขุมวิท ตำบลทุ่งสุขลา อำเภอศรีราชา ทุ่งสุขลา ตำบลทุ่งสุขลา อำเภอศรีราชา ชลบุรี 20230",places,high,,,D276,2,"same coords, same place_id"
บริษัท แอนท์ โลจิสติกส์ แอนด์ ดิสทริบิวชั่น จำกัด,1,,บริษัท แอนท์ โลจิสติกส์ แอนด์ ดิสทริบิวชั่น จำกัด,13.772436299999999,100.2906539,ChIJSwdAqtCLgiQRQKwQqOfXlM4,148 ม.5 ตำบล บางกระทึก อำเภอสามพราน นครปฐม 73210,places,high,,,D298,2,"same coords, same place_id"
PACJ สุวิทวงศ์ (ย้ายเสาเหล็ก),1,,ย้ายเสาเหล็ก PACJ สุวิทวงศ์,13.8156682,100.8444272,ChIJdfJpPqplHTERGKqSZwdiImo,"18/14,หมู่ที่10 ถนนสุวินทวงศ์,ซอยสุวินทวงศ์38/3 แขวงแสนแสบ เขตมีนบุรี กรุงเทพมหานคร 10510",places,medium,,,,,
MR.Phurinut,1,,MR.Phurinut,,,,,not_found,none,,,,,
Phurinut,1,,Phurinut,6.8044799,99.9787882,ChIJW0cmDQD3TDARVIC3g-bTLIo,137 ตำบล ท่าแพ อำเภอ ท่าแพ สตูล 91150,places,high,,,,,
Phathana,1,,Phathana,15.203014,101.765328,ChIJnTvaP8XDHjER2dcRSkJCVG4,ตำบล ด่านขุนทด อำเภอด่านขุนทด นครราชสีมา 30210,places,low,,,,,
Thairuamsin,1,,Thairuamsin,13.571762699999999,100.272071,ChIJnQIFm4-44jARPQUoBxdeiCs,H7CC+PR4 ตำบล ท่าทราย อำเภอเมืองสมุทรสาคร สมุทรสาคร 74000,places,low,,,,,
Mr.Phurinut,1,MR.Phurinut,,,,,,,,,,,,
Asian,1,,Asian,13.541341,100.23684709999999,ChIJ29Se2NTH4jARlFrBWNcTDvA,"55, 2 ถ. พระรามที่ 2 ตำบล ท่าจีน Muang, สมุทรสาคร 74000",places,low,,,D191,3,"same coords, same place_id"
บริษัทคาร์กิลล์มีทส์ (โคราช),1,คาร์กิลล์มีทส์ โคราช,,,,,,,,,,,,
สวนลุงหมง,1,,สวนลุงหมง,14.1082992,100.3183294,ChIJESvir8dh4jARTKD_KZDx9fQ,39 28 ตำบล ราษฎร์นิยม อำเภอไทรน้อย นนทบุรี 11150,places,high,,,,,
LSG สนามบินสุวรรณภูมิ,1,สนามบินสุวรรณภูมิ,,,,,,,,,,,,
NextDay/โตไก แคเทอริ่ง กรุงเทพกรีฑา,1,,NextDay/โตไก แคเทอริ่ง กรุงเทพกรีฑา,13.743715199999999,100.6728717,ChIJuZIVWQBhHTERncgs8QFMR08,99/1192 ถ. กรุงเทพกรีฑา แขวงสะพานสูง สะพานสูง กรุงเทพมหานคร 10250,places,high,,,,,
NextDay/โชคสมุทร - จริงใจหมูกะทะ,1,NextDay/โชคสมุทร - จริงใจหมูกระทะ,,,,,,,,,,,,
โปลิฟาร์ม,1,,โปลิฟาร์ม,13.623802800000002,100.71831759999999,ChIJ9ynzwWdeHTERu2d2Cq-oL10,109 หมู่12 ทางคู่ขนาน ถนนบางนา-ตราด ตำบล บางพลีใหญ่ อำเภอบางพลี สมุทรปราการ 10540,places,high,,,,,
TIPCO F&B วังน้อย,1,,TIPCO F&B วังน้อย,14.303198199999999,100.8151786,ChIJG6NI7vCRHTERSznSgPWwre0,8R38+73F ตำบล สนับทึบ อำเภอวังน้อย จังหวัดพระนครศรีอยุธยา 13170,places,high,,,D277,2,"same coords, same place_id"
ศูนย์วัดกู้ (นนทบุรี),1,,นนทบุรี ศูนย์วัดกู้,13.9296031,100.5091188,ChIJy6TSxGeE4jARU-UdGUNYJzs,WGH5+RJX ซอย คนรวย ตำบลบางพูด อำเภอปากเกร็ด นนทบุรี 11120,places,high,,,,,
ศูนย์ประจวบคิริขันธ์,1,,ศูนย์ประจวบคิริขันธ์,11.810040599999999,99.7895369,ChIJCSJxT3WE_jARzqujTesq1bc,RQ6Q+2R7 ประจวบคีรีขันธ์ อำเภอเมืองประจวบคีรีขันธ์ ประจวบคีรีขันธ์ 77000,places,medium,,,,,
DC ลำลูกกา,1,,DC ลำลูกกา,13.977191999999999,100.7407233,ChIJ11zn6Ax5HTER7qzGhaqgwj0,ทางหลวงชนบท ปทุมธานี 3004 ตำบล บึงคำพร้อย อำเภอลำลูกกา ปทุมธานี 12150,places,high,,,D232,3,"same coords, same place_id"
ส่งเอกสาร PCS เอกสาร 11 หน้า,1,,ส่งเอกสาร PCS เอกสาร 11 หน้า,13.798352999999999,100.5884303,ChIJpf4zAj-c4jAR4PGH2Xl89RQ,1737 11 ซอย ลาดพร้าว 45 แขวงสามเสนนอก เขตห้วยขวาง กรุงเทพมหานคร 10310,places,medium,,,,,
ขนเศษหมู/เศษเนื้อ/หัวปลา มากุโระ,1,ขนเศษหมู/เศษเนื้อ/หัวปลาฯ มากุโระ,,,,,,,,,,,,
NP food (บ้านบ่อ),1,,บ้านบ่อ NP food,13.4754941,101.05393409999999,ChIJ_yuMvLM3HTERGMs6ipl2aQs,F3G3+5HV ตำบล บางนาง อำเภอพานทอง ชลบุรี 20160,places,low,,,,,
โทโดเครุ,1,,โทโดเครุ,13.754869,100.57348640000001,ChIJCw4G64Wf4jARybmoFdHYrjg,246/1-8 อาคารเอส โครงการรอยัลซิตี้อเวนิว ถ. พระราม 9 แขวงห้วยขวาง เขตห้วยขวาง กรุงเทพมหานคร 10310,places,high,,,D147,4,"same coords, same place_id"
Genki Sushi Central World,1,,Genki Sushi Central World,13.746533699999999,100.53914879999999,ChIJgcoyOQCf4jAR08A3HY41z1M,"CentralWorld, floor5, 999/9 ถ. พระรามที่ 1 แขวงปทุมวัน เขตปทุมวัน กรุงเทพมหานคร 10330",places,high,,,D077,6,"same coords, DIFFERENT place_id"
Paleo Robbie,1,,Paleo Robbie,13.7307993,100.6000079,ChIJ5ymc81Ge4jAR4HxuiKz1hkg,364 ซอย ปรีดี พนมยงค์ 42 แขวงคลองตันเหนือ เขตวัฒนา กรุงเทพมหานคร 10110,places,high,,,,,
มัลติเทค ฟู้ด แมนูแฟคเจอริ่ง (นิคมบางปู),1,,นิคมบางปู มัลติเทค ฟู้ด แมนูแฟคเจอริ่ง,13.5489471,100.68422000000001,ChIJGZwbb3RZHTERzJS6Dieg8i8,789 หมู่ 2 นิคมอุตสาหกรรมบางปูเหนือ ตำบล แพรกษาใหม่ อำเภอเมืองสมุทรปราการ สมุทรปราการ 10280,places,high,,,,,
บ.ที.เอ.ซี. TACC (บ้านบึง ชลบุรี),1,,บ้านบึง ชลบุรี บ.ที.เอ.ซี. TACC,13.346411199999999,101.11908439999999,ChIJS61QLQAzHTERZ_kSx7KPcSg,"99/112, 99/114, 99/118 ตำบล หนองบอนแดง อำเภอบ้านบึง ชลบุรี 20170",places,low,,,,,
Linfox บางบ่อ (Linfox AIES),1,,Linfox AIES Linfox บางบ่อ,13.6601378,100.8994189,ChIJjZxPZQBBHTERfcPE2oP84uc,Asia Industrial Estate (Suvarnabhumi ตำบล คลองสวน อำเภอบางบ่อ สมุทรปราการ 10560,places,high,,,D287,2,"same coords, same place_id"
ซีเอสพี ฟูดส์ ซัพพลาย (D FARM FOOD),1,,D FARM FOOD ซีเอสพี ฟูดส์ ซัพพลาย,13.844553999999999,100.1113065,ChIJOXKdj1_v4jARjKAkdIuaZXo,19 ม.6 ตำบล สามควายเผือก อำเภอเมืองนครปฐม นครปฐม 73000,places,medium,,,D297,2,"same coords, same place_id"
ห้องเย็นปิติท้ายบ้าน,1,,ห้องเย็นปิติท้ายบ้าน,13.558968000000002,100.590682,ChIJS5h1KTin4jARvgSh4BBiY7I,หมู่ที่ 4 333 333/1 ถ. ท้ายบ้าน ตำบล ท้ายบ้าน อำเภอเมือง สมุทรปราการ 10280,places,high,,,D263,2,"same coords, same place_id"
บริษัท คุริโตะ ฟูดส์ จำกัด,1,,บริษัท คุริโตะ ฟูดส์ จำกัด,13.6568315,100.3946023,ChIJ8dIjIAC94jAR-cpxIPRrm-Y,M94V+PRQ แขวงบางบอนเหนือ เขตบางบอน กรุงเทพมหานคร 10150,places,high,,,D227,3,"same coords, same place_id"
เจ๊ออมตลาดเมืองทอง,1,,เจ๊ออมตลาดเมืองทอง,17.389061299999998,102.818348,ChIJ_cvxnkp3IzERBMuyixFlP8c,210 24 หมู่14 ซอยบ้านเก่าจาน ตำบลหมากแข้ง เมือง อุดรธานี 41000,places,high,,,,,
สีลมคอมเพล็กซ์,1,สีลม คอมเพล็กซ์ (SCP),,,,,,,,,,,,
เซ้าอีส เอเชี่ยน (บางปู),1,,บางปู เซ้าอีส เอเชี่ยน,13.5367454,100.6543152,ChIJ0WnxAlBYHTERxlqRiynr7No,30 ซอย 3 บี ตำบล บางปูใหม่ อำเภอเมืองสมุทรปราการ สมุทรปราการ 10280,places,high,,,,,
ไทยเดลม่าร์,1,ไทยเดลม่า,,,,,,,,,,,,
สยามฟู้ด,1,,สยามฟู้ด,13.756307699999999,100.29485179999999,ChIJP-abBvCU4jARh7sEWxxifQI,ตำบล ไร่ขิง อำเภอสามพราน นครปฐม 73210,places,high,,,,,
เอล กาโซ่,1,,เอล กาโซ่,13.730661699999999,100.581687,ChIJAVEPwKyf4jAR34XmLbIQks4,"88 1 ถ. ทองหล่อ Thonglor Klongton Nua, Klongton Nua, กรุงเทพมหานคร 10110",places,high,,,,,
เซกิ,1,,เซกิ,13.805458699999999,100.4490659,ChIJdSwqSZmb4jARhJywAndJHbI,G Floor เซ็นทรัลเวสต์วิลล์ ถ. ราชพฤกษ์ ตำบล มหาสวัสดิ์ อำเภอบางกรวย นนทบุรี 11130,places,low,,,,,
ทาซี,1,,ทาซี,13.531382899999999,100.2871462,ChIJ2wYCW-q54jARfuADS1oaTgI,87 บางหญ้าแพรก 5 ม.7 ตำบล บางหญ้าแพรก อำเภอเมืองสมุทรสาคร สมุทรสาคร 74000,places,medium,,,,,
พระราม2 ซอย44,1,,พระราม2 ซอย44,13.6791632,100.4495499,ChIJOWDZL-ij4jAR4ohUTE6yb2g,MCHX+MR7 แขวงจอมทอง เขตจอมทอง กรุงเทพมหานคร 10150,places,high,,,,,
Arigato Japanses,1,,Arigato Japanses,13.7393966,100.4277561,ChIJ9XrDzrGX4jARznGLpdQPjJo,ถนน พุทธมณฑลสาย 1 แขวง บางหว้า เขตภาษีเจริญ กรุงเทพมหานคร 10160,places,high,,,,,
บจก. ฮั่วเซ่งเฮง นครปฐม,1,ฮั่วเซ่งฮง นครปฐม,,,,,,,,,,,,
ซ.เพชรเกษม81,1,,ซ.เพชรเกษม81,13.686997799999999,100.34327049999999,ChIJa9G5YAS_4jARSuB9_U8Amwg,87/2 ซอย เพชรเกษม 81 แขวงหนองแขม เขตหนองแขม กรุงเทพมหานคร 10160,places,high,,,,,
ฟู้ดแพชชั่นนวนคร,1,,ฟู้ดแพชชั่นนวนคร,14.120367,100.5925171,ChIJL23k7RV_4jARyGx-EeFH08M,ตำบล คลองหนึ่ง อำเภอคลองหลวง ปทุมธานี 12120,places,low,,,,,
ฟู้ดโนเวชั่น,1,,ฟู้ดโนเวชั่น,13.963690699999999,100.44201939999999,ChIJrwcOqfWF4jARX5sAqJV9DIw,75/20-21 K17 18 คลองเกลือ ตำบล คลองข่อย อำเภอปากเกร็ด นนทบุรี 11120,places,high,,,D307,2,"same coords, same place_id"
คลังฮาวี่,1,,คลังฮาวี่,13.5709863,100.7744519,ChIJlXeFDVVDHTER8ANMemLr_Ag,989 ตำบลบางเสาธง อำเภอบางเสาธง สมุทรปราการ 10570,places,high,,,D020,7,"same coords, same place_id"
เจ๊บเซ่น Warehouse,1,,เจ๊บเซ่น Warehouse,13.7341251,100.708992,ChIJ-YNgkWFhHTERPAyQ0XykCCM,PPM5+MH5 ถ. พัฒนาชนบท 3 แขวงคลองสองต้นนุ่น เขตลาดกระบัง กรุงเทพมหานคร 10520,places,medium,,,,,
แฟนซีเวิลด์ (สุพรรณบุรี),1,,สุพรรณบุรี แฟนซีเวิลด์,14.512194,100.09526029999999,ChIJzVzEsOk54jAR9O_iwV04c5Q,G36W+V4C ตำบล บ้านโพธิ์ อำเภอเมืองสุพรรณบุรี สุพรรณบุรี 72000,places,high,,,,,
CTD วังน้อย อยุธยา,1,CTDวังน้อย อยุธยา,,,,,,,,,,,,
โรงงานแปรูปไข่บ้านนา นครนายก,1,โรงงานแปรรูปไข่บ้านนา นครนายก,,,,,,,,,,,,
TS food samutprakarn,1,,TS food samutprakarn,13.6538738,100.5703252,ChIJlSTjYACh4jARCw6ZA_tvsGE,ตำบล สำโรงกลาง อำเภอพระประแดง สมุทรปราการ 10130,places,high,,,,,
CDC Wang noi,1,,CDC Wang noi,14.2260993,100.7057462,ChIJ-SGURNaHHTERGCRoKYDE2Gc,"245,245/2-3 ตำบล ลำไทร อำเภอวังน้อย จังหวัดพระนครศรีอยุธยา 13170",places,medium,,,D015,2,"same coords, same place_id"
ธัญบุรี,1,,ธัญบุรี,13.9924389,100.6534443,ChIJqVfOzmJ4HTERkFEMRTeSAQM,อำเภอธัญบุรี ปทุมธานี,places,high,,,,,
บริษัท ไทย คอนเน็คทิวิตี เทอมินอล (ท่าเรือท่าปูน),1,,ท่าเรือท่าปูน บริษัท ไทย คอนเน็คทิวิตี เทอมินอล,13.6517076,100.55557429999999,ChIJMROmUPqh4jAR9XCuf4nfpRE,"98 Moo 3 Poochaosamingprai Rd Samrongklang, ตำบล สำโรงกลาง อำเภอพระประแดง สมุทรปราการ 10130",places,high,,,,,
Pataya Food Industries,1,,Pataya Food Industries,13.572320699999999,100.27102719999999,ChIJ5byu8G644jARMjECqgoPZi0,90 6 ถนน เศรษฐกิจ 1 ตำบล ท่าทราย อำเภอเมืองสมุทรสาคร สมุทรสาคร 74000,places,low,,,,,
DSV TH (ร่มเกล้า),1,,ร่มเกล้า DSV TH,13.731309999999999,100.72945999999999,ChIJg8XqZtpnHTERgltkKiv7Xog,"41, 6 ถนน ร่มเกล้า 1 แขวงคลองสองต้นนุ่น Latkrabang, กรุงเทพมหานคร 10520",places,high,,,,,
ไอทีฟู้ด (สมุทรสาคร) (Pre - Cool),1,,สมุทรสาคร ไอทีฟู้ด (Pre - Cool),13.5445759,100.2172331,ChIJa9ptBbXH4jAR9QhdOwF0z7I,39/108 หมู่ที่ 2 ตำบลบางกระเจ้า อำเภอเมืองสมุทรสาคร สมุทรสาคร 74000,places,high,,,,,
แพนฟู้ด (อุดรธานี),1,,อุดรธานี แพนฟู้ด,17.4257951,102.77653579999999,ChIJ4Qtgqz6dIzERNHTJ1sXqCwQ,392/23 ซอย สุดใจ 5 ตำบล บ้านเลื่อม อำเภอเมืองอุดรธานี อุดรธานี 41000,places,medium,,,,,
TUF โรงกุ้ง - โอคินอส,1,,TUF โรงกุ้ง - โอคินอส,13.570111299999999,100.2989623,ChIJz79Nevu44jARealzzY_bheY,"85, 85/2, 30/2, 42/1 ตำบล นาดี อำเภอเมืองสมุทรสาคร สมุทรสาคร 74000",places,high,,,D019,6,"same coords, same place_id"
โรงกุ้ง - โอคินอสฟู้ด (OKF),1,,OKF โรงกุ้ง - โอคินอสฟู้ด,13.570111299999999,100.2989623,ChIJz79Nevu44jARealzzY_bheY,"85, 85/2, 30/2, 42/1 ตำบล นาดี อำเภอเมืองสมุทรสาคร สมุทรสาคร 74000",places,high,,,D019,6,"same coords, same place_id"
เซ็นทรัลพระราม2,1,,เซ็นทรัลพระราม2,13.6634845,100.43752339999999,ChIJC2b3YzO94jAR2am2clljFiQ,160 ถ. พระรามที่ 2 แขวงแสมดำ เขตบางขุนเทียน กรุงเทพมหานคร 10150,places,high,,,,,
เซ็นทรัลอีสวิลล์,1,,เซ็นทรัลอีสวิลล์,13.8029718,100.61431979999999,ChIJEYjIj4ud4jAR97rLgzl0Tmk,ศูนย์การค้าเซนทรัลอีสวิลล์ ถ. ประดิษฐ์มนูธรรม แขวงลาดพร้าว ลาดพร้าว กรุงเทพมหานคร 10230,places,high,,,,,
บริษัท ที เอ็น ดี ฟู้ดส์ อินดัสตรีย์ จำกัด,1,,บริษัท ที เอ็น ดี ฟู้ดส์ อินดัสตรีย์ จำกัด,13.080483599999999,100.9005901,ChIJx7bqnx-6AjER7XihvThDO7I,229 หมู่ 3 ถนนสุขุมวิท ตำบลทุ่งสุขลา อำเภอศรีราชา ชลบุรี 20230,places,high,,,D154,2,"same coords, same place_id"
PACK (บางนา กม.19) (งานเฮียจิตชัย),1,,บางนา กม.19 PACK (งานเฮียจิตชัย),13.651520000000001,100.6824127,ChIJ0fJlzDxfHTERIIp-oyx8tps,28/12 ซ. บางนา - ตราด 53 ตำบล บางแก้ว อำเภอบางพลี สมุทรปราการ 10540,places,low,,,,,
PCS (ห้องเย็นแปซิฟิค) (ส่งซ่อมคลัง),1,,ห้องเย็นแปซิฟิค PCS (ส่งซ่อมคลัง),13.5845653,100.29124159999999,ChIJzz6wnnK54jARf8v9vQ0kQog,Unnamed Road H7MR+RFH ตำบล นาดี อำเภอเมืองสมุทรสาคร สมุทรสาคร 74000,places,high,,,D001,10,"same coords, same place_id"
DC Makro Wang Noi (Pre - cool),1,,Pre - cool DC Makro Wang Noi,14.178825199999999,100.6490192,ChIJFz0Wb_KHHTER72_9T4QoY6U,155 ตำบล พยอม อำเภอวังน้อย จังหวัดพระนครศรีอยุธยา 13170,places,medium,,,D249,2,"same coords, same place_id"
ไอ - เทล คอร์ปอเรชั่น,1,,ไอ - เทล คอร์ปอเรชั่น,13.5694942,100.27786619999999,ChIJJZzr82G54jAREj9hdBwXQdI,30 24 ตำบล ท่าทราย อำเภอเมืองสมุทรสาคร สมุทรสาคร 74000,places,high,,,D028,2,"same coords, same place_id"
GMC MARINE,1,,GMC MARINE,13.5599869,100.3030861,ChIJT6crRwC54jARoEyISUyd53U,40 ซอยสินชัย ตำบล โคกขาม อำเภอเมืองสมุทรสาคร สมุทรสาคร 74000,places,high,,,D280,2,"same coords, same place_id"
เซ็นทรัล รามอินทรา (CRI) - เซ็นทรัล แจ้งวัฒนะ (CCW) - เซ็นทรัล เวสเกต (WG),1,,CRI เซ็นทรัล รามอินทรา - เซ็นทรัล แจ้งวัฒนะ (CCW) - เซ็นทรัล เวสเกต (WG),13.8719433,100.60167829999999,ChIJMU0qiLSC4jARlkcUKOkqWUY,109 10 หมู่ที่ 3 ถ. รามอินทรา แขวง บางเขน เขตบางเขน กรุงเทพมหานคร 10220,places,high,,,D060,2,"same coords, same place_id"
เทอมินอล พระราม3 (TR3) - ฟิวเจอร์พาร์ค รังสิต (FP) - อยุธยาวิตี้พาร์ค (ACP),1,,TR3 เทอมินอล พระราม3 - ฟิวเจอร์พาร์ค รังสิต (FP) - อยุธยาวิตี้พาร์ค (ACP),13.6895305,100.5059357,ChIJGRzQ52Sj4jARbBtNZ_DgFWg,356 ถ. พระรามที่ 3 แขวงบางโคล่ เขตบางคอแหลม กรุงเทพมหานคร 10120,places,medium,,,D036,2,"same coords, same place_id"
เซ็นทรัล ศาลายา (CSY) - ซีคอน บางแค (SBK) - เดอะมอล ท่าพระ (TTP) - เมกกะ (MB),1,,CSY เซ็นทรัล ศาลายา - ซีคอน บางแค (SBK) - เดอะมอล ท่าพระ (TTP) - เมกกะ (MB),13.787275999999999,100.276331,ChIJwVOzOqGU4jARLGBjcwdsB1U,99 21 ตำบล บางเตย อำเภอสามพราน นครปฐม 73210,places,high,,,D049,2,"same coords, same place_id"
เอสพานาด (EPR) - เทอมินอล21 (T21) - สีลม (SCP) - โลตัส พระราม4 (LR4),1,,EPR เอสพานาด - เทอมินอล21 (T21) - สีลม (SCP) - โลตัส พระราม4 (LR4),13.7174979,100.568332,ChIJ3z_iyg6f4jAR8WBhunprGt0,3300 ถ. พระรามที่ 4 แขวงพระโขนง เขตคลองเตย กรุงเทพมหานคร 10110,places,medium,,,,,
เซ็นทรัล ชลบุรี (CCB) - เทอมินอล พัทยา (TPY) - สยามพรีเมี่ยม (SPO),1,,CCB เซ็นทรัล ชลบุรี - เทอมินอล พัทยา (TPY) - สยามพรีเมี่ยม (SPO),13.337248899999999,100.96952929999999,ChIJHRZFgppKHTERiZn-u52F1Qs,"55/88-89, 55, 91, ถ. สุขุมวิท ตำบล เสม็ด อำเภอเมืองชลบุรี ชลบุรี 20000",places,high,,,D057,4,"same coords, same place_id"
โลตัส สุขาภิบาล 3 (LS3) - ซีคอน สแควร์ (SS) - เมกกะ (MB) - โลตัส บางบ่อ (LBB),1,,LS3 โลตัส สุขาภิบาล 3 - ซีคอน สแควร์ (SS) - เมกกะ (MB) - โลตัส บางบ่อ (LBB),13.8067835,100.7250887,ChIJKX7j7XNkHTERiemVW0H9C9c,"101, 101/1 ถ. รามคำแหง แขวงมีนบุรี เขตมีนบุรี กรุงเทพมหานคร 10510",places,high,,,D051,2,"same coords, same place_id"
CPF บางน้ำเปรี้ยว (Pre - Cool) อ้างอิงเรทน้ำมันวันที่21/09/26),1,,Pre - Cool CPF บางน้ำเปรี้ยว อ้างอิงเรทน้ำมันวันที่21/09/26),13.7984082,100.9401053,ChIJ8-6v6_lsHTER23edfa1ozUA,59 1 ตำบล คลองหลวงแพ่ง อำเภอเมืองฉะเชิงเทรา ฉะเชิงเทรา 24000 ประเทศไทย,geocoding,low,,,,,
เซ็นทรัล ระยอง (CRY) - Passion ระยอง (PRY),1,,CRY เซ็นทรัล ระยอง - Passion ระยอง (PRY),12.695484800000001,101.2684153,ChIJXdHBFmT8AjERVjfJ0H9955E,99 99/1 ถ. ชายกระป่อม ตำบลเชิงเนิน อำเภอเมืองระยอง ระยอง 21000,places,high,,,D098,2,"same coords, same place_id"
PACK (บางนา กม.19) / ลูกค้ายกเลิก,1,,บางนา กม.19 PACK / ลูกค้ายกเลิก,13.607418299999999,100.7687198,ChIJmzS98JJcHTER2LnePQ7ObJo,7 ทางคู่ขนาน ถนนบางนา-ตราด ตำบลบางโฉลง อำเภอบางพลี สมุทรปราการ 10540,places,medium,,,D010,2,"same coords, same place_id"
บริษัท เอ.ดี.ฟู้ด จำกัด,1,,บริษัท เอ.ดี.ฟู้ด จำกัด,13.9831131,100.63601129999999,ChIJh2NMlC6Z4jARCJnnHfuugVA,บริษัท เอ.ดี.ฟู้ด จำกัด 42 ซอย รังสิต-นครนายก 32 ประชาธิปัตย์ อำเภอธัญบุรี ปทุมธานี 12130,places,high,,,,,
Organic,1,,Organic,13.7265012,100.57506479999999,ChIJVS9uo8af4jARho5-aUHLYyE,"762/9-762/11, Sukhumvit Road Khlong Tan Sub-District แขวงคลองตัน เขตคลองเตย กรุงเทพมหานคร 10110",places,high,,,,,
บริษัท โมเดิร์นฟาร์มา,1,โมเดิร์น ฟาร์มา,,,,,,,,,,,,
Betagro ลพบุรี (ส่งซ่อมงานคลัง),1,,ส่งซ่อมงานคลัง Betagro ลพบุรี,14.808986500000001,100.90722919999999,ChIJPYgdagALHjERcEKFFZ-Rr2g,RW54+HVX ตำบล ช่องสาริกา อำเภอพัฒนานิคม ลพบุรี 15220,places,medium,,,,,
ยูเอฟเอ็ม ฟูจิ39,1,,ยูเอฟเอ็ม ฟูจิ39,13.742275,100.57213709999999,ChIJs9sY1fie4jARKZRDmJSfm0A,"79/79, 79/80, 79/97 พร้อมพงษ์ 79/109 ซ. สุขุมวิท 39 แขวงคลองตันเหนือ เขตวัฒนา กรุงเทพมหานคร 10110",places,high,,,D131,5,"same coords, same place_id"
เชสเตอร์ฟู้ด ตะหลิว รังสิต,1,เชสเตอร์ฟู้ด ตะหลิว โลตัส รังสิต,,,,,,,,,,,,
บริษัท มหาชัยฟู้ดส์ จำกัด,1,,บริษัท มหาชัยฟู้ดส์ จำกัด,13.5662182,100.25924649999999,ChIJ8QFxUn644jARRFWpySz7m6M,"71/11 หมู่ 6 เศรษฐกิจ, ต ตำบล ท่าทราย อำเภอเมืองสมุทรสาคร สมุทรสาคร 74000",places,high,,,,,
พันล้านสมุทรกระทุ่มแบน (Ms.Rutima),1,,Ms.Rutima พันล้านสมุทรกระทุ่มแบน,13.652494500000001,100.2752974,ChIJP_SYYE654jARfncWKYfnA2E,310 11-13 ถนน เศรษฐกิจ 1 คลองมะเดื่อ อำเภอกระทุ่มแบน สมุทรสาคร 74110,places,high,,,,,
คิงส์สเตลล่า (สมุทรปราการ),1,,สมุทรปราการ คิงส์สเตลล่า,13.6056431,100.9220744,ChIJU3NKLEtCHTERXB_inX14NOw,"98 อำเภ, ตำบล คลองนิยมยาตรา อำเภอบางบ่อ สมุทรปราการ 10560",places,high,,,D289,2,"same coords, same place_id"
ปิติเซ็นเตอร์ห้องเย็น,1,,ปิติเซ็นเตอร์ห้องเย็น,14.201818699999999,100.66074499999999,ChIJUyXk6hOHHTERGJWTAM2OfMc,9/9-10 ตำบล ลำไทร อำเภอวังน้อย จังหวัดพระนครศรีอยุธยา 13170,places,high,,,D292,2,"same coords, same place_id"
PCS (ห้องเย็นแปซิฟิค) (พาเลทเปล่า80ตัว),1,,ห้องเย็นแปซิฟิค PCS (พาเลทเปล่า80ตัว),13.5845653,100.29124159999999,ChIJzz6wnnK54jARf8v9vQ0kQog,Unnamed Road H7MR+RFH ตำบล นาดี อำเภอเมืองสมุทรสาคร สมุทรสาคร 74000,places,high,,,D001,10,"same coords, same place_id"
ศูนย์กระจายสินค้า วิลล่ามาร์เก็ต ลาดกระบัง,1,,ศูนย์กระจายสินค้า วิลล่ามาร์เก็ต ลาดกระบัง,13.707926599999999,100.8241383,ChIJ5fOb9EJoHTERUxJ6-hVA6iA,PR5F+5MC ถ. หลวงแพ่ง แขวงทับยาว เขตลาดกระบัง กรุงเทพมหานคร 10520,places,high,,,,,
บริษัทพรีเวนทีฟไลฟ์จำกัด ปทุมธานี,1,,บริษัทพรีเวนทีฟไลฟ์จำกัด ปทุมธานี,13.9953135,100.7529909,ChIJBTm86QB5HTERDZRm9bRudDc,บริษัทพรีเวนทีฟไลฟ์จำกัด ตำบล บึงคำพร้อย อำเภอลำลูกกา ปทุมธานี 12150,places,high,,,,,
นิ่มซี่เส็งขนส่ง (สาขาตลาดไทย),1,นิ่มซี่เส็งขนส่ง ตลาดไทย,,,,,,,,,,,,
ยูเอฟเอ็ม ฟูจิ 39,1,ยูเอฟเอ็ม ฟูจิ39,,,,,,,,,,,,
SIAM CTNR LKB,1,Siam CTNR LKB,,,,,,,,,,,,
แอ็คเทียส,1,,แอ็คเทียส,13.6813139,100.6240816,ChIJ0VIIgruZ4jARGYA08XVW9o4,"18, 8 ซอย อุดมสุข 31 แขวงบางจาก เขตพระโขนง กรุงเทพมหานคร 10260",places,high,,,,,
ICD ลาดกระบัง,1,,ICD ลาดกระบัง,13.741135,100.7620529,ChIJ029WkVdnHTER-Fz8kxSd9do,33/4 ซอย ไอซีดี แขวงคลองสามประเวศ เขตลาดกระบัง กรุงเทพมหานคร 10520,places,high,,,D021,3,"same coords, same place_id"
food gallery,1,,food gallery,13.8101202,100.5978774,ChIJyzcLK46d4jARf338L5KYeGw,396 ถ. โชคชัย 4 แขวงลาดพร้าว ลาดพร้าว กรุงเทพมหานคร 10230,places,high,,,,,
โมเดิร์นฟาร์มา,1,โมเดิร์น ฟาร์มา,,,,,,,,,,,,
Prime Food Service Chonburi,1,,Prime Food Service Chonburi,12.9291244,100.9224643,ChIJy40j9JCVAjERW3pfOI10JkY,"82, 49 M6 Soi Neunplabwan, เมืองพัทยา อำเภอบางละมุง ชลบุรี 20150",places,high,,,,,
Surapon Nichirei Foods (กบินทร์บุรี),1,,กบินทร์บุรี Surapon Nichirei Foods,14.0758414,101.8269237,ChIJrzI5DI5jHDERf5rqYR7p2QM,3RGG+8QM ตำบลหนองกี่ อำเภอกบินทร์บุรี ปราจีนบุรี 25110,places,high,,,,,
WIN WIN CONTAINER DEPOT (LCB),1,,LCB WIN WIN CONTAINER DEPOT,13.7339743,100.77918360000001,ChIJScv6lTdmHTER6u2Mu0ddG8E,48 ถ. คุ้มเกล้า แขวงลำปลาทิว เขตลาดกระบัง กรุงเทพมหานคร 10520,places,low,,,D302,2,"same coords, same place_id"
Station1,1,,Station1,13.713029800000001,100.5141677,ChIJbwSCZ8eY4jARa4xIVNKxmZU,แขวงยานนาวา เขตสาทร กรุงเทพมหานคร 10120 ประเทศไทย,places,high,,,,,
Station2,1,,Station2,10.6501947,98.86388230000001,ChIJq4qsAjCj-DARaE2TTL5-BQg,116 ตำบล จ.ป.ร. อำเภอ กระบุรี ระนอง 85110,places,high,,,,,
Station3,1,,Station3,6.1725458,101.7017238,ChIJT_Ee48xztDERoYudXUN5evk,5PF2+2M9 ตำบล ดุซงญอ อำเภอ จะแนะ นราธิวาส 96220,places,high,,,,,
บริษัท แอดวานซ์ มีท จำกัด ปทุมธานี,1,,บริษัท แอดวานซ์ มีท จำกัด ปทุมธานี,14.1071949,100.6345199,ChIJBQU15QiAHTERvwqmAjJMaJs,ซอย ไอยรา 5/5 ตำบล คลองสอง อำเภอคลองหลวง ปทุมธานี 12120,places,high,,,,,
(351 - 400),1,,351 - 400,,,,,not_found,none,,,,,
(451 - 500),1,,451 - 500,,,,,not_found,none,,,,,
G FORTUNE 2,1,,G FORTUNE 2,13.692972999999999,100.72553459999999,ChIJz1ek90RnHTERixF_NfdFZJo,108 หมู่ 14 ซอย กิ่งแก้ว 33 ตำบลราชาเทวะ อำเภอบางพลี สมุทรปราการ 10540,places,high,,,D046,6,"same coords, same place_id"
ไทย โอเชี่ยน เวนเจอร์ อัตตรา,1,,ไทย โอเชี่ยน เวนเจอร์ อัตตรา,7.8754893,98.41444369999999,ChIJW1VVVRU3UDAR-aaYSsz4X9s,64/213 หมู่ที่ 7 ถนนอนุภาษภุเก็ตการ ตำบล รัษฎา อำเภอเมืองภูเก็ต ภูเก็ต 83000,places,high,,,D239,3,"same coords, same place_id"
ปทุมธานี เดือนตุลาคม 2568,1,,ปทุมธานี เดือนตุลาคม 2568,14.0213121,100.5246592,ChIJedcDDDKH4jARIVKwIHTf-hA,2GCF+GVF ถนน ปทุม-สามโคก ตำบล บางปรอก อำเภอเมืองปทุมธานี ปทุมธานี 12000,places,low,,,,,
PCS (ห้องเย็นแปซิฟิค) 61KM - 70KM เดือนตุลาคม2568,1,,ห้องเย็นแปซิฟิค PCS 61KM - 70KM เดือนตุลาคม2568,13.5845653,100.29124159999999,ChIJzz6wnnK54jARf8v9vQ0kQog,Unnamed Road H7MR+RFH ตำบล นาดี อำเภอเมืองสมุทรสาคร สมุทรสาคร 74000,places,high,,,D001,10,"same coords, same place_id"
ทรัพย์ไพศาล ปทุมธานี,1,,ทรัพย์ไพศาล ปทุมธานี,13.9609802,100.72503400000001,ChIJywKZ3lt5HTERHOeIo_6eSDg,29 25 หมู่7 ตำบล บึงคำพร้อย อำเภอลำลูกกา ปทุมธานี 12150,places,high,,,,,
ไทซันฟูดส์ ปี2025,1,,ไทซันฟูดส์ ปี2025,13.7128372,100.65460379999999,ChIJkZTIXFtgHTERDyAKtPwcvS0,แขวงประเวศ เขตประเวศ กรุงเทพมหานคร 10250 ประเทศไทย,places,high,,,D207,3,"same coords, same place_id"
Asian Alliance,1,,Asian Alliance,13.5185075,100.1725147,ChIJEwxGU5XH4jARwP44bIefLGc,8/8 ถ. พระรามที่ 2 ตำบล บ้านบ่อ อำเภอเมืองสมุทรสาคร สมุทรสาคร 74000,places,high,,,D272,2,"same coords, same place_id"
โกดัง นนทบุรี,1,,โกดัง นนทบุรี,13.8466157,100.33587639999999,ChIJMxzcr6qT4jARhzZtE_KM_Ns,34 24 บ้านใหม่ อำเภอบางใหญ่ นนทบุรี 11140,places,medium,,,,,
DrinkMe สมุทรปราการ,1,,DrinkMe สมุทรปราการ,13.6562407,100.68643759999999,ChIJkyOgmhxfHTERMzzvMfzFm90,Drink Me Food and Beverages Co.Ltd. | บริษัท ดริ๊งค์มี ฟู้ด แอนด์ เบเวอเรจ จำกัด 22/10 หมู่ที่ 10 ซ. บางนา - ตราด 53 ตำบล บางแก้ว อำเภอบางพลี สมุทรปราการ 10540,places,high,,,D286,2,"same coords, same place_id"
Sea horse (สงขลา),1,,สงขลา Sea horse,7.072021899999999,100.49436159999999,ChIJA2IuZPgvTTARmlAQgYb8qXI,3FCV+RP5 ลพบุรีราเมศ เทศบาลตำบลพะวง เมือง สงขลา 90100,places,high,,,,,
Siam Ocean,1,,Siam Ocean,13.7459351,100.53520569999999,ChIJH4I85c2e4jARUMYLeiqfBd0,ชั้น บี1 บี2 สยามพารากอน 991 ถ. พระรามที่ 1 แขวงปทุมวัน เขตปทุมวัน กรุงเทพมหานคร 10330,places,high,,,,,
คลัง CP เกตุม,1,,คลัง CP เกตุม,13.5075712,100.14449309999999,ChIJXQYg72jP4jARbRrLdVnzOIM,G45V+2QH ตำบล บางโทรัด อำเภอเมืองสมุทรสาคร สมุทรสาคร 74000,places,low,,,,,
ห้องเย็นปิติ มหาชัย (Pre - cool - 18),1,,Pre - cool - 18 ห้องเย็นปิติ มหาชัย,13.5796349,100.2900324,ChIJgYPDY_u44jARjJ9W8N_dH_A,"9/9 หมู่ที่ 4, ตำบลนาดี อำเภอเมืองสมุทรสาคร จังหวัดสมุทรสาคร, 74000 ตำบล นาดี อำเภอเมืองสมุทรสาคร สมุทรสาคร 74000",places,high,,,D265,2,"same coords, same place_id"
บ.ท็อป โปรดักส์ จ.พังงา,1,,บ.ท็อป โปรดักส์ จ.พังงา,8.3255375,98.2869844,ChIJt1gqeQBZUDARfsyKCI9-DMM,"87GP+6Q9 Na Toei, Thai Mu87GP+6Q9 Na Toei, Thai Mueang District, Na Toei, ထိုင်းeang District, Phang Nga 82120",places,high,,,,,
เซ็นทรัล เชียงราย,1,,เซ็นทรัล เชียงราย,19.8864083,99.834704,ChIJvzTBwxUG1zAR5OLFPMIdPWY,99/9 ถ. พหลโยธิน ตำบล รอบเวียง อำเภอเมืองเชียงราย เชียงราย 57000,places,high,,,D311,2,"same coords, same place_id"
ยกเลิกงาน,1,,ยกเลิกงาน,13.9488682,100.35083979999999,ChIJXWIBK_aP4jARWHj3i0Uwnek,"23, 7 ถ. บ้านกล้วย-ไทรน้อย ไทรน้อย อำเภอไทรน้อย นนทบุรี 11150",places,high,,,,,
central เชียงราย,1,,central เชียงราย,19.8864083,99.834704,ChIJvzTBwxUG1zAR5OLFPMIdPWY,99/9 ถ. พหลโยธิน ตำบล รอบเวียง อำเภอเมืองเชียงราย เชียงราย 57000,places,high,,,D311,2,"same coords, same place_id"
อยู่รอบูธและรับของกลับ,1,,อยู่รอบูธและรับของกลับ,13.5736089,100.2891216,ChIJl7dE6PG44jARXqpSg2y1998,98 ถ. พระรามที่ 2 ตำบล นาดี อำเภอเมืองสมุทรสาคร สมุทรสาคร 74000,places,low,,,D159,3,"same coords, DIFFERENT place_id"
ส่งTRC,1,,ส่งTRC,13.591433199999999,100.3275177,ChIJCyKxfUe54jARWdp_TyDBngU,TRC มหาชัย 72/26-27 หมู่2 ถ.เอกชัย-บางบอน คอกกระบือ อำเภอเมืองสมุทรสาคร สมุทรสาคร 74000,places,medium,,,D071,3,"same coords, same place_id"
บริษัท โฟลี่ส์,1,,บริษัท โฟลี่ส์,13.540335599999999,100.3459701,ChIJ-bZnpIu54jAR3xZ-WDKZPDM,"30, Sinsakhon Industrial Estate, 130 Moo 1 Chetsadawithi Road ตำบล โคกขาม อำเภอเมืองสมุทรสาคร สมุทรสาคร 74000",places,high,,,,,
ศูนย์การประชุมแห่งชาติสิริกิติ์,1,,ศูนย์การประชุมแห่งชาติสิริกิติ์,13.724535399999999,100.55898219999999,ChIJs4eYXBqf4jARtzrmWsDaDiM,60 ถ. รัชดาภิเษก แขวงคลองเตย เขตคลองเตย กรุงเทพมหานคร 10110,places,high,,,,,
เวสวิล รอลง3ทุ่ม,1,,เวสวิล รอลง3ทุ่ม,13.805336899999999,100.448444,ChIJBygsUOWb4jARPmpOQINz2To,999 หมู่ที่ 5 ถ. ราชพฤกษ์ ตำบล มหาสวัสดิ์ อำเภอบางกรวย นนทบุรี 11130,places,low,,,D231,2,"same coords, same place_id"
เวสเกต รอลง5ทุ่ม,1,,เวสเกต รอลง5ทุ่ม,13.8763218,100.4113708,ChIJX2AoriCQ4jAR7aglJz3j6YI,199/3 หมู่ที่ 6 ตำบล เสาธงหิน อำเภอบางใหญ่ นนทบุรี 11000,places,low,,,D059,5,"same coords, same place_id"
มากุโระ สายเซ็นทรัลเวิลด์,1,,มากุโระ สายเซ็นทรัลเวิลด์,13.746197299999999,100.53969269999999,ChIJKSg0sv6f4jARhdzXClD65Eg,"6th Floor, Unit A606 CentralWorld แขวงปทุมวัน เขตปทุมวัน กรุงเทพมหานคร 10400",places,high,,,D303,2,"same coords, same place_id"
มากุโระ สายเซ็นทรัล เวสเก็ต18/10/25,1,,มากุโระ สายเซ็นทรัล เวสเก็ต18/10/25,13.7863145,100.37189599999999,ChIJGYrNIj2X4jARjmvo2WjHdWU,29 ศูนย์การค้าดีไซน์วิลเลจ ห้องเลขที่ SH-B111 41 ถ. บรมราชชนนี แขวงศาลาธรรมสพน์ เขตทวีวัฒนา กรุงเทพมหานคร 10170,places,low,,,D224,6,"same coords, same place_id"
มากุโระ สายพระราม2,1,,มากุโระ สายพระราม2,13.6679143,100.44982139999999,ChIJd-BuZeKj4jARhTIbn6qy_5o,MC9X+5W8 ถ. พระรามที่ 2 แขวงท่าข้าม เขตบางขุนเทียน กรุงเทพมหานคร 10150,places,high,,,D282,2,"same coords, same place_id"
มากุโระ สายสามย่าน,1,,มากุโระ สายสามย่าน,13.7863145,100.37189599999999,ChIJGYrNIj2X4jARjmvo2WjHdWU,29 ศูนย์การค้าดีไซน์วิลเลจ ห้องเลขที่ SH-B111 41 ถ. บรมราชชนนี แขวงศาลาธรรมสพน์ เขตทวีวัฒนา กรุงเทพมหานคร 10170,places,low,,,D224,6,"same coords, same place_id"
มากุโระ เซ็นทรัลเวสเกต,1,,มากุโระ เซ็นทรัลเวสเกต,13.8763218,100.4113708,ChIJX2AoriCQ4jAR7aglJz3j6YI,199/3 หมู่ที่ 6 ตำบล เสาธงหิน อำเภอบางใหญ่ นนทบุรี 11000,places,high,,,D059,5,"same coords, same place_id"
มากุโระ สายสามย่าน17/10/25,1,,มากุโระ สายสามย่าน17/10/25,13.7863145,100.37189599999999,ChIJGYrNIj2X4jARjmvo2WjHdWU,29 ศูนย์การค้าดีไซน์วิลเลจ ห้องเลขที่ SH-B111 41 ถ. บรมราชชนนี แขวงศาลาธรรมสพน์ เขตทวีวัฒนา กรุงเทพมหานคร 10170,places,low,,,D224,6,"same coords, same place_id"
มากุโระ สายเซ็นทรัล เวสเก็ต17/10/25,1,,มากุโระ สายเซ็นทรัล เวสเก็ต17/10/25,13.7863145,100.37189599999999,ChIJGYrNIj2X4jARjmvo2WjHdWU,29 ศูนย์การค้าดีไซน์วิลเลจ ห้องเลขที่ SH-B111 41 ถ. บรมราชชนนี แขวงศาลาธรรมสพน์ เขตทวีวัฒนา กรุงเทพมหานคร 10170,places,low,,,D224,6,"same coords, same place_id"
มากุโระ สายเซ็นทรัล เวิลด์15/10/25,1,,มากุโระ สายเซ็นทรัล เวิลด์15/10/25,13.7863145,100.37189599999999,ChIJGYrNIj2X4jARjmvo2WjHdWU,29 ศูนย์การค้าดีไซน์วิลเลจ ห้องเลขที่ SH-B111 41 ถ. บรมราชชนนี แขวงศาลาธรรมสพน์ เขตทวีวัฒนา กรุงเทพมหานคร 10170,places,low,,,D224,6,"same coords, same place_id"
มากุโระ สายเซ็นทรัล เวสเก็ต15/10/25,1,,มากุโระ สายเซ็นทรัล เวสเก็ต15/10/25,13.7863145,100.37189599999999,ChIJGYrNIj2X4jARjmvo2WjHdWU,29 ศูนย์การค้าดีไซน์วิลเลจ ห้องเลขที่ SH-B111 41 ถ. บรมราชชนนี แขวงศาลาธรรมสพน์ เขตทวีวัฒนา กรุงเทพมหานคร 10170,places,low,,,D224,6,"same coords, same place_id"
มากุโระ Route001/08/10/25,1,,มากุโระ Route001/08/10/25,13.7259902,100.5470232,ChIJszoDXQCf4jAR6JRIv0Vo8Co,"1877 โครงการ One Bangkok ห้องเลขที่ 1324,OP1302 ชั้นที่ 3 ถ. พระรามที่ 4 แขวงลุมพินี เขตปทุมวัน กรุงเทพมหานคร 10330",places,low,,,D244,5,"same coords, same place_id"
มากุโระ Route004/08/10/25,1,,มากุโระ Route004/08/10/25,13.8100652,100.619035,ChIJVaUhxFWd4jARoFNsDrwudzo,187 ถ. ประดิษฐ์มนูธรรม แขวงลาดพร้าว ลาดพร้าว กรุงเทพมหานคร 10230,places,low,,,D094,3,"same coords, same place_id"
มากุโระ Route005/08/10/25,1,,มากุโระ Route005/08/10/25,13.7259902,100.5470232,ChIJszoDXQCf4jAR6JRIv0Vo8Co,"1877 โครงการ One Bangkok ห้องเลขที่ 1324,OP1302 ชั้นที่ 3 ถ. พระรามที่ 4 แขวงลุมพินี เขตปทุมวัน กรุงเทพมหานคร 10330",places,low,,,D244,5,"same coords, same place_id"
สยามวัน,1,,สยามวัน,13.744750499999999,100.5338589,ChIJLdw3yiyZ4jARaNnG-XlHZfA,388 ถ. พระรามที่ 1 แขวงปทุมวัน เขตปทุมวัน กรุงเทพมหานคร 10330,places,high,,,D196,3,"same coords, same place_id"
สยามย่าน,1,,สยามย่าน,13.7446395,100.5329147,ChIJ-eVRBSqf4jAROZPeOeJOhqg,1 สยามสแควร์ ซอย 7 แขวงปทุมวัน เขตปทุมวัน กรุงเทพมหานคร 10330,places,medium,,,,,
วันแบงค็อก08/10/25,1,,วันแบงค็อก08/10/25,13.7270531,100.54725450000001,ChIJo-KudiSf4jARuHpmM504kW4,ถ. วิทยุ แขวงลุมพินี เขตปทุมวัน กรุงเทพมหานคร 10330,places,high,,,D204,3,"same coords, same place_id"
Route 006/07/10/25,1,,Route 006/07/10/25,,,,,not_found,none,,,,,
มากุโระ Route001/04/10/25,1,,มากุโระ Route001/04/10/25,13.7449446,100.5334548,ChIJlbASagqf4jARhVY2qj5uKuk,"Unit SS 4005, 388 ถ. พระรามที่ 1 แขวงปทุมวัน เขตปทุมวัน กรุงเทพมหานคร 10330",places,low,,,D086,5,"same coords, same place_id"
มากุโระ Route004/04/10/25,1,,มากุโระ Route004/04/10/25,13.8266859,100.6769279,ChIJTb0y7IxjHTERmXjZZTZ5B3A,"589/7-9 ศูนย์การค้าเดอะพรอมานาด ห้องเลขที่ P-2037, P-2037T 2038T P-2038, P ชั้นที่ 2 ถ. รามอินทรา คันนายาว เขตคันนายาว กรุงเทพมหานคร 10230",places,low,,,D045,4,"same coords, same place_id"
มากุโระ Route005/04/10/25,1,,มากุโระ Route005/04/10/25,13.7259902,100.5470232,ChIJszoDXQCf4jAR6JRIv0Vo8Co,"1877 โครงการ One Bangkok ห้องเลขที่ 1324,OP1302 ชั้นที่ 3 ถ. พระรามที่ 4 แขวงลุมพินี เขตปทุมวัน กรุงเทพมหานคร 10330",places,low,,,D244,5,"same coords, same place_id"
ร้านไอศครีมจรัส ปทุมวัน,1,,ร้านไอศครีมจรัส ปทุมวัน,13.7419123,100.52285309999999,ChIJaQYjI1uZ4jARCH0lYuIjyFQ,1485 ถนน บรรทัดทอง แขวงวังใหม่ เขตปทุมวัน กรุงเทพมหานคร 10330,places,high,,,,,
โกเบย่า นิคมสมุทรสาคร,1,,โกเบย่า นิคมสมุทรสาคร,13.6775524,100.53970559999999,ChIJw8VOXe-h4jARXblpLfRC60A,881 ถ. วงแหวนอุตสาหกรรม แขวงบางโพงพาง เขตยานนาวา กรุงเทพมหานคร 10120,places,low,,,,,
ส่งซ่อม ซูชิโระ,1,,ส่งซ่อม ซูชิโระ,13.8269744,100.6802445,ChIJ1VH-cABjHTERGQBC1j37q0w,27/9 ซ. รามอินทรา 99 แขวงคันนายาว เขตคันนายาว กรุงเทพมหานคร 10230,places,low,,,,,
ไอรยา,1,,ไอรยา,14.077315899999999,100.6320341,ChIJ-RrULu2BHTERkq0vDvO1A1Q,58 หมู่ที่ 9 ตำบล คลองสอง อำเภอคลองหลวง ปทุมธานี 12120,places,high,,,,,
ทรัพย์จิรวรรณ,1,,ทรัพย์จิรวรรณ,20.219595299999998,99.94360909999999,ChIJLxd8255X1jAR7RbBl8SUgyI,หมู่บ้าน ป่าสักหลวง เลขที่ 254 ถนน พหลโยธิน หมู่ 2 ตำบล จันจว้าใต้ อำเภอแม่จัน เชียงราย 57270,places,low,,,,,
เ มีท 365 (ปลั้กตู้),1,,ปลั้กตู้ เ มีท 365,13.734158899999999,100.6049311,ChIJ6-BmbACf4jARzplyYYycj7E,80 1 ซอย พัฒนาการ 20 แยก 4 แขวงสวนหลวง เขตสวนหลวง กรุงเทพมหานคร 10250,places,high,,,D214,4,"same coords, same place_id"
นายน้อยหมูกระทะ,1,,นายน้อยหมูกระทะ,13.8117314,100.0583836,ChIJNXoXKADl4jARHqAGb9tNLjY,629 ถ. ราชมรรคา ตำบลสนามจันทร์ อำเภอเมืองนครปฐม นครปฐม 73000,places,high,,,,,
คลังไอยรา,1,,คลังไอยรา,14.097904699999999,100.63321529999999,ChIJLSwBHgCBHTERHj2CZ4Kk7MQ,3JXM+379 ซอย ไอยรา 5 ตำบล คลองสอง อำเภอคลองหลวง ปทุมธานี 12120,places,high,,,,,
ฟรอสไทย โคลด์ เชน,1,,ฟรอสไทย โคลด์ เชน,13.7173197,100.56992389999999,ChIJdRkEtRKf4jARGkK-pwY_07k,"อาคารมโนรม ,ชั้น 12, 3354/43 แขวงคลองตัน เขตคลองเตย กรุงเทพมหานคร 10110",places,medium,,,,,
TOP บางกะเจ้า,1,,TOP บางกะเจ้า,13.5408882,100.2152583,ChIJF3HpVzXG4jARCkacBUJr72A,8/5-7 ตำบลบางกระเจ้า อำเภอเมืองสมุทรสาคร สมุทรสาคร 74000,places,medium,,,D217,3,"same coords, same place_id"
เฮสโก้,1,,เฮสโก้,13.635066499999999,100.2804034,ChIJHzvUSkW_4jARJh6fH8cAr-E,67 ตำบล คลองมะเดื่อ อำเภอกระทุ่มแบน สมุทรสาคร 74110,places,high,,,D162,2,"same coords, same place_id"
TUF (โรงทูน่า),1,,โรงทูน่า TUF,13.4162462,100.0097948,ChIJqeHRC-vT4jARsXbuMiGrNDQ,"13°24'58.0""N 100°00'34 145/8, บางแก้ว, ตำบล บางแก้ว อำเภอเมืองสมุทรสงคราม สมุทรสงคราม 75000",places,low,,,D122,2,"same coords, same place_id"
DC Makro Mahachai (แมคโครมหาชัย) (Datd logger),1,,แมคโครมหาชัย DC Makro Mahachai (Datd logger),13.5003258,100.1285835,ChIJo0kG6grP4jARQQOh1ErWZ9E,"64/2 64/2, ตำบล กาหลง อำเภอเมืองสมุทรสาคร สมุทรสาคร 74000",manual,high,y,"was geocoded to the wrong ""DC Makro Mahachai"" candidate (a Makro/Lotus mall ~1km from origin) instead of the real distribution center; corrected 2026-09-23, see sum.md",D012,9,"same coords, same place_id"
ห้องเย็นโมบาย,1,,ห้องเย็นโมบาย,13.6083264,100.7735245,ChIJTf2_6ZRcHTERTz52nOMrHlg,279 ตำบลบางโฉลง อำเภอบางพลี สมุทรปราการ 10540,places,high,,,D104,2,"same coords, same place_id"
เฟรชมีท (หมูซีก) (หัก500),1,,หมูซีก เฟรชมีท (หัก500),13.0222869,101.0905696,ChIJX8UeRwjDAjERr2qR_Zq2_3s,ตำบล บ่อวิน อำเภอปลวกแดง ชลบุรี 21140,places,medium,,,,,
มีท 365 (จุดแรก),1,,จุดแรก มีท 365,13.734158899999999,100.6049311,ChIJ6-BmbACf4jARzplyYYycj7E,80 1 ซอย พัฒนาการ 20 แยก 4 แขวงสวนหลวง เขตสวนหลวง กรุงเทพมหานคร 10250,places,high,,,D214,4,"same coords, same place_id"
เฟรชมีท (จุดที่2),1,,จุดที่2 เฟรชมีท,13.8083238,100.19697409999999,ChIJF4brrm3s4jAR1VC2gQiOabw,91 ตำบล งิ้วราย อำเภอนครชัยศรี นครปฐม 73120,places,medium,,,D076,3,"same coords, same place_id"
อีเค,1,,อีเค,13.605367999999999,100.24683399999999,ChIJvXnUu03H4jARKEsqmVnX15k,75 ตำบล ท่าเสา อำเภอกระทุ่มแบน สมุทรสาคร 74110,places,high,,,,,
CSP (Feb/2026),1,,Feb/2026 CSP,,,,,not_found,none,,,,,
สำนักงานคณะกรรมการอาหารและยา (อย.)),1,,อย. สำนักงานคณะกรรมการอาหารและยา ),13.8468552,100.5278498,ChIJN5Ta0Pmb4jARtN-XGPFIxD4,RGWH+P4X ซอย สาธารณสุข 1 ตำบลบางเขน อำเภอเมืองนนทบุรี นนทบุรี 11000,places,high,,,D257,2,"same coords, same place_id"
คิงมารีนฟู้ดส์ (รามอินทรา),1,,รามอินทรา คิงมารีนฟู้ดส์,13.8648266,100.6323937,ChIJm1fM2z5jHTERmdupSiW00Yo,"24 ซอยสุขาภิบาล 5 แยก 5, ท่าแร้ง, เขตบางเขน กรุงเทพมหานคร 10220",places,high,,,D203,3,"same coords, same place_id"
Tipco wang noi,1,,Tipco wang noi,14.303198199999999,100.8151786,ChIJG6NI7vCRHTERSznSgPWwre0,8R38+73F ตำบล สนับทึบ อำเภอวังน้อย จังหวัดพระนครศรีอยุธยา 13170,places,medium,,,D277,2,"same coords, same place_id"
ฟรุต แอนด์ เวจจี้ โซลูชั่น โรงงานนนทบุรี,1,,ฟรุต แอนด์ เวจจี้ โซลูชั่น โรงงานนนทบุรี,14.1126721,100.3114459,ChIJsVzwdq5h4jARCZdGSqvv-CQ,ถนน ฤชุพันธุ์ ตำบลไทรใหญ่ อำเภอไทรน้อย นนทบุรี 11150,places,high,,,,,
JPK (เจพีเค โคลด์ สโตเรจ) (Forzen),1,,เจพีเค โคลด์ สโตเรจ JPK (Forzen),13.5636453,100.75716249999999,ChIJi8zc2ApbHTERRvfQLXZp0MA,"88, 89 ตำบล บางปลา อำเภอบางพลี สมุทรปราการ 10540",places,high,,,D002,3,"same coords, same place_id"
LCB B2 (Plug),1,,Plug LCB B2,13.062483700000001,100.89490420000001,ChIJQ-zyU2G5AjERv9-1Q_Vg6dw,จุดรับตู้ท่าเรือแหลมฉบัง B2 ตำบลทุ่งสุขลา อำเภอศรีราชา ชลบุรี 20230,places,low,,,D258,2,"same coords, same place_id"
ตะหลิว พันธุ์ทิพย์ งามวงศ์วาน,1,,ตะหลิว พันธุ์ทิพย์ งามวงศ์วาน,13.857831899999999,100.5369515,ChIJiahkOgCd4jARB_aiSmHDbEY,VG5P+4QP บางเขน ตำบลบางเขน อำเภอเมืองนนทบุรี นนทบุรี 11000,places,high,,,,,
75.81KM,1,,75.81KM,,,,,not_found,none,,,,,
75.79KM,1,,75.79KM,,,,,not_found,none,,,,,
67.42KM,1,,67.42KM,13.5831625,100.3383281,ChIJYc3iYwCj4jARmXc3nt_plWI,H8MQ+788 ตำบล คอกกระบือ อำเภอเมืองสมุทรสาคร สมุทรสาคร 74000,places,high,,,,,
92.72KM,1,,92.72KM,,,,,not_found,none,,,,,
86.08KM.,1,,86.08KM.,13.7078055,100.5876651,ChIJ33xMEACf4jARjFeI_GgslxU,86/98 ถ. ทางรถไฟสายเก่าปากน้ำ แขวงพระโขนง เขตคลองเตย กรุงเทพมหานคร 10110,places,medium,,,,,
49.71KM.,1,,49.71KM.,13.5747143,100.2735412,ChIJq6oxLpC44jARghhunAISWCI,49 หมู่ 8 15 ตำบล นาดี อำเภอเมืองสมุทรสาคร สมุทรสาคร 74000,places,medium,,,,,
78.58KM.,1,,78.58KM.,13.8958553,100.7951926,ChIJCw3eSQB7HTERYELO5sGrBrI,VQWW+83W แขวงคลองสิบ เขตหนองจอก กรุงเทพมหานคร 10530,places,medium,,,,,
66.85KM.,1,,66.85KM.,13.648411500000002,100.289418,ChIJ_z2UL2m_4jARKL4vXKzWaqI,"ปตท, สหกรณ์การเกษตรกระทุ่มแบน, ตำบล คลองมะเดื่อ อำเภอกระทุ่มแบน สมุทรสาคร 74110",places,low,,,,,
77.10KM.,1,,77.10KM.,13.924873499999999,100.7624974,ChIJ5xP8YgB7HTERLN1hoyENQfQ,77/108 หมู่ 19 เคซีคลัสเตอร์นิมิตรใหม่ ลำลูกกา ตำบล ลำลูกกา อำเภอลำลูกกา ปทุมธานี 12150,places,medium,,,,,
64.37KM.,1,,64.37KM.,13.612661699999999,100.3446271,ChIJpftcNqm-4jARneRaUwTygZc,64 หมู่ที่ 4 12 ถ. เอกชัย ตำบล บางน้ำจืด อำเภอเมืองสมุทรสาคร สมุทรสาคร 74000,places,high,,,,,
72.26KM.,1,,72.26KM.,13.6228678,100.3269437,ChIJa67ISwC_4jARZztFRL5Bu1A,2 7 ม.6 ต.บางน้ำจืด ตำบล บางน้ำจืด อำเภอเมืองสมุทรสาคร สมุทรสาคร 74000,places,low,,,,,
69.32KM.,1,,69.32KM.,13.867701199999999,100.9224469,ChIJ0SDrSgBzHTERlwvR9Td9kcs,VW9F+32 ตำบล บึงน้ำรักษ์ อำเภอบางน้ำเปรี้ยว ฉะเชิงเทรา 24170,places,high,,,,,
ปั๊ม ปตท.ตลาดไอยราคลองหลวง,1,,ปั๊ม ปตท.ตลาดไอยราคลองหลวง,14.070034399999999,100.6335191,ChIJ74DDbACBHTERzrnpot2Vk1c,555 ตำบล คลองสอง อำเภอคลองหลวง ปทุมธานี 12120,places,high,,,,,
Merryห้องเย็นรัตนากร,1,Merry (ห้องเย็นรัตนากร),,,,,,,,,,,,
Merry ห้องเย็นรัตนากร,1,Merry (ห้องเย็นรัตนากร),,,,,,,,,,,,
ห้องเย็น บางบ่อ,1,,ห้องเย็น บางบ่อ,13.5561928,100.822142,ChIJ5WjjZetFHTERXqyYXe9qdvM,61 1 ตำบล บางเพรียง อำเภอบางบ่อ สมุทรปราการ 10560,places,high,,,,,
ร้านเชียงผักสด,1,,ร้านเชียงผักสด,13.584173799999999,100.10798750000001,ChIJ2RqPXqjF4jAR264A8RZSeEs,3097 ตำบล หลักสาม อำเภอบ้านแพ้ว สมุทรสาคร 74120,places,high,,,,,
ไทยแมกซ์1,1,,ไทยแมกซ์1,13.7408399,100.2729949,ChIJwdhA1DuV4jARZrFvQvfMOXo,28 12 หมู่ 7 ซ. ไร่ขิง 26 ตำบล ไร่ขิง อำเภอสามพราน นครปฐม 73210,places,high,,,,,
ส่งซ่อม มากุโระ1สาขา (สามย่าน),1,,สามย่าน ส่งซ่อม มากุโระ1สาขา,13.733743899999999,100.52840429999999,ChIJh5fFNwCZ4jAR3QcKojVrBFk,4th Floor Samyan Mitrtown ถ. พระรามที่ 4 แขวงวังใหม่ เขตปทุมวัน กรุงเทพมหานคร 10330,places,low,,,D301,2,"same coords, same place_id"
ส่งซ่อม มากุโระ 4จุด08/11/25,1,,ส่งซ่อม มากุโระ 4จุด08/11/25,13.7394673,100.521889,ChIJudvEUwue4jARTtLzDivnIHc,"อาคาร Safebox Office, เลขที่ 1706/26 ถ. พระรามที่ 6 รองเมือง เขตปทุมวัน กรุงเทพมหานคร 10330",places,low,,,D202,7,"same coords, same place_id"
Alfredo อยุธยา,1,,Alfredo อยุธยา,14.3398542,100.64747609999999,ChIJRUO_U0F44jARYT-PDW8XXH0,"57 หมู่ที่ 5 ถนน โรจนะ ต.อุทัย อ, อำเภออุทัย จังหวัดพระนครศรีอยุธยา 13210",places,high,,,D143,2,"same coords, same place_id"
DrinkMe,1,,DrinkMe,13.6562407,100.68643759999999,ChIJkyOgmhxfHTERMzzvMfzFm90,Drink Me Food and Beverages Co.Ltd. | บริษัท ดริ๊งค์มี ฟู้ด แอนด์ เบเวอเรจ จำกัด 22/10 หมู่ที่ 10 ซ. บางนา - ตราด 53 ตำบล บางแก้ว อำเภอบางพลี สมุทรปราการ 10540,places,high,,,D286,2,"same coords, same place_id"
DGM Support (ไปถึงสินค้าไม่ได้ขึ้น),1,,ไปถึงสินค้าไม่ได้ขึ้น DGM Support,13.6669389,100.6012004,ChIJD9mGCI2h4jARU-TTlSb912g,15 ซอย สุขุมวิท 70/3 แขวงบางนาใต้ เขตบางนา กรุงเทพมหานคร 10260,places,high,,,D266,2,"same coords, same place_id"
Thai royal,1,,Thai royal,13.5356776,100.2576548,ChIJEwxGU5XH4jAR7Ex-Ck3bB-E,119 99 หมู่ 1 ถนน วิเชียรโชฎก ตำบล ท่าจีน อำเภอเมืองสมุทรสาคร สมุทรสาคร 74000,places,high,,,D273,3,"same coords, same place_id"
พรสุนันท์ อ่อนนุช,1,,พรสุนันท์ อ่อนนุช,13.657475999999999,100.343487,ChIJI9Gh-nu-4jARzopj9y99NaE,หมู่บ้านพรสุนันท์ แขวงหนองแขม เขตหนองแขม กรุงเทพมหานคร 10160,places,medium,,,,,
ดอนตูม นครปฐม (จองคู่10ล้อ),1,,จองคู่10ล้อ ดอนตูม นครปฐม,13.802968,99.99988909999999,ChIJy1CKhgLk4jARirQaOB5CygM,90 ตำบล โพรงมะเดื่อ อำเภอ เมือง นครปฐม 73000,places,low,,,,,
ทริปเปิ้ลพี (จองคู่10w),1,,จองคู่10w ทริปเปิ้ลพี,13.6097325,100.42851669999999,ChIJt76CDqe84jARdZ4wnBYZ4FI,112/4 ซอย เทียนทะเล 24 แขวงท่าข้าม เขตบางขุนเทียน กรุงเทพมหานคร 10150,places,medium,,,,,
ไทยโยโกเรสำโรง (ขึ้นสินค้า),1,,ขึ้นสินค้า ไทยโยโกเรสำโรง,13.6592782,100.5736357,ChIJ_wq2uLSh4jARhvRisJWOqUo,MH5F+PF6 ตำบล สำโรง อำเภอพระประแดง สมุทรปราการ 10130,places,medium,,,D054,6,"same coords, same place_id"
Thai Max (Pre - cool),1,,Pre - cool Thai Max,13.646389,100.7133216,ChIJk_U-cfddHTEROPS_i3mv2O0,"65 Amphur, 1 ซอย กิ่งแก้ว 1ค ตำบลราชาเทวะ อำเภอบางพลี สมุทรปราการ 10540",places,low,,,D109,5,"same coords, same place_id"
ดีฟู้ดโน,1,,ดีฟู้ดโน,13.963690699999999,100.44201939999999,ChIJrwcOqfWF4jARX5sAqJV9DIw,75/20-21 K17 18 คลองเกลือ ตำบล คลองข่อย อำเภอปากเกร็ด นนทบุรี 11120,places,medium,,,D307,2,"same coords, same place_id"
haidilao สาขา เซ็นทรัลพระราม 3,1,,haidilao สาขา เซ็นทรัลพระราม 3,13.663861599999999,100.437583,ChIJ5b6oNhK94jARkO4qAnZeG6A,"2nd Floor, Central ชั้น 2 เซ็นทรัล ถ. พระรามที่ 2 แขวงแสมดำ เขตบางขุนเทียน กรุงเทพมหานคร 10150",places,high,,,,,
ครัวกลางศรีด่าน,1,,ครัวกลางศรีด่าน,13.5498008,100.23763369999999,ChIJNbKxKpbH4jARjj9sQzXAdcE,ตำบล ท่าทราย อำเภอเมืองสมุทรสาคร สมุทรสาคร 74000 ประเทศไทย,places,high,,,,,
Panus Interfoods,1,,Panus Interfoods,13.748407499999999,100.61076419999999,ChIJRaf46mtgHTERsNgU9PVVmbg,1 ซอย รามคำแหง 8 แยก 10 แขวงหัวหมาก บางกะปิ กรุงเทพมหานคร 10240,places,high,,,,,
คุณวรางคณา ส่ง โรงงานสยามรอยัล,1,,คุณวรางคณา ส่ง โรงงานสยามรอยัล,13.3802227,99.97053969999999,ChIJJ1z8cpbV4jARyDnkQjv5Qzc,9XJC+36M ถ. พระรามที่ 2 ตำบล แหลมใหญ่ อำเภอเมืองสมุทรสงคราม สมุทรสงคราม 75000,places,low,,,,,
แปซิฟิค ไบโอเทค (อยุธยา),1,,อยุธยา แปซิฟิค ไบโอเทค,14.2443186,100.5988323,ChIJLedHAsR34jARIx94mrA7BFE,6HVX+PGG Unnamed Road ตำบล บ้านเลน อำเภอบางปะอิน จังหวัดพระนครศรีอยุธยา 13160,places,high,,,,,
แม็คโคร สาทร,1,,แม็คโคร สาทร,13.709774399999999,100.5353689,ChIJPfiFiUmf4jAR0x5gZ-kJmCQ,178 ถนน นราธิวาสราชนครินทร์ แขวงทุ่งวัดดอน เขตสาทร กรุงเทพมหานคร 10120,places,high,,,,,
QUALITY BOX AND DISPLAY สุขุมวิท 46,1,,QUALITY BOX AND DISPLAY สุขุมวิท 46,13.730282299999999,100.58539309999999,ChIJk6Qk7b6f4jARGLDxDaUG5qg,"Quality Box and Display Co.,Ltd.(Sales Office) Modern Town 87/48 3rd Floor Soi Ekkamai3, ซ. สุขุมวิท 63 Klong tan nua, เขตวัฒนา กรุงเทพมหานคร 10110",places,high,,,,,
LKB - ICD2,1,,LKB - ICD2,13.7348611,100.7669706,ChIJ_-O7ymhnHTERz7j2vYdXtFo,33/4 ซ. ไอซีดี 7 แขวงคลองสามประเวศ เขตลาดกระบัง กรุงเทพมหานคร 10520,places,high,,,D011,5,"same coords, same place_id"
เจเจโอ,1,,เจเจโอ,13.6081189,100.33878419999999,ChIJt7yOf62-4jAReScds_y8-bE,J85Q+6GV ตำบล บางน้ำจืด อำเภอเมืองสมุทรสาคร สมุทรสาคร 74000,places,medium,,,,,
Suki Teenoi Central Kitchen,1,,Suki Teenoi Central Kitchen,14.0001804,100.6695629,ChIJKSIsfAB_HTERZ1w-eMhfzEY,29 2 Soi Metha (Rongprik ตำบล บึงยี่โถ อำเภอธัญบุรี ปทุมธานี 12130,places,high,,,,,
ศิริเพ็ญ,1,,ศิริเพ็ญ,18.1699383,100.17222369999999,ChIJkcWANh3q2DARhl5g7oUxHiU,214 ซอย เทศบาล 18 ตำบล ทุ่งโฮ้ง อำเภอเมืองแพร่ แพร่ 54000,places,high,,,,,
รพ.สินแพทย์ เทพารักษ์,1,,รพ.สินแพทย์ เทพารักษ์,13.6200908,100.64150029999999,ChIJlfJzTWtfHTERCXsVUgtnJVw,9/99 ถ. เทพารักษ์ ตำบลเทพารักษ์ อำเภอเมืองสมุทรปราการ สมุทรปราการ 10270,places,high,,,,,
ไทยเยอรมัน (เด็กรถ),1,,เด็กรถ ไทยเยอรมัน,13.724292,100.5456992,ChIJdyMCliSf4jAResWb1rmi1TI,18 1 ถ. พระรามที่ 4 แขวงทุ่งมหาเมฆ เขตสาทร กรุงเทพมหานคร 10120,places,medium,,,,,
๋JAO,1,,๋JAO,13.6844614,100.6257366,ChIJN6P2gKdfHTER00j9jEsLBuI,1054 ซอย วชิรธรรมสาธิต 38 แขวงบางจาก เขตพระโขนง กรุงเทพมหานคร 10260,places,medium,,,,,
ห้องเย็นPPM,1,,ห้องเย็นPPM,13.8020452,99.9492494,ChIJuQWVvwTh4jARSZc9q7v0WXk,ซอย บางตาล ตำบล หนองกบ อำเภอบ้านโป่ง ราชบุรี 70110,places,high,,,D299,2,"same coords, same place_id"
เซปกู๊ดมูฟ,1,,เซปกู๊ดมูฟ,13.2570211,100.9297522,ChIJf5G0kUe1AjERWYSThRaYTDY,บางแสนล่าง ซอย 18 ตำบลแสนสุข อำเภอเมืองชลบุรี ชลบุรี 20130,places,medium,,,,,
นาราย,1,,นาราย,13.663930599999999,100.43772249999999,ChIJpVusZ7O84jARtuXlRNbwER4,128 เซ็นทรัล ถนนพระราม2 แขวงแสมดำ เขตบางขุนเทียน กรุงเทพมหานคร 10150,places,high,,,,,
ราดหน้าอาหลิว,1,,ราดหน้าอาหลิว,13.7862051,100.4903377,ChIJy6Kqn9ab4jARXQlsua-6G-c,46 ถ. สิรินธร แขวงบางพลัด บางพลัด กรุงเทพมหานคร 10700,places,high,,,D148,4,"same coords, same place_id"
ห้องเย็นบ้านโป่ง,1,,ห้องเย็นบ้านโป่ง,13.8020452,99.9492494,ChIJuQWVvwTh4jARSZc9q7v0WXk,ซอย บางตาล ตำบล หนองกบ อำเภอบ้านโป่ง ราชบุรี 70110,places,high,,,D299,2,"same coords, same place_id"
เอ็นพีพอร์ค,1,,เอ็นพีพอร์ค,13.6528613,100.25223539999999,ChIJX3UqWgDB4jARGxmIONLchtg,438 179 180 ต.ตลาดกระทุ่มแบน อำเภอกระทุ่มแบน สมุทรสาคร 74110,places,high,,,,,
INSTEQ (นาโคก),1,,นาโคก INSTEQ,13.476035000000001,100.10384669999999,ChIJuccfkUrO4jARv02GJG2BOr0,25/552 Soi Mu Ban Nakhok ตำบล นาโคก อำเภอเมืองสมุทรสาคร สมุทรสาคร 74000,places,medium,,,,,
70.10KM.,1,,70.10KM.,,,,,not_found,none,,,,,
โตโต้,1,,โตโต้,13.6999201,100.2978375,ChIJle9YlvOV4jARlsTBJrXBMCc,79/2 4 ตำบล อ้อมน้อย อำเภอกระทุ่มแบน สมุทรสาคร 74130,places,high,,,,,
บริษัท แอปสลาเจน จำกัด,1,,บริษัท แอปสลาเจน จำกัด,13.720497,100.53915909999999,ChIJ9e8JOzmf4jARXeaXGAhYPWg,253/9 ซอย สวนพลู 6 แขวงทุ่งมหาเมฆ เขตสาทร กรุงเทพมหานคร 10120,places,high,,,,,
ไทยอกริฟู้ดส์,1,,ไทยอกริฟู้ดส์,13.5911703,100.77730179999999,ChIJPRKu36VeHTERew-60-LPtMg,155/1 ถ. เทพารักษ์ ตำบลบางเสาธง อำเภอบางเสาธง สมุทรปราการ 10570,places,high,,,D100,4,"same coords, same place_id"
บริษัท เซ็นท์แดรี่,1,บริษัท เซ็นท์แดรี่ จำกัด,,,,,,,,,,,,
6/68 หมู่ที่ 3 ถนนเลียบคลองห้า,1,,6/68 หมู่ที่ 3 ถนนเลียบคลองห้า,13.9383567,100.7028369,ChIJq6qqqmp3HTERMHm4AOBJUuk,เลขที่ 6/17 หมู่ 3 ถนน เลียบคลอง 5 ฝั่งตะวันตก ตำบล ลาดสวาย อำเภอลำลูกกา ปทุมธานี 12150,places,low,,,,,
ร้านทาซี shabu - yaki,1,,ร้านทาซี shabu - yaki,13.150215399999999,101.00472789999999,ChIJS9Gzhc_JAjERXIr4n5vEYS4,361/13 สุรศักดิ์ อำเภอศรีราชา ชลบุรี 20230,places,medium,,,,,
เบทาโกร อโศก,1,,เบทาโกร อโศก,13.7265284,100.5653239,ChIJt4MDrYef4jARHpByZhJHKhw,303 6 ซ. สุขุมวิท 22 แขวงคลองตัน เขตคลองเตย กรุงเทพมหานคร 10110,places,high,,,,,
เกนกิ sushi เซ็นทรัลเวิลด์,1,,เกนกิ sushi เซ็นทรัลเวิลด์,13.746533699999999,100.53914879999999,ChIJgcoyOQCf4jAR08A3HY41z1M,"CentralWorld, floor5, 999/9 ถ. พระรามที่ 1 แขวงปทุมวัน เขตปทุมวัน กรุงเทพมหานคร 10330",places,high,,,D077,6,"same coords, DIFFERENT place_id"
เจริญรุ่งเรือง ประชาอุทิศ 54,1,,เจริญรุ่งเรือง ประชาอุทิศ 54,13.6686277,100.4524041,ChIJjWzYVwGj4jARTNOFOpdW3H0,15/9 ศูนย์การค้าเดอะไบรท์ ถ. พระรามที่ 2 แขวงท่าข้าม เขตบางขุนเทียน กรุงเทพมหานคร 10150,places,medium,,,D283,2,"same coords, same place_id"
เรือโป๊ะซีฟู้ดส์ ศรีนคริน,1,,เรือโป๊ะซีฟู้ดส์ ศรีนคริน,13.6762192,100.644286,ChIJA6EfD-ZfHTERnFH5h9yCmIE,8 ซอย ศรีนครินทร์ 56 แขวงหนองบอน เขตประเวศ กรุงเทพมหานคร 10250,places,high,,,,,
แหลมศอก เจริญราษฏร์ซอย 5,1,,แหลมศอก เจริญราษฏร์ซอย 5,12.0434737,102.58377469999999,ChIJSYVtW147BDERurYXYSxfzcM,2HVM+9GJ 3155 ตำบล อ่าวใหญ่ อำเภอเมืองตราด ตราด 23000,places,high,,,,,
วี อาร์ ฟู้ดส์,1,,วี อาร์ ฟู้ดส์,13.5437269,100.2165679,ChIJ48Uza7XH4jARUj6XzMkAAOU,39/94 หมู่ 2 นิคมอุตสาหกรรมสมุทรสาคร ถ. พระรามที่ 2 ตำบลบางกระเจ้า อำเภอเมืองสมุทรสาคร สมุทรสาคร 74000,places,high,,,,,
May AO Foods,1,,May AO Foods,13.515642699999999,100.29581580000001,ChIJGZKv4Tq54jARC4IIjk380DY,102 21 ตำบล บางหญ้าแพรก อำเภอเมือง สมุทรสาคร 74000,places,low,,,,,
โรงแรมนิกโกะ กรุงเทพ,1,,โรงแรมนิกโกะ กรุงเทพ,13.7250911,100.57913359999999,ChIJW2-HJGKf4jARn-KrXk_D13Y,27 ถ. ทองหล่อ แขวงคลองตันเหนือ เขตวัฒนา กรุงเทพมหานคร 10110,places,high,,,,,
นิคมสมุทรสาคร,1,,นิคมสมุทรสาคร,13.544018399999999,100.23301950000001,ChIJ-QvHIrDH4jAREar7BQ3KW-k,39/5 หมู่ที่ 2 ตำบลบางกระเจ้า อำเภอเมืองสมุทรสาคร สมุทรสาคร 74000,places,high,,,,,
HAVI คลังใหม่,1,,HAVI คลังใหม่,13.5717552,100.7724987,ChIJyfYekL1bHTER-hU14EWQOgA,HQCC+PX5 ซอย 49 ตำบลบางเสาธง อำเภอบางเสาธง สมุทรปราการ 10540,places,high,,,D138,2,"same coords, same place_id"
ฟู้ดโนเวชั่น (ร้าน Canton Paradise เซ็นทรัลเวิลด์),1,,ร้าน Canton Paradise เซ็นทรัลเวิลด์ ฟู้ดโนเวชั่น,13.746265699999999,100.53975369999999,ChIJJ9HG1Huf4jARUCU_X1mI3Wg,"ชั้น 7 ห้องเลขที่ A705-A706, 4 4/1-4 ซ. วิภาวดี 2 แยก 4-4 แขวงปทุมวัน เขตปทุมวัน กรุงเทพมหานคร 10330",places,medium,,,,,
CSP โรงงานสามควายเผือก (นครปฐม),1,,นครปฐม CSP โรงงานสามควายเผือก,13.844553999999999,100.1113065,ChIJOXKdj1_v4jARjKAkdIuaZXo,19 ม.6 ตำบล สามควายเผือก อำเภอเมืองนครปฐม นครปฐม 73000,places,high,,,D297,2,"same coords, same place_id"
อ.ศิราพล สมุทรสาคร,1,,อ.ศิราพล สมุทรสาคร,13.526067099999999,100.28216239999999,ChIJsSO-NJC54jARj2xarydUV9Y,G7GJ+CVF ตำบล บางหญ้าแพรก อำเภอเมืองสมุทรสาคร สมุทรสาคร 74000,places,high,,,D233,2,"same coords, same place_id"
SIAM ALTER GROUP,1,,SIAM ALTER GROUP,13.780490799999999,100.61096739999999,ChIJTRPHYACd4jARsGZaa3jazyA,60/2 ซ. ลาดพร้าว 94 แขวงพลับพลา เขตวังทองหลาง กรุงเทพมหานคร 10310,places,high,,,,,
NP food เอาท์เลท,1,,NP food เอาท์เลท,13.5046381,100.1379455,ChIJ-ebB6InP4jARJjz8AH-E8mE,89 86 ตำบล กาหลง อำเภอเมืองสมุทรสาคร สมุทรสาคร 74000,places,medium,,,,,
Mainfreight KM.19 Warehouse,1,,Mainfreight KM.19 Warehouse,13.585383,100.76155580000001,ChIJSbpygQVbHTER3zARAyTSMjU,"Km.19 Warehouse, BFTZ3 Logistics Park, 998/127, หมู่ 9 Bang Pla Sub District, อำเภอบางพลี สมุทรปราการ 10540",places,high,,,,,
M - SENKO กม.21,1,,M - SENKO กม.21,13.5953571,100.7848478,ChIJ9Wf2vFxdHTERtj1tfhqssKk,62 ตำบล ศีรษะจรเข้ใหญ่ อำเภอบางเสาธง สมุทรปราการ 10110,places,high,,,D080,5,"same coords, same place_id"
บางกอกซีฟู้ด (นำสินค้ากลับ),1,,นำสินค้ากลับ บางกอกซีฟู้ด,13.5751479,100.30760959999999,ChIJAQBUBzG_4jARc0Ex6_9_QEk,66 8 ถ. เอกชัย ตำบล นาดี อำเภอเมืองสมุทรสาคร สมุทรสาคร 74000,places,low,,,D047,3,"same coords, same place_id"
มากุโระ สาขา The cicle,1,,มากุโระ สาขา The cicle,13.766906899999999,100.44387379999999,ChIJEy6gfsSZ4jARdI6Jj7BqAyM,"39/1 The Circle Ratchapruk, ถ. ราชพฤกษ์ แขวงบางระมาด เขตตลิ่งชัน กรุงเทพมหานคร 10170",places,high,,,D052,6,"same coords, same place_id"
มากุโระ สาขาทงคัตสึ เอกมัย,1,,มากุโระ สาขาทงคัตสึ เอกมัย,13.7287445,100.5814048,ChIJbVBkkCqf4jARaS_Q0DpBRDs,"Fl 2, Zone A, 144/4 ถ. ทองหล่อ แขวงคลองตันเหนือ เขตวัฒนา กรุงเทพมหานคร 10110",places,low,,,D294,2,"same coords, same place_id"
อิสท์ พระราม 3,1,,อิสท์ พระราม 3,13.674909999999999,100.54487999999999,ChIJr1Ktf5Sh4jARQwnf3x5Hz5A,982 ถ. พระรามที่ 3 แขวงบางโพงพาง เขตยานนาวา กรุงเทพมหานคร 10120,places,medium,,,,,
ส่งซ่อมมากุโระ (เซ็นทรัลปาร์ค),1,,เซ็นทรัลปาร์ค ส่งซ่อมมากุโระ,13.728526899999999,100.5371419,ChIJDU6DKyGf4jARPKAqurjpees,946 ถ. พระรามที่ 4 แขวงสีลม เขตบางรัก กรุงเทพมหานคร 10500,places,high,,,,,
ส่งซ่อมมากุโระ 1 สาขา (ประดิษมนูญธรรม),1,,ประดิษมนูญธรรม ส่งซ่อมมากุโระ 1 สาขา,13.8100652,100.619035,ChIJVaUhxFWd4jARoFNsDrwudzo,187 ถ. ประดิษฐ์มนูธรรม แขวงลาดพร้าว ลาดพร้าว กรุงเทพมหานคร 10230,places,low,,,D094,3,"same coords, same place_id"
ส่งซ่อมมากุโระ 1 สาขา (โรบินสันราชพฤกษ์),1,,โรบินสันราชพฤกษ์ ส่งซ่อมมากุโระ 1 สาขา,13.9353942,100.45723900000002,ChIJAXE2-7WF4jARIL3J7eSn0t4,19 11 ตำบล คลองข่อย อำเภอปากเกร็ด นนทบุรี 11120,places,medium,,,D308,2,"same coords, same place_id"
ส่งซ่อมมากุโระ 2 สาขา (สายเวสวิลล์),1,,สายเวสวิลล์ ส่งซ่อมมากุโระ 2 สาขา,13.7259902,100.5470232,ChIJszoDXQCf4jAR6JRIv0Vo8Co,"1877 โครงการ One Bangkok ห้องเลขที่ 1324,OP1302 ชั้นที่ 3 ถ. พระรามที่ 4 แขวงลุมพินี เขตปทุมวัน กรุงเทพมหานคร 10330",places,low,,,D244,5,"same coords, same place_id"
ส่งซ่อมมากุโระ 4 สาขา (สายพรอมมานาด),1,,สายพรอมมานาด ส่งซ่อมมากุโระ 4 สาขา,13.7394673,100.521889,ChIJudvEUwue4jARTtLzDivnIHc,"อาคาร Safebox Office, เลขที่ 1706/26 ถ. พระรามที่ 6 รองเมือง เขตปทุมวัน กรุงเทพมหานคร 10330",places,low,,,D202,7,"same coords, same place_id"
ส่งซ่อมมากุโระ 3 สาขา (สายเซ็นทรัลเวิลด์),1,,สายเซ็นทรัลเวิลด์ ส่งซ่อมมากุโระ 3 สาขา,13.745842,100.5393544,ChIJbai2YR-f4jAR97sNo0Q71OE,B1 โซน A Kerry เซ็นทรัลเวิลด์ (ชั้น แขวงปทุมวัน เขตปทุมวัน กรุงเทพมหานคร 10330,places,medium,,,,,
บจก. ฟู้ด โซไซตี้ ส่งที่ปั๊ม CALTEX รังสิต คลอง 3,1,,บจก. ฟู้ด โซไซตี้ ส่งที่ปั๊ม CALTEX รังสิต คลอง 3,14.074696099999999,100.8473743,ChIJdRKg0aedHTERESe2WbFGUus,98/52 โครงการเอก สิน แฟคทอรี่ ตำบล บึงน้ำรักษ์ อำเภอธัญบุรี ปทุมธานี 12110,places,medium,,,,,
Buildwell ปทุมธานี,1,,Buildwell ปทุมธานี,14.0235796,100.6083388,ChIJO9K63aOB4jARHS3dtTzXPcA,"62, 36 ตำบล คลองหนึ่ง อำเภอคลองหลวง ปทุมธานี 12120",places,high,,,,,
นิชิฮาระ18/12/25,1,,นิชิฮาระ18/12/25,13.623564600000002,100.74744079999999,ChIJY8v7cCxcHTERTDcNxEpCmsI,"41/34 ถนน บางนา ตราด กม16, ตำบลบางโฉลง อำเภอบางพลี สมุทรปราการ 10540",places,high,,,D102,5,"same coords, same place_id"
ห้องเย็นสินชัย (มหาชัย) (ุ61KM - 70KM),1,,มหาชัย ห้องเย็นสินชัย (ุ61KM - 70KM),13.5665158,100.2990523,ChIJLYsuXQC54jARkH1zXEAzIXY,H78X+JJ3 ซอยสินชัย ตำบล โคกขาม อำเภอเมืองสมุทรสาคร สมุทรสาคร 74000,places,medium,,,D234,2,"same coords, same place_id"
ซุปเปอร์อัมพร,1,,ซุปเปอร์อัมพร,15.721555899999998,100.1210586,ChIJryxYGQBP4DAROLIRgcIeJ4E,"P4CC+JCF ต. วัดไทร, ตำบลวัดไทร อำเภอเมืองนครสวรรค์ นครสวรรค์ 60000",places,high,,,D251,2,"same coords, same place_id"
ห้องเย็นอุตรดิตถ์ ลงของ),1,,ห้องเย็นอุตรดิตถ์ ลงของ,17.6104971,100.098176,ChIJWf_xrD0w3zARXbaNmtp5LRs,35/128 ถนนพาดวารี ท่าอิฐ อำเภอเมืองอุตรดิตถ์ อุตรดิตถ์ 53000,places,high,,,D310,2,"same coords, same place_id"
Go Wholesale พระราม 2,1,,Go Wholesale พระราม 2,13.665079599999999,100.4369665,ChIJCYBjagC94jARS7Rhg2K5icw,เลขที่ 5 พระรามที่ 2 ซอย 54 แยก 2 แขวงแสมดำ เขตบางขุนเทียน กรุงเทพมหานคร 10150,places,high,,,,,
(227KM.),1,,227KM.,,,,,not_found,none,,,,,
(188KM.),1,,188KM.,,,,,not_found,none,,,,,
(232KM.),1,,232KM.,,,,,not_found,none,,,,,
(190KM.),1,,190KM.,,,,,not_found,none,,,,,
(229KM.),1,,229KM.,,,,,not_found,none,,,,,
(165 KM.),1,,165 KM.,13.1678316,100.9344287,ChIJOZTdZQC3AjERfKLZuzKrgRI,165 7 ตำบล ศรีราชา อำเภอศรีราชา ชลบุรี 20110,places,low,,,,,
(243KM.),1,,243KM.,,,,,not_found,none,,,,,
(185KM.),1,,185KM.,,,,,not_found,none,,,,,
(221KM.),1,,221KM.,,,,,not_found,none,,,,,
(170KM.),1,,170KM.,,,,,not_found,none,,,,,
(236KM.),1,,236KM.,,,,,not_found,none,,,,,
(172KM.),1,,172KM.,,,,,not_found,none,,,,,
79.52KM.,1,,79.52KM.,,,,,not_found,none,,,,,
71.26KM.,1,,71.26KM.,13.5705536,100.30749050000001,ChIJzWCuQQC54jARW8SYWs_5s1E,H8C4+7WH ถนนวัดโสภณาราม ตำบล โคกขาม อำเภอเมืองสมุทรสาคร สมุทรสาคร 74000,places,high,,,,,
76.14KM.,1,,76.14KM.,,,,,not_found,none,,,,,
79.70KM.,1,,79.70KM.,13.515073399999999,100.2786684,ChIJ0U90w-u34jARwV2TUttMVHM,79 G78H+2FF บ้านเจ้ลำดวนปลาอินทรีย์เค็ม 2 ตำบล บางหญ้าแพรก อำเภอเมืองสมุทรสาคร สมุทรสาคร 74000,places,high,,,,,
CTI (คลองเตย),1,,คลองเตย CTI,13.7161494,100.5661145,ChIJZwFYF3Kf4jAR255AaOndc-I,ถ. เกษมราษฎร์ แขวงคลองเตย เขตคลองเตย กรุงเทพมหานคร 10110,places,low,,,D218,2,"same coords, same place_id"
Food selection รังสิต,1,,Food selection รังสิต,14.0372285,100.60959369999999,ChIJa9fp8iGA4jARdWfGNvdyoP8,9 51 ตำบล คลองหนึ่ง อำเภอคลองหลวง ปทุมธานี 12120,places,high,,,D252,3,"same coords, same place_id"
ลำลูกกา,1,,ลำลูกกา,13.9754896,100.7774424,ChIJG86JSKl5HTERwFEMRTeSAQM,อำเภอลำลูกกา ปทุมธานี,places,high,,,,,
M senko รวมลงสินค้า,1,,M senko รวมลงสินค้า,13.5953571,100.7848478,ChIJ9Wf2vFxdHTERtj1tfhqssKk,62 ตำบล ศีรษะจรเข้ใหญ่ อำเภอบางเสาธง สมุทรปราการ 10110,places,high,,,D080,5,"same coords, same place_id"
อ.เมือง เชียงราย,1,,อ.เมือง เชียงราย,19.9184147,99.7678687,ChIJX_db31gF1zARUHOK-sVGAwM,อำเภอเมืองเชียงราย เชียงราย,places,high,,,,,
อ.แม่สาย เชียงราย,1,,อ.แม่สาย เชียงราย,20.3573897,99.92415749999999,ChIJvVyL12pf1jAR0HOK-sVGAwM,อำเภอแม่สาย เชียงราย,places,high,,,,,
หนองบัวลำพูน,1,,หนองบัวลำพูน,18.4826648,98.8569522,ChIJixwreOrJ2zARUow_c1HDdrk,หนองบัว ตำบล ท่าตุ้ม อำเภอ ป่าซาง ลำพูน 51120,places,high,,,,,
มุกดาหาร,1,,มุกดาหาร,16.490256,104.5655273,ChIJyQe8sVa6PTERkEpgE0G1AgE,มุกดาหาร,places,high,,,,,
นครสวรรค์,1,,นครสวรรค์,15.697985099999997,100.1164665,ChIJbR82a7RI4DARQ4Puc9B54GA,เทศบาลนครนครสวรรค์ อำเภอเมืองนครสวรรค์ นครสวรรค์,places,high,,,,,
ลำลูกกา คลอง7,1,,ลำลูกกา คลอง7,13.94442,100.7466314,ChIJObNFttF7HTERQzNzXhQgtPs,คลอง 7 ตำบล บึงคำพร้อย อำเภอลำลูกกา ปทุมธานี 12150,places,high,,,,,
DC Makro Mahachai (แมคโครมหาชัย) (Pre - cool),1,DC Makro Mahachai (แมคโครมหาชัย) (Pre - Cool),,,,,,,,,,,,
จามจุรีสแควร์,1,,จามจุรีสแควร์,13.7327297,100.5300438,ChIJc1xaySqZ4jAR4k5Hd8mGfF8,"315,317 319 ถ. พญาไท แขวงปทุมวัน เขตปทุมวัน กรุงเทพมหานคร 10330",places,high,,,,,
คิดบวก ดิสทริบิวเตอร์ บุรีรัมย์,1,,คิดบวก ดิสทริบิวเตอร์ บุรีรัมย์,15.013662,103.11280699999999,ChIJ1wWFSI6VGTERUHjssGHV_7o,ตำบล ในเมือง อำเภอเมืองบุรีรัมย์ บุรีรัมย์ 31000,places,high,,,,,
ตึก SST,1,,ตึก SST,13.7994275,100.649683,ChIJNYHpbEdiHTER0n95-s8xLUM,แขวงคลองกุ่ม เขตบึงกุ่ม กรุงเทพมหานคร 10240 ประเทศไทย,places,medium,,,,,
F & N UNITED,1,,F & N UNITED,13.6505041,100.44398129999999,ChIJDZcNWNKi4jARoI7FsiFr1eY,"95 Unnamed Road, แขวงแสมดำ เขตบางขุนเทียน กรุงเทพมหานคร 10150",places,low,,,,,
ไอ แอล เอส นนทบุรี,1,,ไอ แอล เอส นนทบุรี,13.8131164,100.4127716,ChIJPSqL96Gb4jARQ24HC8IHyCE,88/22 ถนน นครอินทร์ ตำบล บางคูเวียง อำเภอบางกรวย นนทบุรี 11130,places,low,,,,,
สามย่านมิตรทาวน์,1,สามย่าน มิตรทาวน์,,,,,,,,,,,,
P.M.Food,1,,P.M.Food,14.0640234,101.8241968,ChIJoWp3j5BjHDERvReY5Dg7wM8,"505 ม.9, เขตอุตสาหกรรมกบินทร์บุรี, ต.หนองกี่ อ.กบินทร์บุรี จ.ปราจีนบุรี , 25110 ตำบลหนองกี่ อำเภอกบินทร์บุรี ปราจีนบุรี 25110",places,high,,,,,
ซั้งให้,1,,ซั้งให้,13.6861865,100.79241139999999,ChIJG8w6fIBnHTERdn_M5lY2sAs,60 2 ตำบล ศีรษะจรเข้น้อย อำเภอบางเสาธง สมุทรปราการ 10570,places,medium,,,,,
TGMคลัง74,1,,TGMคลัง74,13.6760589,100.53527059999999,ChIJs6-M2uGh4jARJ0p-4csIw_o,1819/3 ซอย ปริยานนท์ แขวงบางโพงพาง เขตยานนาวา กรุงเทพมหานคร 10120,places,low,,,,,
ไอเบอรรี่,1,,ไอเบอรรี่,13.7135875,100.5764531,ChIJXfxxUnCf4jARKBplQu6IiUQ,PH7G+CHP ซอย ทางรถไฟสายปากน้ำ แขวงพระโขนง เขตคลองเตย กรุงเทพมหานคร 10110,places,high,,,D295,2,"same coords, same place_id"
โคโค่ไรซิ่ง ราชบุรี,1,,โคโค่ไรซิ่ง ราชบุรี,13.599119100000001,99.9674016,ChIJ31Y9cl3Z4jARc15NjoHS2JE,HXX8+JXR ตำบล ดอนกรวย อำเภอดำเนินสะดวก ราชบุรี 70130,places,high,,,,,
(CKนวนคร) ไทยโยโกเร วังน้อย,1,,CKนวนคร  ไทยโยโกเร วังน้อย,14.263730599999999,100.78289099999999,ChIJi_DB2-2PHTERHadw7I6uVqY,"1 Phaholyothin Frontage Road, ตำบล สนับทึบ อำเภอวังน้อย จังหวัดพระนครศรีอยุธยา 13170",places,high,,,D016,3,"same coords, same place_id"
ชลบุรี มหาชัย,1,,ชลบุรี มหาชัย,13.3751609,100.9933473,ChIJpQawhqU1HTERGR8Z_aCFW7E,245/1-4 ตำบล บ้านสวน อำเภอเมืองชลบุรี ชลบุรี 20000,places,high,,,D174,3,"same coords, same place_id"
AMA Logistics อ่อนนุช,1,,AMA Logistics อ่อนนุช,13.170492099999999,100.99983209999999,ChIJT_tKqsvJAjERiBpmEhX7SJA,5XCX+5WW สุรศักดิ์ อำเภอศรีราชา ชลบุรี 20110,places,high,,,,,
SV City Rama 3,1,,SV City Rama 3,13.6723042,100.5433815,ChIJneniT-6h4jARzeA5kdPbFZQ,914 เอสวีซิตี้ทาวเวอร์ ถ. พระรามที่ 3 บางโพงพาง เขตยานนาวา กรุงเทพมหานคร 10120,places,high,,,,,
MEGUMIGROUP บางแค,1,,MEGUMIGROUP บางแค,13.6902615,100.4053526,ChIJFVwLz3y94jAR5WcpGpb9XC8,27/8 005/1 ซอยกาญจนาภิเษก แขวงหลักสอง บางแค กรุงเทพมหานคร 10160,places,high,,,D193,2,"same coords, same place_id"
Mahachai มหาชัย รอบ20.00น.,1,,Mahachai มหาชัย รอบ20.00น.,13.545377199999999,100.27573079999999,ChIJ0TE-U1m44jARBYpQKBBGVcg,ตำบลมหาชัย อำเภอเมืองสมุทรสาคร สมุทรสาคร 74000,places,medium,,,D226,2,"same coords, same place_id"
ห้องเย็น ซันไชน์ ฟู๊ด ซัพพลาย,1,,ห้องเย็น ซันไชน์ ฟู๊ด ซัพพลาย,13.6297581,100.31754219999999,ChIJv5tg2Qe_4jAR1qlbsyGII4I,193 1 ตำบล แคราย อำเภอกระทุ่มแบน สมุทรสาคร 74110,places,medium,,,,,
23 ธันวา,1,,23 ธันวา,13.8231308,100.4508219,ChIJwe2gUnua4jAR_H_u_UhADLk,75/7 ม .2 ถ. ราชพฤกษ์ ตำบล บางขุนกอง อำเภอบางกรวย นนทบุรี 11130,places,medium,,,,,
ร้านนิปปอนเต โรงแรม Intercontinental,1,,ร้านนิปปอนเต โรงแรม Intercontinental,13.7451277,100.54121029999999,ChIJJdKjptqe4jARRHDMiSZgI1A,"〒10330 Bangkok, Pathum Wan, Bangkok, Phloen Chit Rd, อาคาร President Tower ชั้น B",places,high,,,,,
บ.เอ็นเอส ซีฟูดส์ จำกัด สมุทรสาคร ราคานี้ใชเเฉพาะเดือน 1/2026),1,,บ.เอ็นเอส ซีฟูดส์ จำกัด สมุทรสาคร ราคานี้ใชเเฉพาะเดือน 1/2026,13.5481304,100.35111599999999,ChIJNVJIH_TH4jARYRbGEHTFWgk,"12, 3 พันท้ายนรสิงห์ อำเภอเมืองสมุทรสาคร สมุทรสาคร 74000",places,high,,,D133,4,"same coords, same place_id"
"BKK/LKB (ค้างหาง 5 วัน +5,000)",1,,"ค้างหาง 5 วัน +5,000 BKK/LKB",13.7028277,100.3346278,ChIJ0RlbyfaV4jARoAotL9sumAg,ซอย 5 แขวงหนองค้างพลู กรุงเทพมหานคร 10160 ประเทศไทย,geocoding,low,,,,,
"LCB (plug CSM +3,000)",1,,"plug CSM +3,000 LCB",13.1040552,100.9158073,ChIJ7au5c9a-AjERFhr3O4zrNys,เทศบาลนครแหลมฉบัง อำเภอบางละมุง ชลบุรี ประเทศไทย,geocoding,low,,,,,
LCB (late gate - 500),1,,late gate - 500 LCB,13.074256,100.89798499999999,ChIJDYIS60C5AjER51bFydy879Y,"Unnamed Road, 3VFX+P55 ตำบลทุ่งสุขลา อำเภอศรีราชา ชลบุรี 20230",places,low,,,,,
